game_id,metric,value
florida_lotto,total_normalized_draws,4032
florida_lotto,analysis_eligible,4032
florida_lotto,rejected,0
florida_lotto,quarantined,0
florida_lotto,double_play_stream,623
florida_lotto,physical_order,1149
florida_lotto,sorted_order,2883
florida_lotto,with_machine_id,2393
mega_millions,total_normalized_draws,3064
mega_millions,analysis_eligible,3062
mega_millions,rejected,0
mega_millions,quarantined,0
mega_millions,double_play_stream,0
mega_millions,physical_order,2381
mega_millions,sorted_order,683
mega_millions,with_machine_id,0
powerball,total_normalized_draws,4660
powerball,analysis_eligible,4660
powerball,rejected,0
powerball,quarantined,0
powerball,double_play_stream,799
powerball,physical_order,2539
powerball,sorted_order,2121
powerball,with_machine_id,0
