exclusion_id,game_id,draw_date,draw_id,source_id,reason_code,evidence,decision_status,decision_id
EX-0001,mega_millions,1996-11-30,MM-D-1996-11-30,SRC-MD-MM-ARCHIVE,misdated_duplicate_set,"1996-11-30 (Sat) is not a Big Game draw day (Friday-only era); SRC-MD-MM-ARCHIVE is the sole source asserting a draw on that date and its main set is identical to the real 1996-11-29 (Fri) draw corroborated by SRC-NY-MM-ARCHIVE.",excluded,D-008
EX-0002,mega_millions,1997-01-23,MM-D-1997-01-23,SRC-MD-MM-ARCHIVE,misdated_year_shift,"1997-01-23 (Thu) is not a Big Game draw day; SRC-MD-MM-ARCHIVE sole source; its identical main set is reported by SRC-NY-MM-ARCHIVE under 1998-01-23 (Fri - a valid scheduled draw date) - MD record misdated by exactly one year.",excluded,D-008
EX-0003,mega_millions,2002-06-05,MM-D-2002-06-05,SRC-MD-MM-ARCHIVE,misdated_duplicate_set,"2002-06-05 (Wed) is not a Mega Millions draw day (Tue/Fri era); SRC-MD-MM-ARCHIVE sole source; its identical main set is the real 2002-06-07 (Fri) draw corroborated by SRC-NY-MM-DATA (Tier-2) and SRC-NY-MM-ARCHIVE.",excluded,D-008
EX-0004,mega_millions,2014-01-15,MM-D-2014-01-15,SRC-MD-MM-ARCHIVE,off_schedule_duplicate_set,"2014-01-15 (Wed) is not a Mega Millions draw day; SRC-MD-MM-ARCHIVE sole source; identical main set drawn 2014-01-14 (Tue) corroborated by SRC-FL-MM-HIST-PDF; SRC-MM-COM-API; SRC-NY-MM-DATA; SRC-TX-MM-CSV.",excluded,D-008
EX-0005,mega_millions,2014-07-02,MM-D-2014-07-02,SRC-MD-MM-ARCHIVE,off_schedule_duplicate_set,"2014-07-02 (Wed) is not a draw day; SRC-MD-MM-ARCHIVE sole source and also carries the real 2014-07-01 (Tue) draw with the same set - a duplicated source row; corroborated by SRC-FL-MM-HIST-PDF; SRC-MM-COM-API; SRC-NY-MM-DATA; SRC-TX-MM-CSV.",excluded,D-008
EX-0006,mega_millions,2014-12-13,MM-D-2014-12-13,SRC-MD-MM-ARCHIVE,off_schedule_duplicate_set,"2014-12-13 (Sat) is not a draw day; SRC-MD-MM-ARCHIVE sole source; identical main set drawn 2014-12-12 (Fri) corroborated by SRC-FL-MM-HIST-PDF; SRC-MM-COM-API; SRC-NY-MM-DATA; SRC-TX-MM-CSV.",excluded,D-008
EX-0007,mega_millions,2016-06-29,MM-D-2016-06-29,SRC-MD-MM-ARCHIVE,off_schedule_duplicate_set,"2016-06-29 (Wed) is not a draw day; SRC-MD-MM-ARCHIVE sole source; identical main set drawn 2016-06-28 (Tue) corroborated by SRC-FL-MM-HIST-PDF; SRC-MM-COM-API; SRC-NY-MM-DATA; SRC-TX-MM-CSV.",excluded,D-008
EX-0008,mega_millions,2016-08-17,MM-D-2016-08-17,SRC-MD-MM-ARCHIVE,unverified_off_schedule_record,"2016-08-17 (Wed) is not a draw day; SRC-MD-MM-ARCHIVE sole source; its main set appears in no other source on any date; five authoritative sources covering that week (SRC-FL-MM-HIST-PDF; SRC-MM-COM-API; SRC-NY-MM-DATA; SRC-TX-MM-CSV; SRC-NY-MM-ARCHIVE) omit the alleged draw.",excluded,D-008
EX-0009,mega_millions,2016-11-16,MM-D-2016-11-16,SRC-MD-MM-ARCHIVE,off_schedule_duplicate_set,"2016-11-16 (Wed) is not a draw day; SRC-MD-MM-ARCHIVE sole source; identical main set drawn 2016-11-15 (Tue) corroborated by SRC-FL-MM-HIST-PDF; SRC-MM-COM-API; SRC-NY-MM-DATA; SRC-TX-MM-CSV.",excluded,D-008
EX-0010,mega_millions,2018-01-06,MM-D-2018-01-06,SRC-MD-MM-ARCHIVE,off_schedule_duplicate_set,"2018-01-06 (Sat) is not a draw day; SRC-MD-MM-ARCHIVE sole source and also carries the real 2018-01-05 (Fri) draw with the same set; corroborated by SRC-FL-MM-HIST-PDF; SRC-MM-COM-API; SRC-NY-MM-DATA; SRC-TX-MM-CSV.",excluded,D-008
EX-0011,powerball,2014-04-06,PB-D-2014-04-06,SRC-MD-PB-ARCHIVE,off_schedule_duplicate_set,"2014-04-06 (Sun) is not a Powerball draw day (Wed/Sat era); SRC-MD-PB-ARCHIVE sole source; identical main set drawn 2014-04-05 (Sat) corroborated by SRC-WI-PB-CSV; SRC-MO-PB-XLSX; SRC-TX-PB-CSV; SRC-FL-PB-HIST-PDF; SRC-NY-PB-DATA.",excluded,D-008
EX-0012,powerball,2017-06-01,PB-D-2017-06-01,SRC-MD-PB-ARCHIVE,off_schedule_duplicate_set,"2017-06-01 (Thu) is not a Powerball draw day; SRC-MD-PB-ARCHIVE sole source; identical main set drawn 2017-05-31 (Wed) corroborated by SRC-WI-PB-CSV; SRC-MO-PB-XLSX; SRC-TX-PB-CSV; SRC-FL-PB-HIST-PDF; SRC-NY-PB-DATA.",excluded,D-008
