draw_source_id,game_id,publisher,source_id,url,authority_tier,available_start,available_end,format,pagination,query_parameters,has_draw_identifier,preserves_draw_order,has_jackpot,has_jackpot_winners,has_multiplier,has_machine_id,has_ball_set_id,has_drawing_location,known_limitations,recommended_ingestion_strategy,notes
DS-PB-NY,powerball,NY State Open Data / NY Lottery,SRC-NY-PB-DATA,https://data.ny.gov/resource/d6yy-54nr.json,2,2010-02-03,present,json/csv (Socrata),Socrata $limit/$offset,"$where,$order,$limit,$offset",false,false,false,false,true,false,false,false,Covers 2010-02-03 onward only (misses 1992-2010). winning_numbers is 'w1 w2 w3 w4 w5 pb' sorted ascending; draw_date is the identifier (no draw number).,Paginated Socrata GET; map date->regime via rules engine.,Official state-open-data publication of NY Lottery winning numbers.
DS-PB-FL,powerball,Florida Lottery,SRC-FL-PB-HIST-PDF,https://files.floridalottery.com/exptkt/powerball_winning-numbers-history.pdf,1,2009-01-07,present,pdf,single file,,false,false,false,false,true,false,false,false,Sorted winning numbers; includes POWERBALL DP (Double Play) rows separated by stream. Florida era only (2009-01-07+).,Parse PDF table; split POWERBALL vs POWERBALL DP into separate streams; reconcile vs NY/MO/TX.,Official operator archive.
DS-MM-NY,mega_millions,NY State Open Data / NY Lottery,SRC-NY-MM-DATA,https://data.ny.gov/resource/5xaw-6ayf.json,2,2002-05-17,present,json/csv (Socrata),Socrata $limit/$offset,"$where,$order,$limit,$offset",false,false,false,false,true,false,false,false,Starts at first Mega Millions draw (2002-05-17); does NOT cover The Big Game era (1996-2002). megaplier field present but sparse.,Paginated Socrata GET; map date->regime via rules engine.,Full Mega Millions-era coverage.
DS-MM-FL,mega_millions,Florida Lottery,SRC-FL-MM-HIST-PDF,https://files.floridalottery.com/exptkt/mega-millions_winning-numbers-history.pdf,1,2013-05-15,present,pdf,single file,,false,false,false,false,false,false,false,false,Sorted winning numbers; Florida era only (2013-05-17+); Megaplier shown as X<n>.,Parse PDF table; reconcile vs NY/TX.,Official operator archive.
DS-FL-LOTTO-HIST,florida_lotto,Florida Lottery,SRC-FL-LOTTO-HIST-PDF,https://files.floridalottery.com/exptkt/lotto_winning-numbers-history.pdf,1,1988-05-07,present,pdf,single file,,false,true,false,false,false,true,true,false,"Numbers reported in physical draw order through 2005-01-29, ascending-sorted from 2005-02-02 (documented reporting change). Machine/ball-set fields only from 2020-10-10. Includes LOTTO DP (Double Play) rows which must be filtered or modelled separately. Requires PDF table extraction.",Parse PDF table; normalize to canonical draw schema retaining draw_order flag; split LOTTO vs LOTTO DP rows.,The authoritative complete FL Lotto archive; primary evidence for the 6/49->6/53 boundary.
DS-FL-WINNUM,florida_lotto,Florida Lottery,SRC-FL-WINNING-NUMBERS,https://floridalottery.com/content/flalottery-web/us/en/games/winning-numbers/history.search-results.json,1,unknown,present,json,paged,,false,false,false,false,false,false,false,false,"Probed in Phase 1: the history.search-results.json selector is the AEM site-search component (returns []), not a draw-data endpoint. FL draw coverage comes from the official history PDFs.",Not usable for draw data; retained as registry/documentation artifact.,
DS-MM-BIGGAME-GAP,mega_millions,(gap - no official digital archive located),,,3,1996-09-06,2002-05-14,none,,,false,false,false,false,false,false,false,false,No official machine-readable archive of Big Game winning numbers located during Phase 0. Secondary aggregators exist but are Tier 3 only.,Phase 1: probe state lottery archives (MI/OH/GA) or request from consortium; otherwise Big Game eras remain unanalyzable at draw level.,"RESOLVED in Phase 1 corrective gate: Maryland Lottery official archive (SRC-MD-MM-ARCHIVE, Tier 1, founding Big Game member) covers 1996-09-06 onward."
DS-PB-EARLY-GAP,powerball,(gap - no official digital archive located),,,3,1992-04-22,2010-02-02,none,,,false,false,false,false,false,false,false,false,No official machine-readable archive of pre-2010 Powerball winning numbers located during Phase 0 (NY data starts 2010-02-03; FL archive starts Jan 2009).,Phase 1: probe MUSL/member-lottery archives; otherwise pre-2010 PB eras remain unanalyzable at draw level.,"RESOLVED in Phase 1 corrective gate: Wisconsin Lottery official CSV (SRC-WI-PB-CSV, Tier 1, MUSL member) covers 1992-04-22 onward with draw-order option; MO xlsx corroborates 1998+."
DS-PB-NY-ARCHIVE,powerball,nylottery.org (independent third-party archive),SRC-NY-PB-ARCHIVE,https://www.nylottery.org/powerball/past-winning-numbers/{year},3,1992-04-22,present,html,one page per calendar year,year in path,false,false,true,false,true,false,false,false,UNOFFICIAL: nylottery.org self-identifies as an independent service not affiliated with or endorsed by the NY State Gaming Commission or NY Lottery. Sorted order; DP sub-block since 2021-08-23.,Tier-3 reconciliation/cross-check only; never sole authority for an eligible draw.,RECLASSIFIED Tier-3 on 2026-09-30 corrective gate. Cannot support eligibility; artifacts preserved for audit.
DS-MM-NY-ARCHIVE,mega_millions,nylottery.org (independent third-party archive),SRC-NY-MM-ARCHIVE,https://www.nylottery.org/mega-millions/past-winning-numbers/{year},3,1996-09-06,present,html,one page per calendar year,year in path,false,false,true,false,true,false,false,false,UNOFFICIAL: nylottery.org self-identifies as an independent service not affiliated with or endorsed by the NY State Gaming Commission or NY Lottery. Sorted order; covers Big Game era.,Tier-3 reconciliation/cross-check only; never sole authority for an eligible draw.,RECLASSIFIED Tier-3 on 2026-09-30 corrective gate. Cannot support eligibility; artifacts preserved for audit.
DS-PB-MO,powerball,Missouri Lottery,SRC-MO-PB-XLSX,https://www.molottery.com/powerball/past-winning-numbers.do?order=desc,1,1998-01-03,present,xlsx,single file,,false,true,true,false,true,false,false,false,Rows where Numbers As Drawn == Numbers In Order cannot be distinguished from backfilled sorted order (marked unknown_order).,Parse xlsx; use Numbers As Drawn as physical order where it differs from sorted.,Only official source with explicit draw-order column.
DS-PB-TX,powerball,Texas Lottery,SRC-TX-PB-CSV,https://www.texaslottery.com/export/sites/lottery/Games/Powerball/Winning_Numbers/powerball.csv,1,2010-02-03,present,csv,single file,,false,true,false,false,true,false,false,false,Coverage begins with TX PB participation (2010-02-03).,Parse CSV; reconciliation vs NY/FL/MO.,Official operator CSV; draw-order listing.
DS-MM-TX,mega_millions,Texas Lottery,SRC-TX-MM-CSV,https://www.texaslottery.com/export/sites/lottery/Games/Mega_Millions/Winning_Numbers/megamillions.csv,1,2003-12-05,present,csv,single file,,false,true,false,false,true,false,false,false,Coverage begins with TX MM participation (2003-12-05); post-2025 multiplier is built-in (blank).,Parse CSV; reconciliation vs NY/FL.,Official operator CSV; draw-order listing.
DS-PB-WI,powerball,Wisconsin Lottery,SRC-WI-PB-CSV,https://wilottery.com/winners/draw-history?csv=1&game=powerball,1,1992-04-22,present,csv,single request,"csv=1,game,start,end,dir=drawn|numerical",false,true,true,false,true,false,false,false,dir=drawn exports physical draw order; dir=numerical exports sorted. Power Play multiplier since 2001.,Parse CSV; primary official source for full PB history.,Official state-lottery archive (WI is a MUSL member since PB inception); complete PB history from first draw.
DS-MM-MD,mega_millions,Maryland Lottery,SRC-MD-MM-ARCHIVE,https://www.mdlottery.com/wp-admin/admin-ajax.php (find_numbers shortcode),1,1996-09-06,present,html,single request,"game,start,end,method=ANY",false,false,false,false,true,false,false,false,Sorted order; Megaplier column (N/A pre-Megaplier era); covers The Big Game era (MD founding member).,Parse HTML table; primary official source for full MM/Big Game history.,Official state-lottery archive; closes Big Game gap with Tier-1 data.
DS-PB-MD,powerball,Maryland Lottery,SRC-MD-PB-ARCHIVE,https://www.mdlottery.com/wp-admin/admin-ajax.php (find_numbers shortcode),1,2010-01-30,present,html,single request,"game,start,end,method=ANY",false,false,false,false,true,false,false,false,Sorted order; MD PB coverage begins 2010-01-30 (MD joined PB Jan 2010); Power Play column.,Parse HTML table; supplementary corroboration for modern era.,Official state-lottery archive.
DS-MM-COM,mega_millions,Mega Millions (official operator site),SRC-MM-COM-API,https://www.megamillions.com/cmspages/utilservice.asmx/GetDrawingPagingData,1,2010-02-05,present,json,POST paged (pageSize<=200),"startDate,endDate,pageNumber,pageSize",false,false,false,false,true,false,false,false,Sorted order; Megaplier=-1 where none; coverage begins 2010-02-05 (first record).,Paged POST JSON; authoritative operator data for 2010+; resolves NY discrepancies.,Official game-operator service; used to resolve 2011-09-23 and 2022-05-10 conflicts.
DS-MM-CORR-2022,mega_millions,Mega Millions (official operator site),SRC-MM-2022-CORRECTION,"https://www.megamillions.com/News/2022/Statement-on-the-May-10,-2022,-Mega-Millions%C2%AE-Draw.aspx",1,2022-05-10,2022-05-10,html,single page,,false,false,false,false,false,false,false,false,"Point provenance only: official statement that the 2022-05-10 Mega Ball was 9 (audited), not the announced 6.",Not a draw feed; used as resolution evidence in metadata/draw_resolutions.csv.,Official operator correction statement; definitive authority for the 2022-05-10 announcer error.
DS-PB-COM-RESULT,powerball,Powerball / MUSL (powerball.com),SRC-PB-COM-DRAWRESULT,https://www.powerball.com/draw-result?gc=powerball&date=2010-09-15,1,1997-11-01,present,html,one page per draw date,,false,false,false,false,false,false,false,false,Operator draw-result pages expose winning numbers only from 1997-11-01; earlier pages render jackpot/winner data but no numbers.,Point verification of contested draws; bulk coverage uses SRC-WI-PB-CSV (which spans 1992+).,First-party MUSL draw-result page; fetched for 2010-09-15 to adjudicate WI-vs-MD conflict.
