regime_id,game_id,statistical_regime_id,change_classification,legal_effective_start,legal_effective_end,first_affected_draw,last_affected_draw,first_unambiguous_draw,main_ball_count,main_ball_min,main_ball_max,special_ball_count,special_ball_min,special_ball_max,sampling_without_replacement,drawing_days,scheduled_draw_time,timezone,ticket_price,jackpot_odds,overall_odds,drawing_location,drawing_method,material_change_reason,rule_identifier,source_id,verification_date,verification_status,notes
PB-R001,powerball,PB-S01,baseline,1992-04-19,,1992-04-22,1997-11-01,,5,1,45,1,1,45,true,wed;sat,22:59,America/New_York,1.00,54979155,,"MUSL studio, Des Moines, Iowa",mechanical ball machines (two drums),game launch (replaced Lotto*America),MUSL Powerball (launch),SRC-PB-WI-TIMELINE,2026-09-30,verified,"WI Lottery timeline: sales 04/19/92, first drawing Wed 04/22/92. Wed/Sat schedule per official history."
PB-R002,powerball,PB-S02,matrix,,,1997-11-05,2001-03-03,,5,1,49,1,1,42,true,wed;sat,22:59,America/New_York,1.00,80089128,,"MUSL studio, Des Moines, Iowa",mechanical ball machines (two drums),main pool 45->49; Powerball pool 45->42; jackpots start $10M,MUSL Powerball,SRC-PB-WI-TIMELINE,2026-09-30,verified,First draw under matrix Wed 11/05/97 per WI Lottery official timeline.
PB-R003,powerball,PB-S02,economic,,,2001-03-07,2002-10-05,,5,1,49,1,1,42,true,wed;sat,22:59,America/New_York,1.00,80089128,,"MUSL studio, Des Moines, Iowa",mechanical ball machines (two drums); Power Play drawn multiplier,Power Play multiplier add-on introduced (no matrix change),MUSL Powerball,SRC-PB-WI-TIMELINE,2026-09-30,verified,WI timeline: '03/07/01 The Power Play multiplier feature is added.' Same sampling matrix as PB-R002 -> same pool group PB-S02.
PB-R004,powerball,PB-S03,matrix,,,2002-10-09,2005-08-27,,5,1,53,1,1,42,true,wed;sat,22:59,America/New_York,1.00,120526770,,"MUSL studio, Des Moines, Iowa",mechanical ball machines (two drums); Power Play drawn multiplier,main pool 49->53,MUSL Powerball,SRC-PB-WI-TIMELINE,2026-09-30,verified,First draw under matrix Wed 10/09/02 per WI Lottery official timeline.
PB-R005,powerball,PB-S04,matrix,,,2005-08-31,2009-01-03,,5,1,55,1,1,42,true,wed;sat,22:59,America/New_York,1.00,146107962,,"MUSL studio, Des Moines, Iowa",mechanical ball machines (two drums); Power Play drawn multiplier,main pool 53->55; jackpots start $15M,MUSL Powerball,SRC-PB-WI-TIMELINE,2026-09-30,verified,First draw under matrix Wed 08/31/05 per WI Lottery official timeline.
PB-R006,powerball,PB-S05,matrix,,,2009-01-07,2011-12-31,,5,1,59,1,1,39,true,wed;sat,22:59,America/New_York,1.00,195249054,,"Universal Studios, Orlando, Florida",mechanical ball machines (two drums); Power Play multiplier via RNG,main pool 55->59; Powerball pool 42->39; Florida joins; drawings move Iowa->Orlando FL,53ER08-84 (FL); MUSL Powerball,SRC-PB-FL-53ER08-84,2026-09-30,verified,WI timeline: matrix change 01/07/09 + Power Play via RNG. FL emergency rule 53ER08-84 (eff. 2008-12-30) documents 5/59+1/39 at $1.
PB-R007,powerball,PB-S05,administrative,,,2012-01-04,2012-01-14,,5,1,59,1,1,39,true,wed;sat,22:59,America/New_York,1.00,195249054,,"Florida Lottery Draw Studio, Tallahassee, Florida",mechanical ball machines (two drums); Power Play multiplier via RNG,"drawing venue moved Orlando -> Florida Lottery Draw Studio, Tallahassee (equipment unchanged)",FL Lottery timeline,SRC-FL-OVERVIEW,2026-09-30,verified,Official FL doc: first PB drawing at FL Lottery HQ Tallahassee Wed 01/04/12. Same matrix/equipment -> same pool group PB-S05.
PB-R008,powerball,PB-S06,matrix,2012-01-15,,2012-01-18,2015-10-03,,5,1,59,1,1,35,true,wed;sat,22:59,America/New_York,2.00,175223510,,"Florida Lottery Draw Studio, Tallahassee, Florida",mechanical ball machines (two drums); Power Play multiplier via RNG,Powerball pool 39->35; price $1->$2; starting jackpot $40M,53ER12-6 (FL); MUSL Powerball,SRC-PB-FL-53ER12-6,2026-09-30,verified,"MUSL rules: 'effective for draws beginning January 18, 2012'. FL rule 53ER12-6 eff. 2012-01-15 documents 5/59+1/35 at $2."
PB-R009,powerball,PB-S07,matrix,2015-10-04,,2015-10-07,2021-08-21,,5,1,69,1,1,26,true,wed;sat,22:59,America/New_York,2.00,292201338,24.87,"Florida Lottery Draw Studio, Tallahassee, Florida",mechanical ball machines (two drums); Power Play multiplier via RNG,main pool 59->69; Powerball pool 35->26,MUSL Powerball (amended 2015-05-22 eff. 2015-10-07 draw); FL FAR rule eff. 2015-10-04,SRC-PB-MUSL-RULES,2026-09-30,verified,MUSL rules + FL FAR + WI timeline all confirm first draw Wed 10/07/15. Corroborated by data.ny.gov (10/03 last 5/59 draw; 10/10 row shows white 68).
PB-R010,powerball,PB-S07,schedule,,,2021-08-23,,,5,1,69,1,1,26,true,mon;wed;sat,22:59,America/New_York,2.00,292201338,24.87,"Florida Lottery Draw Studio, Tallahassee, Florida",mechanical ball machines (two drums); Power Play multiplier via RNG,Monday drawing added (3x/week); Double Play optional add-on second drawing introduced,MUSL Powerball (amended 2020-10-13 eff. 2021-08-23 draw); FL 53ER25-13,SRC-PB-MONDAY-PR,2026-09-30,verified,"Official PR + MUSL amendment: first Monday drawing 08/23/21; 'same odds and base ticket price' -> same pool group PB-S07. Double Play is a separate second-draw stream, not part of PB winning numbers."
MM-R001,mega_millions,MM-S01,baseline,1996-08-31,,1996-09-06,1998-01-30,,5,1,50,1,1,25,true,fri,23:00,America/New_York,1.00,52969000,,"WSB-TV studio, Atlanta, Georgia",mechanical ball machines (two drums),game launch as 'The Big Game' (six states),Big Game (launch),SRC-MM-ABOUT,2026-09-30,verified,"MM consortium About page: sales 08/31/96, first drawing Fri 09/06/96. Initially weekly Friday-only. C(50,5)*25 = 52,969,000 consistent with published ~1:53M."
MM-R002,mega_millions,MM-S01,schedule,1998-02-01,,1998-02-03,1999-01-12,,5,1,50,1,1,25,true,tue;fri,23:00,America/New_York,1.00,52969000,,"WSB-TV studio, Atlanta, Georgia",mechanical ball machines (two drums),Tuesday drawing added (2x/week); matrix unchanged,Big Game,SRC-MM-MI-PR1999,2026-09-30,partially_verified,MI Lottery Jan-1999 PR confirms draws 'every Tuesday and Friday'; secondary sources date the Tuesday addition to Feb 1998. Exact first Tuesday draw unconfirmed from a primary source; 1998-02-03 is a candidate. Schedule-only -> pool MM-S01 regardless of exact date. Span end set to 1999-01-12 = last draw under the old matrix.
MM-R003,mega_millions,MM-S02,matrix,1999-01-13,,1999-01-15,2002-05-14,,5,1,50,1,1,36,true,tue;fri,23:00,America/New_York,1.00,76275360,,"WSB-TV studio, Atlanta, Georgia",mechanical ball machines (two drums),Big Money Ball pool 25->36,Big Game,SRC-MM-MI-PR1999,2026-09-30,verified,"MI Lottery official PR (posted 1999-01-12) states: 'Starting with wagers placed for the January 15, 1999 Big Game drawing...' and announces the matrix change to 5/50+1/36 in the same release. The 1999-01-13 date cited by secondary sources is the sales start (Wednesday; not a draw day). Odds ~1:76M match C(50,5)*36=76,275,360. Last old-matrix draw: Tue 1999-01-12."
MM-R004,mega_millions,MM-S03,matrix,2002-05-15,,2002-05-17,2005-06-21,,5,1,52,1,1,52,true,tue;fri,23:00,America/New_York,1.00,135145920,,"WSB-TV studio, Atlanta, Georgia",mechanical ball machines (two drums),renamed Mega Millions; matrix 5/50+1/36 -> 5/52+1/52; NY and OH join,Mega Millions (relaunch),SRC-MM-ABOUT,2026-09-30,verified,"MM consortium: sales 05/15/02, first drawing 05/17/02. Corroborated by data.ny.gov MM dataset first row 2002-05-17. Last Big Game draw Tue 05/14/02."
MM-R005,mega_millions,MM-S04,matrix,2005-06-22,,2005-06-24,2013-10-18,,5,1,56,1,1,46,true,tue;fri,23:00,America/New_York,1.00,175711536,,"WSB-TV studio, Atlanta, Georgia",mechanical ball machines (two drums),main pool 52->56; Mega Ball pool 52->46; California joins,Mega Millions,SRC-MM-TX-PROP,2026-09-30,verified,TX Lottery official history: changes effective 06/22/05 (sales); first draw under new matrix Fri 06/24/05. FL joined MM 2013-05-15 under this matrix (FL rule 53ER13-32 documents 5/56+1/46).
MM-R006,mega_millions,MM-S05,matrix,2013-10-19,,2013-10-22,2017-10-27,,5,1,75,1,1,15,true,tue;fri,23:00,America/New_York,1.00,258890850,,"WSB-TV studio, Atlanta, Georgia",mechanical ball machines (two drums); Megaplier drawn multiplier,main pool 56->75; Mega Ball pool 46->15,MUSL M2G2 (amended 2013-06-25 eff. 2013-10-22 draw),SRC-MM-MUSL-M2G2,2026-09-30,verified,"M2G2 rules: 'effective with the drawing on October 22, 2013'. MM About: relaunch 10/19/13 (sales)."
MM-R007,mega_millions,MM-S06,matrix,2017-10-28,,2017-10-31,2025-04-04,,5,1,70,1,1,25,true,tue;fri,23:00,America/New_York,2.00,302575350,,"WSB-TV studio, Atlanta, Georgia",mechanical ball machines (two drums); Megaplier drawn multiplier,main pool 75->70; Mega Ball pool 15->25; price $1->$2; Just the Jackpot option,MUSL M2G2 (amended 2017-06-15 eff. 2017-10-31 draw); FL 53ER17-70,SRC-MM-MUSL-M2G2,2026-09-30,verified,"M2G2 rules + FL rule 53ER17-70 (eff. 2017-10-28). Corroborated by data.ny.gov: 10/27 MB=13 (1/15 era), 10/31 onward under new matrix."
MM-R008,mega_millions,MM-S07,matrix,2025-04-05,,2025-04-08,,,5,1,70,1,1,24,true,tue;fri,23:00,America/New_York,5.00,290472336,23.0,"WSB-TV studio, Atlanta, Georgia",mechanical ball machines (two drums); per-play Multiplier via gaming system RNG (2X-10X),Mega Ball pool 25->24; price $2->$5; built-in random Multiplier replaces optional Megaplier,MUSL M2G2 (amended 2025-01-09 eff. 2025-04-08 draw); FL 53ER25-12,SRC-MM-2025-PR,2026-09-30,verified,"Consortium PR + M2G2 rules + TX/NJ filings: last old-matrix draw 04/04/25, first new-matrix draw 04/08/25. Corroborated by data.ny.gov (04/04 MB=25; 04/08 MB=17)."
FL-R001,florida_lotto,FL-S01,baseline,1988-04-29,,1988-05-07,1999-10-23,,6,1,49,0,,,true,sat,23:15,America/New_York,1.00,13983816,,"Florida Lottery, Tallahassee, Florida",mechanical ball machine,game launch,FL Lotto (launch),SRC-FL-FACTSHEET,2026-09-30,verified,"Fact sheet: tickets on sale 04/29/88, first draw Sat 05/07/88. Official draw archive shows ball 49 drawn 05/07/88 and throughout era -> matrix was 6/49 (fact sheet's '46 to 53' wording is a documented error; official draw record controls)."
FL-R002,florida_lotto,FL-S02,matrix,1999-10-22,,1999-10-27,2009-10-10,,6,1,53,0,,,true,wed;sat,23:15,America/New_York,1.00,22957480,,"Florida Lottery, Tallahassee, Florida",mechanical ball machine,matrix 6/49 -> 6/53; Wednesday drawings added,53ER99-36,SRC-FL-53ER99-36,2026-09-30,verified,53ER99-36 effective Fri 10/22/99; sales began Sun 10/24/99; first draw under 6/53 Wed 10/27/99 (official archive: ball 53 drawn). Last 6/49 draw Sat 10/23/99.
FL-R003,florida_lotto,FL-S02,economic,2009-10-10,,2009-10-14,2020-10-07,,6,1,53,0,,,true,wed;sat,23:15,America/New_York,1.00,22957480,,"Florida Lottery, Tallahassee, Florida",mechanical ball machine,XTRA $1 add-on replaces LOTTO PLUS (economic; matrix unchanged),53ER09-54,SRC-FL-53ER09-54,2026-09-30,verified,53ER09-54 eff. Sat 10/10/09; XTRA sales began Sun 10/11/09 per fact sheet; first draw with XTRA on sale Wed 10/14/09. LOTTO PLUS began 2008-03-02 (see rule_change_log).
FL-R004,florida_lotto,FL-S02,economic,2020-10-08,,2020-10-10,,,6,1,53,0,,,true,wed;sat,23:15,America/New_York,2.00,22957480,7.61,"Florida Lottery Draw Studio, Tallahassee, Florida",mechanical ball machine; machine id + ball set published since 2020-10-10,$1->$2 price; built-in terminal-RNG Multiplier replaces XTRA; Double Play $1 add-on creates a second 6/53 drawing after each main draw,"53ER20-76 (superseded by 53ER23-15, 53ER24-37, 53ER25-14, 53ER26-9)",SRC-FL-LOTTO-RULES,2026-09-30,verified,53ER20-76 eff. Thu 10/08/20; first draws under new structure Sat 10/10/20 (archive: first machine/ball-set metadata and first LOTTO DP row). Main-draw sampling unchanged -> pool FL-S02. Double Play draws are a separate stream (same 6/53 matrix) and must not be conflated with main draws.
