statistical_regime_id,game_id,eligible_main_draw_count,exploration_count,holdout_count,exploration_removed_count,exploration_end_date,holdout_start_date,exploration_segments,exploration_segment_lengths,order_eligible_exploration_count,order_eligible_segment_lengths
FL-S01,florida_lotto,599,479,120,0,1997-07-05,1997-07-12,1,479,477,279;1;197
FL-S02,florida_lotto,2810,2248,562,0,2021-05-08,2021-05-12,1,2248,546,160;315;65;4;2
MM-S01,mega_millions,169,134,35,2,1998-09-11,1998-09-15,6,12;7;52;1;35;27,0,
MM-S02,mega_millions,342,273,69,0,2001-09-07,2001-09-11,5,122;78;10;39;24,0,
MM-S03,mega_millions,319,255,64,1,2004-11-02,2004-11-05,5,6;81;129;8;31,94,55;8;31
MM-S04,mega_millions,869,695,174,0,2012-02-17,2012-02-21,1,695,688,104;17;402;13;111;41
MM-S05,mega_millions,420,334,86,6,2016-12-30,2017-01-03,7,25;48;47;161;14;26;13,328,25;18;29;47;57;58;44;6;7;26;4;7
MM-S06,mega_millions,776,620,156,1,2023-10-06,2023-10-10,2,20;600,613,7;12;101;5;3;14;31;426;14
MM-S07,mega_millions,155,124,31,0,2026-06-12,2026-06-16,1,124,122,21;60;41
PB-S01,powerball,578,462,116,0,1996-09-21,1996-09-25,1,462,0,
PB-S02,powerball,514,411,103,0,2001-10-10,2001-10-13,1,411,0,
PB-S03,powerball,302,241,61,0,2005-01-26,2005-01-29,1,241,99,99
PB-S04,powerball,350,280,70,0,2008-05-03,2008-05-07,1,280,277,8;75;140;54
PB-S05,powerball,316,252,64,0,2011-06-04,2011-06-08,1,252,249,176;14;34;25
PB-S06,powerball,388,310,78,1,2015-01-03,2015-01-07,2,232;78,308,18;70;142;78
PB-S07,powerball,1413,1130,283,1,2024-12-07,2024-12-09,2,173;957,1123,173;138;130;175;139;52;18;150;148
