game_id,statistical_regime_id,main_ball_count,main_ball_min,main_ball_max,special_ball_count,special_ball_min,special_ball_max,eligible_main_draw_count,first_eligible_date,last_eligible_date,num_contiguous_segments,contiguous_sequence_segment_lengths,num_order_eligible_segments,order_eligible_segment_lengths,dataset_sha256
florida_lotto,FL-S01,6,1,49,0,,,599,1988-05-07,1999-10-23,1,599,3,279;1;317,200174427b4abcc6bcc0aa3761174db237ae52e266e88cfc88bae39f27c138ff
florida_lotto,FL-S02,6,1,53,0,,,2810,1999-10-27,2026-09-26,1,2810,5,160;315;65;4;2,200174427b4abcc6bcc0aa3761174db237ae52e266e88cfc88bae39f27c138ff
mega_millions,MM-S01,5,1,50,1,1,25,169,1996-09-06,1999-01-12,6,12;7;52;1;35;62,0,,200174427b4abcc6bcc0aa3761174db237ae52e266e88cfc88bae39f27c138ff
mega_millions,MM-S02,5,1,50,1,1,36,342,1999-01-15,2002-05-14,7,122;78;10;39;31;45;17,0,,200174427b4abcc6bcc0aa3761174db237ae52e266e88cfc88bae39f27c138ff
mega_millions,MM-S03,5,1,52,1,1,52,319,2002-05-17,2005-06-21,7,6;81;129;8;40;40;15,5,55;8;40;40;15,200174427b4abcc6bcc0aa3761174db237ae52e266e88cfc88bae39f27c138ff
mega_millions,MM-S04,5,1,56,1,1,46,869,2005-06-24,2013-10-18,1,869,8,104;17;402;13;111;41;140;33,200174427b4abcc6bcc0aa3761174db237ae52e266e88cfc88bae39f27c138ff
mega_millions,MM-S05,5,1,75,1,1,15,420,2013-10-22,2017-10-27,7,25;48;47;161;14;26;99,14,25;18;29;47;57;58;44;6;7;26;4;18;50;23,200174427b4abcc6bcc0aa3761174db237ae52e266e88cfc88bae39f27c138ff
mega_millions,MM-S06,5,1,70,1,1,25,776,2017-10-31,2025-04-04,2,20;756,13,7;12;101;5;3;14;31;426;43;51;51;16;5,200174427b4abcc6bcc0aa3761174db237ae52e266e88cfc88bae39f27c138ff
mega_millions,MM-S07,5,1,70,1,1,24,155,2025-04-08,2026-09-29,1,155,3,21;60;72,200174427b4abcc6bcc0aa3761174db237ae52e266e88cfc88bae39f27c138ff
powerball,PB-S01,5,1,45,1,1,45,578,1992-04-22,1997-11-01,1,578,0,,200174427b4abcc6bcc0aa3761174db237ae52e266e88cfc88bae39f27c138ff
powerball,PB-S02,5,1,49,1,1,42,514,1997-11-05,2002-10-05,1,514,0,,200174427b4abcc6bcc0aa3761174db237ae52e266e88cfc88bae39f27c138ff
powerball,PB-S03,5,1,53,1,1,42,302,2002-10-09,2005-08-27,1,302,2,122;37,200174427b4abcc6bcc0aa3761174db237ae52e266e88cfc88bae39f27c138ff
powerball,PB-S04,5,1,55,1,1,42,350,2005-08-31,2009-01-03,1,350,4,8;75;140;124,200174427b4abcc6bcc0aa3761174db237ae52e266e88cfc88bae39f27c138ff
powerball,PB-S05,5,1,59,1,1,39,316,2009-01-07,2012-01-14,1,316,4,176;14;34;89,200174427b4abcc6bcc0aa3761174db237ae52e266e88cfc88bae39f27c138ff
powerball,PB-S06,5,1,59,1,1,35,388,2012-01-18,2015-10-03,2,232;156,4,18;70;142;156,200174427b4abcc6bcc0aa3761174db237ae52e266e88cfc88bae39f27c138ff
powerball,PB-S07,5,1,69,1,1,26,1413,2015-10-07,2026-09-28,2,173;1240,9,173;138;130;175;139;52;18;150;431,200174427b4abcc6bcc0aa3761174db237ae52e266e88cfc88bae39f27c138ff
