change_id,game_id,legal_effective_date,first_affected_draw,last_prior_draw,classification,statistically_material,before_matrix,after_matrix,resulting_regime_id,source_ids,verification_status,notes
RC-PB-001,powerball,1992-04-19,1992-04-22,,baseline,true,,5/45+1/45,PB-R001,SRC-PB-WI-TIMELINE,verified,Powerball launches (sales 04/19; first draw Wed 04/22/92).
RC-PB-002,powerball,,1997-11-05,1997-11-01,matrix,true,5/45+1/45,5/49+1/42,PB-R002,SRC-PB-WI-TIMELINE,verified,First draw under new matrix Wed 11/05/97.
RC-PB-003,powerball,,2001-03-07,2001-03-03,economic,false,5/49+1/42,5/49+1/42,PB-R003,SRC-PB-WI-TIMELINE,verified,Power Play multiplier add-on added 03/07/01; no matrix change; pool group unchanged (PB-S02).
RC-PB-004,powerball,,2002-10-09,2002-10-05,matrix,true,5/49+1/42,5/53+1/42,PB-R004,SRC-PB-WI-TIMELINE,verified,First draw under new matrix Wed 10/09/02.
RC-PB-005,powerball,,2005-08-31,2005-08-27,matrix,true,5/53+1/42,5/55+1/42,PB-R005,SRC-PB-WI-TIMELINE,verified,First draw under new matrix Wed 08/31/05.
RC-PB-006,powerball,2008-12-30,2009-01-07,2009-01-03,matrix,true,5/55+1/42,5/59+1/39,PB-R006,SRC-PB-FL-53ER08-84;SRC-PB-WI-TIMELINE,verified,Florida joins Powerball; matrix change effective with Wed 01/07/09 draw; drawings move from Iowa to Universal Studios Orlando; Power Play becomes RNG-drawn.
RC-PB-007,powerball,,2012-01-04,2011-12-31,administrative,false,5/59+1/39,5/59+1/39,PB-R007,SRC-FL-OVERVIEW,verified,Drawing venue moves Orlando -> Florida Lottery Draw Studio Tallahassee; equipment/matrix unchanged.
RC-PB-008,powerball,2012-01-15,2012-01-18,2012-01-14,matrix,true,5/59+1/39,5/59+1/35,PB-R008,SRC-PB-FL-53ER12-6;SRC-PB-MUSL-RULES,verified,Powerball pool 39->35 and price $1->$2 effective 01/18/12 draw; starting jackpot $40M.
RC-PB-009,powerball,2015-10-04,2015-10-07,2015-10-03,matrix,true,5/59+1/35,5/69+1/26,PB-R009,SRC-PB-MUSL-RULES;SRC-PB-VT-2015RULES;SRC-PB-FL-FAR-2015,verified,MUSL amendment effective 10/07/15 draw; FL emergency rule eff. 10/04/15.
RC-PB-010,powerball,,2020-04-22,2020-04-18,economic,false,5/69+1/26,5/69+1/26,PB-R009,SRC-PB-MUSL-RULES,verified,COVID-19 adjustments: guaranteed starting jackpot/minimum roll removed (MUSL amendment effective with 04/22/20 drawing); no matrix change -> still PB-R009.
RC-PB-011,powerball,,2021-08-23,2021-08-21,schedule,false,5/69+1/26,5/69+1/26,PB-R010,SRC-PB-MONDAY-PR;SRC-PB-MUSL-RULES,verified,Monday drawing added; Double Play add-on second drawing introduced; 'same odds and base ticket price'.
RC-PB-012,powerball,2025-04-05,,,administrative,false,5/69+1/26,5/69+1/26,PB-R010,SRC-PB-FL-53ER25-13,verified,Florida refiles its Powerball rule (53ER25-13); national game unchanged.
RC-MM-001,mega_millions,1996-08-31,1996-09-06,,baseline,true,,5/50+1/25,MM-R001,SRC-MM-ABOUT,verified,"The Big Game launches in six states; sales 08/31/96, first drawing Fri 09/06/96, Friday-only."
RC-MM-002,mega_millions,1998-02-01,1998-02-03,1998-01-30,schedule,false,5/50+1/25,5/50+1/25,MM-R002,SRC-MM-MI-PR1999,partially_verified,Tuesday drawing added (~Feb 1998). Exact first Tuesday draw not confirmed by primary source; schedule-only change.
RC-MM-003,mega_millions,1999-01-12,1999-01-12,1999-01-08,matrix,true,5/50+1/25,5/50+1/36,MM-R003,SRC-MM-MI-PR1999,partially_verified,MI Lottery PR 01/12/99 announces Big Money Ball pool 25->36. Exact first affected draw unresolved (01-12 vs 01-15).
RC-MM-004,mega_millions,2002-05-15,2002-05-17,2002-05-14,matrix,true,5/50+1/36,5/52+1/52,MM-R004,SRC-MM-ABOUT;SRC-NY-MM-DATA,verified,"Big Game renamed Mega Millions with new matrix; NY & OH join; sales 05/15/02, first draw 05/17/02 (NY data first row)."
RC-MM-005,mega_millions,2005-06-22,2005-06-24,2005-06-21,matrix,true,5/52+1/52,5/56+1/46,MM-R005,SRC-MM-TX-PROP,verified,TX Lottery official history: effective 06/22/05 (sales); first draw under new matrix Fri 06/24/05.
RC-MM-006,mega_millions,2013-05-15,,,administrative,false,5/56+1/46,5/56+1/46,MM-R005,SRC-MM-FL-53ER13-32;SRC-FL-OVERVIEW,verified,Florida begins selling Mega Millions 05/15/13; no game-level change.
RC-MM-007,mega_millions,2013-10-19,2013-10-22,2013-10-18,matrix,true,5/56+1/46,5/75+1/15,MM-R006,SRC-MM-MUSL-M2G2;SRC-MM-ABOUT,verified,Relaunch: first draw under 5/75+1/15 Tue 10/22/13.
RC-MM-008,mega_millions,2017-10-28,2017-10-31,2017-10-27,matrix,true,5/75+1/15,5/70+1/25,MM-R007,SRC-MM-MUSL-M2G2;SRC-MM-FL-53ER17-70,verified,Matrix change + price $1->$2 + Just the Jackpot; first draw 10/31/17.
RC-MM-009,mega_millions,,2020-04-21,2020-04-17,economic,false,5/70+1/25,5/70+1/25,MM-R007,SRC-MM-MUSL-M2G2,verified,COVID-19 adjustments: starting jackpot/minimum roll changes (M2G2 amendment effective 04/21/20); no matrix change.
RC-MM-010,mega_millions,2025-04-05,2025-04-08,2025-04-04,matrix,true,5/70+1/25,5/70+1/24,MM-R008,SRC-MM-2025-PR;SRC-MM-MUSL-M2G2;SRC-MM-FL-53ER25-12,verified,Final old-game draw Fri 04/04/25; new game first draw Tue 04/08/25; $5 ticket; built-in Multiplier 2X-10X.
RC-FL-001,florida_lotto,1988-04-29,1988-05-07,,baseline,true,,6/49,FL-R001,SRC-FL-FACTSHEET;SRC-FL-LOTTO-HIST-PDF,verified,"Florida Lotto launches; sales 04/29/88, first draw Sat 05/07/88. Archive proves 6/49 matrix (ball 49 drawn in first draw)."
RC-FL-002,florida_lotto,1999-10-22,1999-10-27,1999-10-23,matrix,true,6/49,6/53,FL-R002,SRC-FL-53ER99-36;SRC-FL-LOTTO-HIST-PDF,verified,53ER99-36 eff. 10/22/99; sales resume 10/24/99 (Sunday; no draw); first 6/53 draw Wed 10/27/99; Wednesday draws added.
RC-FL-003,florida_lotto,2008-03-02,2008-03-05,2008-03-01,economic,false,6/53,6/53,FL-R002,SRC-FL-FACTSHEET,verified,"LOTTO PLUS $2/$3 add-on introduced (fact sheet: 03/02/08); matrix unchanged; regime row not split (add-on only, superseded by XTRA)."
RC-FL-004,florida_lotto,2009-10-10,2009-10-14,2009-10-10,economic,false,6/53,6/53,FL-R003,SRC-FL-53ER09-54;SRC-FL-FACTSHEET,verified,XTRA $1 add-on replaces LOTTO PLUS; sales began Sun 10/11/09; first draw with XTRA Wed 10/14/09.
RC-FL-005,florida_lotto,2018-01-01,,,economic,false,6/53,6/53,FL-R003,SRC-FL-FACTSHEET,verified,EZmatch instant add-on launched 01/01/18 per fact sheet; no draw-process change.
RC-FL-006,florida_lotto,,2020-04-11,2020-04-08,economic,false,6/53,6/53,FL-R003,SRC-FL-FACTSHEET,verified,COVID-19: starting jackpot reduced to $1M effective 04/11/20 draw per fact sheet; no matrix change.
RC-FL-007,florida_lotto,2020-10-08,2020-10-10,2020-10-07,economic,false,6/53,6/53,FL-R004,SRC-FL-53ER20-76;SRC-FL-LOTTO-RULES;SRC-FL-LOTTO-HIST-PDF,verified,$2 base play incl. terminal-RNG Multiplier (replaces XTRA); Double Play add-on creates second 6/53 drawing; archive begins publishing machine id + ball set.
RC-FL-008,florida_lotto,2005-02-02,,,administrative,false,6/53,6/53,FL-R002,SRC-FL-LOTTO-HIST-PDF,verified,"Reporting convention change: official archive reports physical draw order through 2005-01-29, ascending-sorted numbers from 2005-02-02. Data-normalization issue, not a rule change."
RC-FL-009,florida_lotto,2023-03-20,,,administrative,false,6/53,6/53,FL-R004,SRC-FL-53ER26-9,verified,"Rule refilings 53ER23-15 (03/2023), 53ER24-37 (09/2024), 53ER25-14, and current 53ER26-9 (eff. 2026-01-30) maintain 6/53/$2 structure."
