source_id,game,publisher,source_type,url,authority_tier,retrieved_at,content_sha256,local_raw_path,notes
SRC-PB-MUSL-RULES,powerball,Multi-State Lottery Association (via Wisconsin Lottery),official_rules,https://wilottery.com/sites/default/files/2022-06/wi-lottery-lotto-game-powerball-group-rules.pdf,1,2026-09-30T02:05:53.585424+00:00,1d2635fb080772b60cc49f030faa8d678f49d858844bd33d4a0126c23f68f8fb,data/raw/SRC-PB-MUSL-RULES/20260930T020553Z_1d2635fb0807.pdf,MUSL Powerball Group Rules amended June 16 2022; embedded amendment history gives effective draw dates for matrix changes (2012-01-18; 2015-10-07) and Monday addition (2021-08-23)
SRC-PB-VT-2015RULES,powerball,Vermont Lottery (hosting MUSL Powerball rules),official_rules,https://vtlottery.com/sites/default/files/pdf/RulesPB-proposed.pdf,1,2026-09-30T02:05:54.361147+00:00,b8bdbcaef0ff1d20c55c603ec0270bb6d5c0e3676c1e8297edaf27003681538d,data/raw/SRC-PB-VT-2015RULES/20260930T020554Z_b8bdbcaef0ff.pdf,Powerball rules effective with 2015-10-07 drawing; documents 5/69 + 1/26 matrix and $2 play
SRC-PB-MONDAY-PR,powerball,Powerball / MUSL,official_press_release,https://www.powerball.com/powerball-debuts-new-monday-drawing-double-play-feature-next-week,1,2026-09-30T02:05:54.766369+00:00,3b7d272c438b72f0cbc753a5ea8c65be780d5a6ceb3fcb831b1c9418e918ff66,data/raw/SRC-PB-MONDAY-PR/20260930T020554Z_3b7d272c438b.html,Official PR: first Monday drawing 2021-08-23; Double Play add-on; odds unchanged; drawings at FL Lottery studio Tallahassee 10:59 ET
SRC-PB-HOME,powerball,Powerball (powerball.com),official_archive,https://www.powerball.com/,1,2026-09-30T02:05:55.066198+00:00,5964b0653a226c1567b223832dde390b95915f53cd695905d3371e3afff3ede7,data/raw/SRC-PB-HOME/20260930T020555Z_5964b0653a22.html,Operator homepage: current matrix/odds/schedule claims
SRC-PB-WI-TIMELINE,powerball,Wisconsin Lottery,official_archive,https://wilottery.com/about/about-lottery,1,2026-09-30T02:05:55.575186+00:00,b29bbcdd76dd5d12ea18f95001876860423ede2d9a5cd6cd71535f1c4536f90a,data/raw/SRC-PB-WI-TIMELINE/20260930T020555Z_b29bbcdd76dd.html,Official member-lottery timeline listing Powerball matrix change dates: 04/19/92 launch 5/45+1/45; 11/05/97 5/49+1/42; 10/09/02 5/53+1/42; 08/31/05 5/55+1/42; 01/07/09 5/59+1/39; 01/18/12 $2 era; 10/07/15 5/69+1/26; 08/23/21 Monday draws; 03/07/01 Power Play
SRC-PB-FL-53ER08-84,powerball,Florida Dept. of State / Florida Administrative Code (elaws.us mirror),government_register,https://flrules.elaws.us/fac/53er08-84,1,2026-09-30T02:05:56.948551+00:00,0a4c52b8ba0e7f96e9f1f1711c3f9b018564939bf89c21caf4f9b1d0a01e68c5,data/raw/SRC-PB-FL-53ER08-84/20260930T020556Z_0a4c52b8ba0e.html,FL PB rule effective 2008-12-30 for Jan 2009 FL launch; documents 5/59+1/39 at $1; Wed/Sat ~10:59 ET
SRC-PB-FL-53ER12-6,powerball,Florida Dept. of State / Florida Administrative Code (elaws.us mirror),government_register,https://flrules.elaws.us/fac/53er12-6,1,2026-09-30T02:05:57.831238+00:00,dbd2f41198dc184abe6a16705eb6f7812e1e65916a2a9d7967e1a1c80bde3f8f,data/raw/SRC-PB-FL-53ER12-6/20260930T020557Z_dbd2f41198dc.html,FL PB rule effective 2012-01-15; documents 5/59+1/35 at $2
SRC-PB-FL-FAR-2015,powerball,Florida Administrative Register (elaws.us mirror),government_register,https://flrules.elaws.us/far/10/5/2015/16565580,1,2026-09-30T02:05:58.214536+00:00,139382cb3f7ab9d162b9ec9aa893a563d18a7ac87e28ae1a5fbb4849da167a02,data/raw/SRC-PB-FL-FAR-2015/20260930T020558Z_139382cb3f7a.html,FL PB emergency rule effective 2015-10-04 replacing 53ER14-5 and 53ER15-57; documents 5/69+1/26
SRC-PB-FL-53ER25-13,powerball,Florida Dept. of State / Florida Administrative Code (elaws.us mirror),government_register,https://flrules.elaws.us/fac/53er25-13,1,2026-09-30T02:06:03.824300+00:00,a189572e3b563c093164328317d5544c023c53bdaf0ea61d648fbb78717e4baf,data/raw/SRC-PB-FL-53ER25-13/20260930T020603Z_a189572e3b56.html,Current FL PB rule effective 2025-04-05; confirms 5/69+1/26
SRC-MM-MUSL-M2G2,mega_millions,Multi-State Lottery Association (via Kentucky Lottery),official_rules,https://www.kylottery.com/export/kylmod/galleries/documents/KYLottery_terms/Mega-Millions-Amended-Rules-eff.-4.5.25-WEB.pdf,1,2026-09-30T02:06:04.253732+00:00,c1912e6b6aab5e646156f5d328ccaa1efe7a95bfdd428a829aaa18fa208333cc,data/raw/SRC-MM-MUSL-M2G2/20260930T020604Z_c1912e6b6aab.pdf,MUSL M2G2 Product Group Rules amended Jan 9 2025; amendment history gives effective draw dates 2013-10-22; 2017-10-31; 2025-04-08; documents 5/70+1/24 at $5
SRC-MM-NJ-RULES,mega_millions,New Jersey Lottery,official_rules,https://njs-cdn.lotteryservices.com/content/dam/portal/pdfs/drawgames/megamillions/Mega_Millions_Rules_effective_4.5.2025.pdf,1,2026-09-30T02:06:05.022733+00:00,006cb53943ebca10ca58a649dd684f856b1c4c7b11b3e06c175f45cdc9e7ca91,data/raw/SRC-MM-NJ-RULES/20260930T020605Z_006cb53943eb.pdf,Official Mega Millions game rules effective 2025-04-05; 5/70 + 1/24; $5
SRC-MM-2025-PR,mega_millions,Mega Millions Consortium,official_press_release,https://www.megamillions.com/News/2025/New-Mega-Millions%C2%AE-arrives-in-April.aspx,1,2026-09-30T02:06:05.317307+00:00,e8b9d126b9464ebe9efa48183344fe0b5a68324e8835d41fa92490d24a764c3e,data/raw/SRC-MM-2025-PR/20260930T020605Z_e8b9d126b946.html,Official PR: new game debuts; last old-matrix draw 2025-04-04; first new-matrix draw 2025-04-08; Mega Ball pool 25->24; $5 ticket; odds 1:290472336 jackpot / 1:23 overall
SRC-MM-ABOUT,mega_millions,Mega Millions Consortium,official_archive,https://www.megamillions.com/about-us.aspx,1,2026-09-30T02:06:05.513452+00:00,c93617c14cf62340e337fec125f0211cfdba9a9aedf8fd51a0b80e5030b0cd32,data/raw/SRC-MM-ABOUT/20260930T020605Z_c93617c14cf6.html,Official history: Big Game began Aug 31 1996 first draw Sep 6 1996; renamed Mega Millions May 2002; matrix changes Oct 2013 (5/75+1/15) and Oct 2017 (5/70+1/25)
SRC-MM-TX-PROP,mega_millions,Texas Lottery Commission,government_register,https://www.texaslottery.com/export/sites/lottery/Documents/legal/rulemaking/PROP_TR_8.23.24.pdf,1,2026-09-30T02:06:05.847475+00:00,1459de611932094be25bf0100d754662eedfdef75700ee6841a829dec01f2d6a,data/raw/SRC-MM-TX-PROP/20260930T020605Z_1459de611932.pdf,Proposed rule filing documenting 5/70+1/25 -> 5/70+1/24 change
SRC-MM-MI-PR1999,mega_millions,Michigan Lottery,official_press_release,https://milotteryconnect.com/1999/01/12/michigan-lottery-big-game-players-can-now-cash-in-instantly/,1,2026-09-30T02:06:05.955369+00:00,b47212f0cb245ba591af9f6e34d70be37120f70e25f5d6d7e738e43d5d948153,data/raw/SRC-MM-MI-PR1999/20260930T020605Z_b47212f0cb24.html,"Official MI Lottery release posted Jan 12 1999: cash-option choice and matrix change to 5/50+1/36 both effective 'starting with wagers placed for the January 15, 1999 Big Game drawing'; draws Tue+Fri 11pm"
SRC-MM-MI-AR2001,mega_millions,Michigan Lottery,annual_report,https://www.michigan.gov/-/media/Project/Websites/msl/BSL-L-AR2001.pdf?rev=3da8b2cda58a4166866900658b26b840,2,2026-09-30T02:06:06.265738+00:00,cebfd5bd6925bb9a7dd68c0804a54a8addffb93cd00a69964b64f9dbab6f500d,data/raw/SRC-MM-MI-AR2001/20260930T020606Z_cebfd5bd6925.pdf,MI Lottery 2001 annual report: Big Game 5/50 + 1/36; Tue/Fri 11pm drawings in Atlanta GA
SRC-MM-FL-53ER13-32,mega_millions,Florida Dept. of State / Florida Administrative Code (elaws.us mirror),government_register,https://flrules.elaws.us/fac/53er13-32,1,2026-09-30T02:06:09.222968+00:00,ae7f378d60c1932d7e4392872f60f7b0cdcc692ed68c21431b52ad06277d88a2,data/raw/SRC-MM-FL-53ER13-32/20260930T020609Z_ae7f378d60c1.html,FL MM rule effective 2013-05-15 (FL launch); documents 5/56+1/46 matrix
SRC-MM-FL-53ER17-70,mega_millions,Florida Dept. of State / Florida Administrative Code (elaws.us mirror),government_register,https://flrules.elaws.us/fac/53er17-70,1,2026-09-30T02:06:09.661827+00:00,527dde98e895c0275e222efb9174b3008648450d932532809e1e3826ae56c06c,data/raw/SRC-MM-FL-53ER17-70/20260930T020609Z_527dde98e895.html,FL MM rule effective 2017-10-28; 5/70+1/25 era in FL
SRC-MM-FL-53ER25-12,mega_millions,Florida Dept. of State / Florida Administrative Code (elaws.us mirror),government_register,https://flrules.elaws.us/fac/53er25-12,1,2026-09-30T02:06:12.375059+00:00,5fcdd0a0e19cfbc6bf24ccbd2713fb038234f6560206f7976195bbf564a12c89,data/raw/SRC-MM-FL-53ER25-12/20260930T020612Z_5fcdd0a0e19c.html,FL MM rule effective 2025-04-05; 5/70+1/24 $5 era
SRC-FL-LOTTO-RULES,florida_lotto,Florida Lottery,official_rules,https://floridalottery.com/content/dam/flalottery-web/files/game-reports/florida-lotto/lotto-game-rules.pdf,1,2026-09-30T02:06:12.627270+00:00,c61b387740322e84eeea7848001a06ca0081ddc0954d4570267095545ea6a7e0,data/raw/SRC-FL-LOTTO-RULES/20260930T020612Z_c61b38774032.pdf,Official FLORIDA LOTTO rule 53ER25-14: 6 balls from 1-53; Wed+Sat ~11:15pm ET; $2 play incl. Multiplier; jackpot odds 1:22957480; overall 1:7.61; Double Play second drawing
SRC-FL-FACTSHEET,florida_lotto,Florida Lottery,annual_report,https://files.floridalottery.com/exptkt/FLORIDALOTTOFactSheet.pdf,1,2026-09-30T02:06:13.509253+00:00,3b1cc728e92298ef80f232cf5c86eeb9d9db98707c4ff4640257cf77928d1d94,data/raw/SRC-FL-FACTSHEET/20260930T020613Z_3b1cc728e922.pdf,Official FL Lotto fact sheet: introduced 1988-04-29 first draw 1988-05-07; 1999-10-24 matrix change and Wednesday add; 2009-10-11 XTRA; 2020-10-08 $2 + Double Play. NOTE: states matrix '46 to 53' which conflicts with official draw archive showing ball 49 in 1988 draws (documented discrepancy)
SRC-FL-OVERVIEW,multi,Florida Lottery,annual_report,https://files.floridalottery.com/exptkt/FloridaLotteryOverview.pdf,1,2026-09-30T02:06:14.038415+00:00,d932ca1d8565bfb1c7e4dbcaa5ae6bf83944ce64d3c8461c575baed0cbc56f47,data/raw/SRC-FL-OVERVIEW/20260930T020614Z_d932ca1d8565.pdf,Official FL Lottery overview: PB launched in FL Jan 2009; MM launched in FL 2013-05-15; PB draws held live at FL Lottery HQ 10:59pm ET; MM Tue/Fri 11pm ET; Lotto revised Oct 1999 and XTRA Oct 2009
SRC-FL-53ER99-36,florida_lotto,Florida Dept. of State / Florida Administrative Code (elaws.us mirror),government_register,https://flrules.elaws.us/fac/53er99-36,1,2026-09-30T02:06:14.481827+00:00,30f2736802008998a7d5ccaec7272845ef233f9a4264c583e36aca1f6f68633a,data/raw/SRC-FL-53ER99-36/20260930T020614Z_30f273680200.html,FL Lotto emergency rule effective 1999-10-22 establishing 6/53 era (rule body not digitized; metadata + draw archive corroborate)
SRC-FL-53ER09-54,florida_lotto,Florida Dept. of State / Florida Administrative Code (elaws.us mirror),government_register,https://flrules.elaws.us/fac/53er09-54,1,2026-09-30T02:06:15.301686+00:00,7dda2ae46f041bf72d0b226cabed4e8e887adbb7b57238aa9d80bed90907f34d,data/raw/SRC-FL-53ER09-54/20260930T020615Z_7dda2ae46f04.html,FL Lotto rule effective 2009-10-10 for XTRA era (economic add-on; matrix unchanged)
SRC-FL-53ER20-76,florida_lotto,Florida Dept. of State / Florida Administrative Code (elaws.us mirror),government_register,https://flrules.elaws.us/fac/53er20-76,1,2026-09-30T02:06:17.730886+00:00,69e35857a7ef436320e8ddb7b9066a3d19fafb285792caf023edfbc95bffbaaa,data/raw/SRC-FL-53ER20-76/20260930T020617Z_69e35857a7ef.html,FL Lotto rule effective 2020-10-08: $2 play
SRC-FL-53ER26-9,florida_lotto,Florida Dept. of State / Florida Administrative Code (elaws.us mirror),government_register,https://flrules.elaws.us/fac/53er26-9,1,2026-09-30T02:06:29.666419+00:00,a68ac65aa05ed42b7dfd00687bfbd082cc9db64806dafca4b56f60742ce47fca,data/raw/SRC-FL-53ER26-9/20260930T020629Z_a68ac65aa05e.html,Current FL Lotto rule effective 2026-01-30; still 6/53
SRC-FL-LOTTO-HIST-PDF,florida_lotto,Florida Lottery,official_archive,https://files.floridalottery.com/exptkt/lotto_winning-numbers-history.pdf,1,2026-09-30T02:06:30.617415+00:00,ad02bc1838d766fa361a0ca983e19a1cd22320947122c0f72e31bab33d26c768,data/raw/SRC-FL-LOTTO-HIST-PDF/20260930T020630Z_ad02bc1838d7.pdf,Official complete winning-number history: every FL Lotto draw since 1988-05-07 with machine id + ball set; Double Play rows since 2020-10-10; physical draw order until 2005-01-29 then ascending-sorted
SRC-FL-WINNING-NUMBERS,multi,Florida Lottery,official_archive,https://floridalottery.com/games/winning-numbers/history,1,2026-09-30T02:06:30.700067+00:00,7c9374915835572627c8fe1be16125b5888d5a2220feb0877073bc80f9db69cd,data/raw/SRC-FL-WINNING-NUMBERS/20260930T020630Z_7c9374915835.html,Winning-number history search (JSON-backed): all FL draw games incl. Powerball/Mega Millions (FL era) and Florida Lotto
SRC-NY-PB-DATA,powerball,NY State Open Data (data.ny.gov / NY Lottery),official_data_portal,https://data.ny.gov/api/views/d6yy-54nr,2,2026-09-30T02:06:32.853183+00:00,eb4f70e8c02d78d598372f33bdd524ab8c880e1014c81845dea7b8b4988cad98,data/raw/SRC-NY-PB-DATA/20260930T020632Z_eb4f70e8c02d.json,Powerball winning numbers dataset beginning 2010-02-03; Socrata API/CSV; fields draw_date winning_numbers multiplier
SRC-NY-MM-DATA,mega_millions,NY State Open Data (data.ny.gov / NY Lottery),official_data_portal,https://data.ny.gov/api/views/5xaw-6ayf,2,2026-09-30T02:06:33.048393+00:00,f6217f5f0fa0dca1b4fa2a38049f02b1838fd54a7c3823fcbdd45cd1b926cdcf,data/raw/SRC-NY-MM-DATA/20260930T020633Z_f6217f5f0fa0.json,Mega Millions winning numbers dataset beginning 2002-05-17 (first Mega Millions draw); Socrata API/CSV
SRC-NY-PB-ARCHIVE,powerball,nylottery.org (independent third-party archive),secondary,https://www.nylottery.org/powerball/past-winning-numbers/{year},3,2026-09-30T03:10:58.683681+00:00,,,RECLASSIFIED 2026-09-30 (Phase 1 corrective gate): nylottery.org self-identifies as an independent unofficial service not affiliated with or endorsed by the New York State Gaming Commission or New York Lottery. Tier-3 secondary; retained for reconciliation/discovery only. Cannot independently support analysis_eligible draws. Powerball year-paginated archive; artifacts preserved under data/raw/.
SRC-NY-MM-ARCHIVE,mega_millions,nylottery.org (independent third-party archive),secondary,https://www.nylottery.org/mega-millions/past-winning-numbers/{year},3,2026-09-30T03:11:15.914439+00:00,,,RECLASSIFIED 2026-09-30 (Phase 1 corrective gate): nylottery.org self-identifies as an independent unofficial service not affiliated with or endorsed by the New York State Gaming Commission or New York Lottery. Tier-3 secondary; retained for reconciliation/discovery only. Cannot independently support analysis_eligible draws. Mega Millions/Big Game year-paginated archive; artifacts preserved under data/raw/.
SRC-MO-PB-XLSX,powerball,Missouri Lottery (molottery.com),official_archive,https://www.molottery.com/powerball/past-winning-numbers.do?order=desc,1,2026-09-30T03:11:21.638431+00:00,b0b00aab3d8bcf0b98bb1a562688ae93b495702c0f34159f46865f6639551185,data/raw/SRC-MO-PB-XLSX/20260930T031121Z_b0b00aab3d8b.do,"Official MO Lottery Powerball Excel export from 1998-01-03; includes Numbers As Drawn (physical order), Numbers In Order, PB, Power Play, jackpot."
SRC-TX-PB-CSV,powerball,Texas Lottery (texaslottery.com),official_archive,https://www.texaslottery.com/export/sites/lottery/Games/Powerball/Winning_Numbers/powerball.csv,1,2026-09-30T03:11:22.447850+00:00,8e769eebd6af416a74790715547d1f01493a46986f0e3e7c1469d23835212047,data/raw/SRC-TX-PB-CSV/20260930T031122Z_8e769eebd6af.csv,"Official TX Lottery Powerball CSV from TX participation start 2010-02-03; draw order shown, PB + Power Play."
SRC-TX-MM-CSV,mega_millions,Texas Lottery (texaslottery.com),official_archive,https://www.texaslottery.com/export/sites/lottery/Games/Mega_Millions/Winning_Numbers/megamillions.csv,1,2026-09-30T03:11:23.068647+00:00,4ff3abf4ca67957fc6a8c5b79c95a0c5013a1ccbfb59468dccf9615a439bd515,data/raw/SRC-TX-MM-CSV/20260930T031123Z_4ff3abf4ca67.csv,"Official TX Lottery Mega Millions CSV from TX participation start 2003-12-05; draw order shown, Mega Ball + Megaplier."
SRC-FL-PB-HIST-PDF,powerball,Florida Lottery (files.floridalottery.com),official_archive,https://files.floridalottery.com/exptkt/powerball_winning-numbers-history.pdf,1,2026-09-30T03:11:24.554215+00:00,68c4e9135603f085a950c2b983c6eda8b4d031d03f924dd82a650f27f61149dd,data/raw/SRC-FL-PB-HIST-PDF/20260930T031124Z_68c4e9135603.pdf,"Official FL Lottery Powerball winning-numbers history PDF, Florida era 2009-01-07 onward; numbers listed ascending-sorted (not physical order); includes POWERBALL DP rows."
SRC-FL-MM-HIST-PDF,mega_millions,Florida Lottery (files.floridalottery.com),official_archive,https://files.floridalottery.com/exptkt/mega-millions_winning-numbers-history.pdf,1,2026-09-30T03:11:25.708449+00:00,fdaeb9c025776d1f7c0282fe31bca8ef6e61618624f99b38204ff13ccbb467c3,data/raw/SRC-FL-MM-HIST-PDF/20260930T031125Z_fdaeb9c02577.pdf,"Official FL Lottery Mega Millions winning-numbers history PDF, Florida era 2013-05-17 onward; Megaplier shown."
SRC-WI-PB-CSV,powerball,Wisconsin Lottery (wilottery.com),official_archive,https://wilottery.com/winners/draw-history?csv=1&game=powerball&start=04/22/1992&end=present&dir=drawn,1,2026-09-30T13:43:59.203830+00:00,,,Official WI Lottery draw-history CSV export; Powerball back to first draw 1992-04-22; dir=drawn is requested, but the D-007 artifact audit proved the endpoint serves ascending-sorted backfill for all of 1992-2003 and mixed 2004; genuine physical order only where rows are non-ascending (mostly 2005+). Parser demotes sorted eras/rows per the order-provenance policy. WI is a MUSL founding member.
SRC-MD-MM-ARCHIVE,mega_millions,Maryland Lottery (mdlottery.com),official_archive,https://www.mdlottery.com/wp-admin/admin-ajax.php?action=jquery_shortcode&shortcode=find_numbers&game=mega-millions,1,2026-09-30T13:43:59.203830+00:00,,,Official MD Lottery winning-number archive (find_numbers shortcode); Mega Millions/The Big Game back to first draw 1996-09-06 (MD founding member). Sorted order; Megaplier column.
SRC-MD-PB-ARCHIVE,powerball,Maryland Lottery (mdlottery.com),official_archive,https://www.mdlottery.com/wp-admin/admin-ajax.php?action=jquery_shortcode&shortcode=find_numbers&game=powerball,1,2026-09-30T13:43:59.203830+00:00,,,Official MD Lottery winning-number archive; Powerball from 2010-01-30 (MD PB participation start). Sorted order; Power Play column.
SRC-MM-COM-API,mega_millions,Mega Millions official (megamillions.com),official_data_portal,https://www.megamillions.com/cmspages/utilservice.asmx/GetDrawingPagingData,1,2026-09-30T13:43:59.203830+00:00,,,"Official Mega Millions operator drawing-data service (POST JSON, paged 200/page); coverage 2010-02-05 onward. Authoritative for resolving member-state discrepancies."
SRC-MM-2022-CORRECTION,mega_millions,Mega Millions official (megamillions.com),official_press_release,"https://www.megamillions.com/News/2022/Statement-on-the-May-10,-2022,-Mega-Millions%C2%AE-Draw.aspx",1,2026-09-30T13:43:59.203830+00:00,,,Official statement 5/11/2022: host miscalled Mega Ball as 6; 9 was drawn and audited by Preston CPA; official result 15 19 20 61 70 + MB 9. Resolves NY Socrata vs NY-archive conflict.
SRC-PB-COM-DRAWRESULT,powerball,Powerball / Multi-State Lottery Association (powerball.com),official_data_portal,https://www.powerball.com/draw-result?gc=powerball&date=2010-09-15,1,2026-09-30T14:01:29+00:00,1571c65d27c4e828cf00a90526469bfb35908b8af43d968e97dbc130aeb7b45c,data/raw/SRC-PB-COM-DRAWRESULT/20260930T140129Z_1571c65d27c4.html,"First-party MUSL draw-result page fetched during Phase 1 corrective gate to adjudicate the 2010-09-15 conflict: operator page shows white balls 7 20 21 34 43, agreeing with WI/MO/TX/FL/NY; MD archive lists 1 20 21 34 43. Not a bulk ingestion source (point-verification artifact)."
