statistical_regime_id,special_ball,observed_count,expected_count,count_residual,standardized_residual,observed_proportion,expected_inclusion_prob
MM-S01,1,9,5.36,3.6399999999999997,1.604661276078311,0.06716417910447761,0.04
MM-S01,2,2,5.36,-3.3600000000000003,-1.4812257933030566,0.014925373134328358,0.04
MM-S01,3,8,5.36,2.6399999999999997,1.1638202661666872,0.05970149253731343,0.04
MM-S01,4,3,5.36,-2.3600000000000003,-1.0403847833914326,0.022388059701492536,0.04
MM-S01,5,2,5.36,-3.3600000000000003,-1.4812257933030566,0.014925373134328358,0.04
MM-S01,6,5,5.36,-0.3600000000000003,-0.15870276356818477,0.03731343283582089,0.04
MM-S01,7,5,5.36,-0.3600000000000003,-0.15870276356818477,0.03731343283582089,0.04
MM-S01,8,6,5.36,0.6399999999999997,0.2821382463434392,0.04477611940298507,0.04
MM-S01,9,5,5.36,-0.3600000000000003,-0.15870276356818477,0.03731343283582089,0.04
MM-S01,10,7,5.36,1.6399999999999997,0.7229792562550631,0.05223880597014925,0.04
MM-S01,11,6,5.36,0.6399999999999997,0.2821382463434392,0.04477611940298507,0.04
MM-S01,12,4,5.36,-1.3600000000000003,-0.5995437734798087,0.029850746268656716,0.04
MM-S01,13,3,5.36,-2.3600000000000003,-1.0403847833914326,0.022388059701492536,0.04
MM-S01,14,5,5.36,-0.3600000000000003,-0.15870276356818477,0.03731343283582089,0.04
MM-S01,15,4,5.36,-1.3600000000000003,-0.5995437734798087,0.029850746268656716,0.04
MM-S01,16,7,5.36,1.6399999999999997,0.7229792562550631,0.05223880597014925,0.04
MM-S01,17,12,5.36,6.64,2.927184305813183,0.08955223880597014,0.04
MM-S01,18,6,5.36,0.6399999999999997,0.2821382463434392,0.04477611940298507,0.04
MM-S01,19,6,5.36,0.6399999999999997,0.2821382463434392,0.04477611940298507,0.04
MM-S01,20,2,5.36,-3.3600000000000003,-1.4812257933030566,0.014925373134328358,0.04
MM-S01,21,8,5.36,2.6399999999999997,1.1638202661666872,0.05970149253731343,0.04
MM-S01,22,5,5.36,-0.3600000000000003,-0.15870276356818477,0.03731343283582089,0.04
MM-S01,23,0,5.36,-5.36,-2.3629078131263044,0.0,0.04
MM-S01,24,5,5.36,-0.3600000000000003,-0.15870276356818477,0.03731343283582089,0.04
MM-S01,25,9,5.36,3.6399999999999997,1.604661276078311,0.06716417910447761,0.04
MM-S02,1,7,7.583333333333333,-0.583333333333333,-0.21483446221182975,0.02564102564102564,0.027777777777777776
MM-S02,2,11,7.583333333333333,3.416666666666667,1.2583161358121464,0.040293040293040296,0.027777777777777776
MM-S02,3,10,7.583333333333333,2.416666666666667,0.8900284863061524,0.03663003663003663,0.027777777777777776
MM-S02,4,8,7.583333333333333,0.41666666666666696,0.1534531872941643,0.029304029304029304,0.027777777777777776
MM-S02,5,9,7.583333333333333,1.416666666666667,0.5217408368001584,0.03296703296703297,0.027777777777777776
MM-S02,6,8,7.583333333333333,0.41666666666666696,0.1534531872941643,0.029304029304029304,0.027777777777777776
MM-S02,7,7,7.583333333333333,-0.583333333333333,-0.21483446221182975,0.02564102564102564,0.027777777777777776
MM-S02,8,10,7.583333333333333,2.416666666666667,0.8900284863061524,0.03663003663003663,0.027777777777777776
MM-S02,9,6,7.583333333333333,-1.583333333333333,-0.5831221117178238,0.02197802197802198,0.027777777777777776
MM-S02,10,4,7.583333333333333,-3.583333333333333,-1.3196974107298118,0.014652014652014652,0.027777777777777776
MM-S02,11,3,7.583333333333333,-4.583333333333333,-1.687985060235806,0.01098901098901099,0.027777777777777776
MM-S02,12,10,7.583333333333333,2.416666666666667,0.8900284863061524,0.03663003663003663,0.027777777777777776
MM-S02,13,6,7.583333333333333,-1.583333333333333,-0.5831221117178238,0.02197802197802198,0.027777777777777776
MM-S02,14,4,7.583333333333333,-3.583333333333333,-1.3196974107298118,0.014652014652014652,0.027777777777777776
MM-S02,15,11,7.583333333333333,3.416666666666667,1.2583161358121464,0.040293040293040296,0.027777777777777776
MM-S02,16,5,7.583333333333333,-2.583333333333333,-0.9514097612238178,0.018315018315018316,0.027777777777777776
MM-S02,17,9,7.583333333333333,1.416666666666667,0.5217408368001584,0.03296703296703297,0.027777777777777776
MM-S02,18,7,7.583333333333333,-0.583333333333333,-0.21483446221182975,0.02564102564102564,0.027777777777777776
MM-S02,19,9,7.583333333333333,1.416666666666667,0.5217408368001584,0.03296703296703297,0.027777777777777776
MM-S02,20,8,7.583333333333333,0.41666666666666696,0.1534531872941643,0.029304029304029304,0.027777777777777776
MM-S02,21,7,7.583333333333333,-0.583333333333333,-0.21483446221182975,0.02564102564102564,0.027777777777777776
MM-S02,22,7,7.583333333333333,-0.583333333333333,-0.21483446221182975,0.02564102564102564,0.027777777777777776
MM-S02,23,9,7.583333333333333,1.416666666666667,0.5217408368001584,0.03296703296703297,0.027777777777777776
MM-S02,24,10,7.583333333333333,2.416666666666667,0.8900284863061524,0.03663003663003663,0.027777777777777776
MM-S02,25,9,7.583333333333333,1.416666666666667,0.5217408368001584,0.03296703296703297,0.027777777777777776
MM-S02,26,8,7.583333333333333,0.41666666666666696,0.1534531872941643,0.029304029304029304,0.027777777777777776
MM-S02,27,10,7.583333333333333,2.416666666666667,0.8900284863061524,0.03663003663003663,0.027777777777777776
MM-S02,28,6,7.583333333333333,-1.583333333333333,-0.5831221117178238,0.02197802197802198,0.027777777777777776
MM-S02,29,6,7.583333333333333,-1.583333333333333,-0.5831221117178238,0.02197802197802198,0.027777777777777776
MM-S02,30,8,7.583333333333333,0.41666666666666696,0.1534531872941643,0.029304029304029304,0.027777777777777776
MM-S02,31,5,7.583333333333333,-2.583333333333333,-0.9514097612238178,0.018315018315018316,0.027777777777777776
MM-S02,32,8,7.583333333333333,0.41666666666666696,0.1534531872941643,0.029304029304029304,0.027777777777777776
MM-S02,33,7,7.583333333333333,-0.583333333333333,-0.21483446221182975,0.02564102564102564,0.027777777777777776
MM-S02,34,9,7.583333333333333,1.416666666666667,0.5217408368001584,0.03296703296703297,0.027777777777777776
MM-S02,35,9,7.583333333333333,1.416666666666667,0.5217408368001584,0.03296703296703297,0.027777777777777776
MM-S02,36,3,7.583333333333333,-4.583333333333333,-1.687985060235806,0.01098901098901099,0.027777777777777776
MM-S03,1,4,4.903846153846154,-0.9038461538461542,-0.4121380193823143,0.01568627450980392,0.019230769230769232
MM-S03,2,1,4.903846153846154,-3.903846153846154,-1.7800854879704209,0.00392156862745098,0.019230769230769232
MM-S03,3,11,4.903846153846154,6.096153846153846,2.7797394073232677,0.043137254901960784,0.019230769230769232
MM-S03,4,6,4.903846153846154,1.0961538461538458,0.49982695967642343,0.023529411764705882,0.019230769230769232
MM-S03,5,5,4.903846153846154,0.09615384615384581,0.043844470147054546,0.0196078431372549,0.019230769230769232
MM-S03,6,6,4.903846153846154,1.0961538461538458,0.49982695967642343,0.023529411764705882,0.019230769230769232
MM-S03,7,5,4.903846153846154,0.09615384615384581,0.043844470147054546,0.0196078431372549,0.019230769230769232
MM-S03,8,5,4.903846153846154,0.09615384615384581,0.043844470147054546,0.0196078431372549,0.019230769230769232
MM-S03,9,4,4.903846153846154,-0.9038461538461542,-0.4121380193823143,0.01568627450980392,0.019230769230769232
MM-S03,10,7,4.903846153846154,2.096153846153846,0.9558094492057922,0.027450980392156862,0.019230769230769232
MM-S03,11,2,4.903846153846154,-2.903846153846154,-1.324102998441052,0.00784313725490196,0.019230769230769232
MM-S03,12,4,4.903846153846154,-0.9038461538461542,-0.4121380193823143,0.01568627450980392,0.019230769230769232
MM-S03,13,10,4.903846153846154,5.096153846153846,2.323756917793899,0.0392156862745098,0.019230769230769232
MM-S03,14,5,4.903846153846154,0.09615384615384581,0.043844470147054546,0.0196078431372549,0.019230769230769232
MM-S03,15,5,4.903846153846154,0.09615384615384581,0.043844470147054546,0.0196078431372549,0.019230769230769232
MM-S03,16,2,4.903846153846154,-2.903846153846154,-1.324102998441052,0.00784313725490196,0.019230769230769232
MM-S03,17,3,4.903846153846154,-1.9038461538461542,-0.8681205089116831,0.011764705882352941,0.019230769230769232
MM-S03,18,5,4.903846153846154,0.09615384615384581,0.043844470147054546,0.0196078431372549,0.019230769230769232
MM-S03,19,4,4.903846153846154,-0.9038461538461542,-0.4121380193823143,0.01568627450980392,0.019230769230769232
MM-S03,20,4,4.903846153846154,-0.9038461538461542,-0.4121380193823143,0.01568627450980392,0.019230769230769232
MM-S03,21,8,4.903846153846154,3.096153846153846,1.4117919387351612,0.03137254901960784,0.019230769230769232
MM-S03,22,6,4.903846153846154,1.0961538461538458,0.49982695967642343,0.023529411764705882,0.019230769230769232
MM-S03,23,3,4.903846153846154,-1.9038461538461542,-0.8681205089116831,0.011764705882352941,0.019230769230769232
MM-S03,24,4,4.903846153846154,-0.9038461538461542,-0.4121380193823143,0.01568627450980392,0.019230769230769232
MM-S03,25,2,4.903846153846154,-2.903846153846154,-1.324102998441052,0.00784313725490196,0.019230769230769232
MM-S03,26,5,4.903846153846154,0.09615384615384581,0.043844470147054546,0.0196078431372549,0.019230769230769232
MM-S03,27,5,4.903846153846154,0.09615384615384581,0.043844470147054546,0.0196078431372549,0.019230769230769232
MM-S03,28,2,4.903846153846154,-2.903846153846154,-1.324102998441052,0.00784313725490196,0.019230769230769232
MM-S03,29,4,4.903846153846154,-0.9038461538461542,-0.4121380193823143,0.01568627450980392,0.019230769230769232
MM-S03,30,5,4.903846153846154,0.09615384615384581,0.043844470147054546,0.0196078431372549,0.019230769230769232
MM-S03,31,6,4.903846153846154,1.0961538461538458,0.49982695967642343,0.023529411764705882,0.019230769230769232
MM-S03,32,5,4.903846153846154,0.09615384615384581,0.043844470147054546,0.0196078431372549,0.019230769230769232
MM-S03,33,8,4.903846153846154,3.096153846153846,1.4117919387351612,0.03137254901960784,0.019230769230769232
MM-S03,34,8,4.903846153846154,3.096153846153846,1.4117919387351612,0.03137254901960784,0.019230769230769232
MM-S03,35,6,4.903846153846154,1.0961538461538458,0.49982695967642343,0.023529411764705882,0.019230769230769232
MM-S03,36,7,4.903846153846154,2.096153846153846,0.9558094492057922,0.027450980392156862,0.019230769230769232
MM-S03,37,2,4.903846153846154,-2.903846153846154,-1.324102998441052,0.00784313725490196,0.019230769230769232
MM-S03,38,5,4.903846153846154,0.09615384615384581,0.043844470147054546,0.0196078431372549,0.019230769230769232
MM-S03,39,4,4.903846153846154,-0.9038461538461542,-0.4121380193823143,0.01568627450980392,0.019230769230769232
MM-S03,40,4,4.903846153846154,-0.9038461538461542,-0.4121380193823143,0.01568627450980392,0.019230769230769232
MM-S03,41,3,4.903846153846154,-1.9038461538461542,-0.8681205089116831,0.011764705882352941,0.019230769230769232
MM-S03,42,4,4.903846153846154,-0.9038461538461542,-0.4121380193823143,0.01568627450980392,0.019230769230769232
MM-S03,43,7,4.903846153846154,2.096153846153846,0.9558094492057922,0.027450980392156862,0.019230769230769232
MM-S03,44,4,4.903846153846154,-0.9038461538461542,-0.4121380193823143,0.01568627450980392,0.019230769230769232
MM-S03,45,3,4.903846153846154,-1.9038461538461542,-0.8681205089116831,0.011764705882352941,0.019230769230769232
MM-S03,46,6,4.903846153846154,1.0961538461538458,0.49982695967642343,0.023529411764705882,0.019230769230769232
MM-S03,47,6,4.903846153846154,1.0961538461538458,0.49982695967642343,0.023529411764705882,0.019230769230769232
MM-S03,48,4,4.903846153846154,-0.9038461538461542,-0.4121380193823143,0.01568627450980392,0.019230769230769232
MM-S03,49,7,4.903846153846154,2.096153846153846,0.9558094492057922,0.027450980392156862,0.019230769230769232
MM-S03,50,2,4.903846153846154,-2.903846153846154,-1.324102998441052,0.00784313725490196,0.019230769230769232
MM-S03,51,1,4.903846153846154,-3.903846153846154,-1.7800854879704209,0.00392156862745098,0.019230769230769232
MM-S03,52,11,4.903846153846154,6.096153846153846,2.7797394073232677,0.043137254901960784,0.019230769230769232
MM-S04,1,11,15.108695652173912,-4.108695652173912,-1.0687180513967631,0.015827338129496403,0.021739130434782608
MM-S04,2,18,15.108695652173912,2.891304347826088,0.7520608509829079,0.025899280575539568,0.021739130434782608
MM-S04,3,14,15.108695652173912,-1.1086956521739122,-0.2883842360911899,0.02014388489208633,0.021739130434782608
MM-S04,4,17,15.108695652173912,1.8913043478260878,0.49194957921438337,0.02446043165467626,0.021739130434782608
MM-S04,5,11,15.108695652173912,-4.108695652173912,-1.0687180513967631,0.015827338129496403,0.021739130434782608
MM-S04,6,17,15.108695652173912,1.8913043478260878,0.49194957921438337,0.02446043165467626,0.021739130434782608
MM-S04,7,19,15.108695652173912,3.891304347826088,1.0121721227514322,0.027338129496402876,0.021739130434782608
MM-S04,8,17,15.108695652173912,1.8913043478260878,0.49194957921438337,0.02446043165467626,0.021739130434782608
MM-S04,9,21,15.108695652173912,5.891304347826088,1.532394666288481,0.030215827338129497,0.021739130434782608
MM-S04,10,17,15.108695652173912,1.8913043478260878,0.49194957921438337,0.02446043165467626,0.021739130434782608
MM-S04,11,13,15.108695652173912,-2.108695652173912,-0.5484955078597143,0.01870503597122302,0.021739130434782608
MM-S04,12,16,15.108695652173912,0.8913043478260878,0.23183830744585895,0.02302158273381295,0.021739130434782608
MM-S04,13,15,15.108695652173912,-0.1086956521739122,-0.02827296432266548,0.02158273381294964,0.021739130434782608
MM-S04,14,11,15.108695652173912,-4.108695652173912,-1.0687180513967631,0.015827338129496403,0.021739130434782608
MM-S04,15,17,15.108695652173912,1.8913043478260878,0.49194957921438337,0.02446043165467626,0.021739130434782608
MM-S04,16,12,15.108695652173912,-3.108695652173912,-0.8086067796282388,0.017266187050359712,0.021739130434782608
MM-S04,17,12,15.108695652173912,-3.108695652173912,-0.8086067796282388,0.017266187050359712,0.021739130434782608
MM-S04,18,14,15.108695652173912,-1.1086956521739122,-0.2883842360911899,0.02014388489208633,0.021739130434782608
MM-S04,19,17,15.108695652173912,1.8913043478260878,0.49194957921438337,0.02446043165467626,0.021739130434782608
MM-S04,20,17,15.108695652173912,1.8913043478260878,0.49194957921438337,0.02446043165467626,0.021739130434782608
MM-S04,21,18,15.108695652173912,2.891304347826088,0.7520608509829079,0.025899280575539568,0.021739130434782608
MM-S04,22,17,15.108695652173912,1.8913043478260878,0.49194957921438337,0.02446043165467626,0.021739130434782608
MM-S04,23,14,15.108695652173912,-1.1086956521739122,-0.2883842360911899,0.02014388489208633,0.021739130434782608
MM-S04,24,14,15.108695652173912,-1.1086956521739122,-0.2883842360911899,0.02014388489208633,0.021739130434782608
MM-S04,25,17,15.108695652173912,1.8913043478260878,0.49194957921438337,0.02446043165467626,0.021739130434782608
MM-S04,26,16,15.108695652173912,0.8913043478260878,0.23183830744585895,0.02302158273381295,0.021739130434782608
MM-S04,27,13,15.108695652173912,-2.108695652173912,-0.5484955078597143,0.01870503597122302,0.021739130434782608
MM-S04,28,6,15.108695652173912,-9.108695652173912,-2.3692744102393855,0.008633093525179856,0.021739130434782608
MM-S04,29,18,15.108695652173912,2.891304347826088,0.7520608509829079,0.025899280575539568,0.021739130434782608
MM-S04,30,13,15.108695652173912,-2.108695652173912,-0.5484955078597143,0.01870503597122302,0.021739130434782608
MM-S04,31,13,15.108695652173912,-2.108695652173912,-0.5484955078597143,0.01870503597122302,0.021739130434782608
MM-S04,32,10,15.108695652173912,-5.108695652173912,-1.3288293231652877,0.014388489208633094,0.021739130434782608
MM-S04,33,14,15.108695652173912,-1.1086956521739122,-0.2883842360911899,0.02014388489208633,0.021739130434782608
MM-S04,34,13,15.108695652173912,-2.108695652173912,-0.5484955078597143,0.01870503597122302,0.021739130434782608
MM-S04,35,20,15.108695652173912,4.891304347826088,1.2722833945199568,0.02877697841726619,0.021739130434782608
MM-S04,36,24,15.108695652173912,8.891304347826088,2.3127284815940543,0.034532374100719423,0.021739130434782608
MM-S04,37,14,15.108695652173912,-1.1086956521739122,-0.2883842360911899,0.02014388489208633,0.021739130434782608
MM-S04,38,17,15.108695652173912,1.8913043478260878,0.49194957921438337,0.02446043165467626,0.021739130434782608
MM-S04,39,14,15.108695652173912,-1.1086956521739122,-0.2883842360911899,0.02014388489208633,0.021739130434782608
MM-S04,40,15,15.108695652173912,-0.1086956521739122,-0.02827296432266548,0.02158273381294964,0.021739130434782608
MM-S04,41,16,15.108695652173912,0.8913043478260878,0.23183830744585895,0.02302158273381295,0.021739130434782608
MM-S04,42,18,15.108695652173912,2.891304347826088,0.7520608509829079,0.025899280575539568,0.021739130434782608
MM-S04,43,12,15.108695652173912,-3.108695652173912,-0.8086067796282388,0.017266187050359712,0.021739130434782608
MM-S04,44,16,15.108695652173912,0.8913043478260878,0.23183830744585895,0.02302158273381295,0.021739130434782608
MM-S04,45,16,15.108695652173912,0.8913043478260878,0.23183830744585895,0.02302158273381295,0.021739130434782608
MM-S04,46,11,15.108695652173912,-4.108695652173912,-1.0687180513967631,0.015827338129496403,0.021739130434782608
MM-S05,1,24,22.266666666666666,1.7333333333333343,0.3802209973731805,0.0718562874251497,0.06666666666666667
MM-S05,2,23,22.266666666666666,0.7333333333333343,0.16086272965788417,0.0688622754491018,0.06666666666666667
MM-S05,3,24,22.266666666666666,1.7333333333333343,0.3802209973731805,0.0718562874251497,0.06666666666666667
MM-S05,4,23,22.266666666666666,0.7333333333333343,0.16086272965788417,0.0688622754491018,0.06666666666666667
MM-S05,5,16,22.266666666666666,-6.266666666666666,-1.37464514434919,0.04790419161676647,0.06666666666666667
MM-S05,6,23,22.266666666666666,0.7333333333333343,0.16086272965788417,0.0688622754491018,0.06666666666666667
MM-S05,7,29,22.266666666666666,6.733333333333334,1.477012335949662,0.08682634730538923,0.06666666666666667
MM-S05,8,19,22.266666666666666,-3.2666666666666657,-0.7165703412033011,0.05688622754491018,0.06666666666666667
MM-S05,9,25,22.266666666666666,2.7333333333333343,0.5995792650884768,0.0748502994011976,0.06666666666666667
MM-S05,10,23,22.266666666666666,0.7333333333333343,0.16086272965788417,0.0688622754491018,0.06666666666666667
MM-S05,11,16,22.266666666666666,-6.266666666666666,-1.37464514434919,0.04790419161676647,0.06666666666666667
MM-S05,12,20,22.266666666666666,-2.2666666666666657,-0.4972120734880048,0.059880239520958084,0.06666666666666667
MM-S05,13,19,22.266666666666666,-3.2666666666666657,-0.7165703412033011,0.05688622754491018,0.06666666666666667
MM-S05,14,19,22.266666666666666,-3.2666666666666657,-0.7165703412033011,0.05688622754491018,0.06666666666666667
MM-S05,15,31,22.266666666666666,8.733333333333334,1.9157288713802547,0.09281437125748503,0.06666666666666667
MM-S06,1,23,24.8,-1.8000000000000007,-0.36890203262847365,0.037096774193548385,0.04
MM-S06,2,21,24.8,-3.8000000000000007,-0.7787931799934442,0.03387096774193549,0.04
MM-S06,3,20,24.8,-4.800000000000001,-0.9837387536759296,0.03225806451612903,0.04
MM-S06,4,28,24.8,3.1999999999999993,0.6558258357839528,0.04516129032258064,0.04
MM-S06,5,19,24.8,-5.800000000000001,-1.188684327358415,0.03064516129032258,0.04
MM-S06,6,19,24.8,-5.800000000000001,-1.188684327358415,0.03064516129032258,0.04
MM-S06,7,19,24.8,-5.800000000000001,-1.188684327358415,0.03064516129032258,0.04
MM-S06,8,17,24.8,-7.800000000000001,-1.5985754747233853,0.027419354838709678,0.04
MM-S06,9,30,24.8,5.199999999999999,1.0657169831489233,0.04838709677419355,0.04
MM-S06,10,25,24.8,0.1999999999999993,0.04098911473649691,0.04032258064516129,0.04
MM-S06,11,33,24.8,8.2,1.6805537041963792,0.0532258064516129,0.04
MM-S06,12,24,24.8,-0.8000000000000007,-0.16395645894598837,0.03870967741935484,0.04
MM-S06,13,29,24.8,4.199999999999999,0.860771409466438,0.0467741935483871,0.04
MM-S06,14,25,24.8,0.1999999999999993,0.04098911473649691,0.04032258064516129,0.04
MM-S06,15,23,24.8,-1.8000000000000007,-0.36890203262847365,0.037096774193548385,0.04
MM-S06,16,20,24.8,-4.800000000000001,-0.9837387536759296,0.03225806451612903,0.04
MM-S06,17,27,24.8,2.1999999999999993,0.4508802621014675,0.043548387096774194,0.04
MM-S06,18,30,24.8,5.199999999999999,1.0657169831489233,0.04838709677419355,0.04
MM-S06,19,28,24.8,3.1999999999999993,0.6558258357839528,0.04516129032258064,0.04
MM-S06,20,23,24.8,-1.8000000000000007,-0.36890203262847365,0.037096774193548385,0.04
MM-S06,21,23,24.8,-1.8000000000000007,-0.36890203262847365,0.037096774193548385,0.04
MM-S06,22,35,24.8,10.2,2.0904448515613496,0.056451612903225805,0.04
MM-S06,23,19,24.8,-5.800000000000001,-1.188684327358415,0.03064516129032258,0.04
MM-S06,24,30,24.8,5.199999999999999,1.0657169831489233,0.04838709677419355,0.04
MM-S06,25,30,24.8,5.199999999999999,1.0657169831489233,0.04838709677419355,0.04
MM-S07,1,7,5.166666666666667,1.833333333333333,0.8239064749004519,0.056451612903225805,0.041666666666666664
MM-S07,2,7,5.166666666666667,1.833333333333333,0.8239064749004519,0.056451612903225805,0.041666666666666664
MM-S07,3,5,5.166666666666667,-0.16666666666666696,-0.07490058862731395,0.04032258064516129,0.041666666666666664
MM-S07,4,5,5.166666666666667,-0.16666666666666696,-0.07490058862731395,0.04032258064516129,0.041666666666666664
MM-S07,5,5,5.166666666666667,-0.16666666666666696,-0.07490058862731395,0.04032258064516129,0.041666666666666664
MM-S07,6,6,5.166666666666667,0.833333333333333,0.37450294313656896,0.04838709677419355,0.041666666666666664
MM-S07,7,9,5.166666666666667,3.833333333333333,1.7227135384282177,0.07258064516129033,0.041666666666666664
MM-S07,8,5,5.166666666666667,-0.16666666666666696,-0.07490058862731395,0.04032258064516129,0.041666666666666664
MM-S07,9,6,5.166666666666667,0.833333333333333,0.37450294313656896,0.04838709677419355,0.041666666666666664
MM-S07,10,6,5.166666666666667,0.833333333333333,0.37450294313656896,0.04838709677419355,0.041666666666666664
MM-S07,11,2,5.166666666666667,-3.166666666666667,-1.4231111839189627,0.016129032258064516,0.041666666666666664
MM-S07,12,7,5.166666666666667,1.833333333333333,0.8239064749004519,0.056451612903225805,0.041666666666666664
MM-S07,13,3,5.166666666666667,-2.166666666666667,-0.9737076521550798,0.024193548387096774,0.041666666666666664
MM-S07,14,4,5.166666666666667,-1.166666666666667,-0.5243041203911969,0.03225806451612903,0.041666666666666664
MM-S07,15,2,5.166666666666667,-3.166666666666667,-1.4231111839189627,0.016129032258064516,0.041666666666666664
MM-S07,16,8,5.166666666666667,2.833333333333333,1.2733100066643348,0.06451612903225806,0.041666666666666664
MM-S07,17,5,5.166666666666667,-0.16666666666666696,-0.07490058862731395,0.04032258064516129,0.041666666666666664
MM-S07,18,5,5.166666666666667,-0.16666666666666696,-0.07490058862731395,0.04032258064516129,0.041666666666666664
MM-S07,19,5,5.166666666666667,-0.16666666666666696,-0.07490058862731395,0.04032258064516129,0.041666666666666664
MM-S07,20,2,5.166666666666667,-3.166666666666667,-1.4231111839189627,0.016129032258064516,0.041666666666666664
MM-S07,21,4,5.166666666666667,-1.166666666666667,-0.5243041203911969,0.03225806451612903,0.041666666666666664
MM-S07,22,3,5.166666666666667,-2.166666666666667,-0.9737076521550798,0.024193548387096774,0.041666666666666664
MM-S07,23,4,5.166666666666667,-1.166666666666667,-0.5243041203911969,0.03225806451612903,0.041666666666666664
MM-S07,24,9,5.166666666666667,3.833333333333333,1.7227135384282177,0.07258064516129033,0.041666666666666664
PB-S01,1,13,10.266666666666667,2.7333333333333325,0.8626960020607863,0.02813852813852814,0.022222222222222223
PB-S01,2,9,10.266666666666667,-1.2666666666666675,-0.3997859521745111,0.01948051948051948,0.022222222222222223
PB-S01,3,10,10.266666666666667,-0.2666666666666675,-0.08416546361568675,0.021645021645021644,0.022222222222222223
PB-S01,4,9,10.266666666666667,-1.2666666666666675,-0.3997859521745111,0.01948051948051948,0.022222222222222223
PB-S01,5,10,10.266666666666667,-0.2666666666666675,-0.08416546361568675,0.021645021645021644,0.022222222222222223
PB-S01,6,12,10.266666666666667,1.7333333333333325,0.5470755135019619,0.025974025974025976,0.022222222222222223
PB-S01,7,7,10.266666666666667,-3.2666666666666675,-1.0310269292921599,0.015151515151515152,0.022222222222222223
PB-S01,8,8,10.266666666666667,-2.2666666666666675,-0.7154064407333355,0.017316017316017316,0.022222222222222223
PB-S01,9,16,10.266666666666667,5.7333333333333325,1.8095574677372592,0.03463203463203463,0.022222222222222223
PB-S01,10,18,10.266666666666667,7.7333333333333325,2.440798444854908,0.03896103896103896,0.022222222222222223
PB-S01,11,11,10.266666666666667,0.7333333333333325,0.2314550249431376,0.023809523809523808,0.022222222222222223
PB-S01,12,20,10.266666666666667,9.733333333333333,3.0720394219725566,0.04329004329004329,0.022222222222222223
PB-S01,13,11,10.266666666666667,0.7333333333333325,0.2314550249431376,0.023809523809523808,0.022222222222222223
PB-S01,14,6,10.266666666666667,-4.2666666666666675,-1.3466474178509842,0.012987012987012988,0.022222222222222223
PB-S01,15,9,10.266666666666667,-1.2666666666666675,-0.3997859521745111,0.01948051948051948,0.022222222222222223
PB-S01,16,9,10.266666666666667,-1.2666666666666675,-0.3997859521745111,0.01948051948051948,0.022222222222222223
PB-S01,17,8,10.266666666666667,-2.2666666666666675,-0.7154064407333355,0.017316017316017316,0.022222222222222223
PB-S01,18,9,10.266666666666667,-1.2666666666666675,-0.3997859521745111,0.01948051948051948,0.022222222222222223
PB-S01,19,8,10.266666666666667,-2.2666666666666675,-0.7154064407333355,0.017316017316017316,0.022222222222222223
PB-S01,20,10,10.266666666666667,-0.2666666666666675,-0.08416546361568675,0.021645021645021644,0.022222222222222223
PB-S01,21,8,10.266666666666667,-2.2666666666666675,-0.7154064407333355,0.017316017316017316,0.022222222222222223
PB-S01,22,10,10.266666666666667,-0.2666666666666675,-0.08416546361568675,0.021645021645021644,0.022222222222222223
PB-S01,23,8,10.266666666666667,-2.2666666666666675,-0.7154064407333355,0.017316017316017316,0.022222222222222223
PB-S01,24,9,10.266666666666667,-1.2666666666666675,-0.3997859521745111,0.01948051948051948,0.022222222222222223
PB-S01,25,3,10.266666666666667,-7.2666666666666675,-2.293508883527457,0.006493506493506494,0.022222222222222223
PB-S01,26,21,10.266666666666667,10.733333333333333,3.387659910531381,0.045454545454545456,0.022222222222222223
PB-S01,27,11,10.266666666666667,0.7333333333333325,0.2314550249431376,0.023809523809523808,0.022222222222222223
PB-S01,28,9,10.266666666666667,-1.2666666666666675,-0.3997859521745111,0.01948051948051948,0.022222222222222223
PB-S01,29,10,10.266666666666667,-0.2666666666666675,-0.08416546361568675,0.021645021645021644,0.022222222222222223
PB-S01,30,6,10.266666666666667,-4.2666666666666675,-1.3466474178509842,0.012987012987012988,0.022222222222222223
PB-S01,31,10,10.266666666666667,-0.2666666666666675,-0.08416546361568675,0.021645021645021644,0.022222222222222223
PB-S01,32,6,10.266666666666667,-4.2666666666666675,-1.3466474178509842,0.012987012987012988,0.022222222222222223
PB-S01,33,11,10.266666666666667,0.7333333333333325,0.2314550249431376,0.023809523809523808,0.022222222222222223
PB-S01,34,9,10.266666666666667,-1.2666666666666675,-0.3997859521745111,0.01948051948051948,0.022222222222222223
PB-S01,35,12,10.266666666666667,1.7333333333333325,0.5470755135019619,0.025974025974025976,0.022222222222222223
PB-S01,36,11,10.266666666666667,0.7333333333333325,0.2314550249431376,0.023809523809523808,0.022222222222222223
PB-S01,37,13,10.266666666666667,2.7333333333333325,0.8626960020607863,0.02813852813852814,0.022222222222222223
PB-S01,38,8,10.266666666666667,-2.2666666666666675,-0.7154064407333355,0.017316017316017316,0.022222222222222223
PB-S01,39,10,10.266666666666667,-0.2666666666666675,-0.08416546361568675,0.021645021645021644,0.022222222222222223
PB-S01,40,11,10.266666666666667,0.7333333333333325,0.2314550249431376,0.023809523809523808,0.022222222222222223
PB-S01,41,9,10.266666666666667,-1.2666666666666675,-0.3997859521745111,0.01948051948051948,0.022222222222222223
PB-S01,42,12,10.266666666666667,1.7333333333333325,0.5470755135019619,0.025974025974025976,0.022222222222222223
PB-S01,43,10,10.266666666666667,-0.2666666666666675,-0.08416546361568675,0.021645021645021644,0.022222222222222223
PB-S01,44,11,10.266666666666667,0.7333333333333325,0.2314550249431376,0.023809523809523808,0.022222222222222223
PB-S01,45,11,10.266666666666667,0.7333333333333325,0.2314550249431376,0.023809523809523808,0.022222222222222223
PB-S02,1,10,9.785714285714286,0.21428571428571352,0.0693313521397913,0.024330900243309004,0.023809523809523808
PB-S02,2,13,9.785714285714286,3.2142857142857135,1.039970282096873,0.031630170316301706,0.023809523809523808
PB-S02,3,6,9.785714285714286,-3.7857142857142865,-1.2248538878029842,0.014598540145985401,0.023809523809523808
PB-S02,4,8,9.785714285714286,-1.7857142857142865,-0.5777612678315964,0.019464720194647202,0.023809523809523808
PB-S02,5,6,9.785714285714286,-3.7857142857142865,-1.2248538878029842,0.014598540145985401,0.023809523809523808
PB-S02,6,15,9.785714285714286,5.2142857142857135,1.6870629020682606,0.0364963503649635,0.023809523809523808
PB-S02,7,12,9.785714285714286,2.2142857142857135,0.716423972111179,0.029197080291970802,0.023809523809523808
PB-S02,8,11,9.785714285714286,1.2142857142857135,0.3928776621254852,0.0267639902676399,0.023809523809523808
PB-S02,9,10,9.785714285714286,0.21428571428571352,0.0693313521397913,0.024330900243309004,0.023809523809523808
PB-S02,10,10,9.785714285714286,0.21428571428571352,0.0693313521397913,0.024330900243309004,0.023809523809523808
PB-S02,11,12,9.785714285714286,2.2142857142857135,0.716423972111179,0.029197080291970802,0.023809523809523808
PB-S02,12,7,9.785714285714286,-2.7857142857142865,-0.9013075778172903,0.0170316301703163,0.023809523809523808
PB-S02,13,9,9.785714285714286,-0.7857142857142865,-0.2542149578459026,0.021897810218978103,0.023809523809523808
PB-S02,14,13,9.785714285714286,3.2142857142857135,1.039970282096873,0.031630170316301706,0.023809523809523808
PB-S02,15,10,9.785714285714286,0.21428571428571352,0.0693313521397913,0.024330900243309004,0.023809523809523808
PB-S02,16,9,9.785714285714286,-0.7857142857142865,-0.2542149578459026,0.021897810218978103,0.023809523809523808
PB-S02,17,10,9.785714285714286,0.21428571428571352,0.0693313521397913,0.024330900243309004,0.023809523809523808
PB-S02,18,13,9.785714285714286,3.2142857142857135,1.039970282096873,0.031630170316301706,0.023809523809523808
PB-S02,19,7,9.785714285714286,-2.7857142857142865,-0.9013075778172903,0.0170316301703163,0.023809523809523808
PB-S02,20,14,9.785714285714286,4.2142857142857135,1.3635165920825667,0.0340632603406326,0.023809523809523808
PB-S02,21,11,9.785714285714286,1.2142857142857135,0.3928776621254852,0.0267639902676399,0.023809523809523808
PB-S02,22,10,9.785714285714286,0.21428571428571352,0.0693313521397913,0.024330900243309004,0.023809523809523808
PB-S02,23,8,9.785714285714286,-1.7857142857142865,-0.5777612678315964,0.019464720194647202,0.023809523809523808
PB-S02,24,10,9.785714285714286,0.21428571428571352,0.0693313521397913,0.024330900243309004,0.023809523809523808
PB-S02,25,13,9.785714285714286,3.2142857142857135,1.039970282096873,0.031630170316301706,0.023809523809523808
PB-S02,26,14,9.785714285714286,4.2142857142857135,1.3635165920825667,0.0340632603406326,0.023809523809523808
PB-S02,27,8,9.785714285714286,-1.7857142857142865,-0.5777612678315964,0.019464720194647202,0.023809523809523808
PB-S02,28,11,9.785714285714286,1.2142857142857135,0.3928776621254852,0.0267639902676399,0.023809523809523808
PB-S02,29,9,9.785714285714286,-0.7857142857142865,-0.2542149578459026,0.021897810218978103,0.023809523809523808
PB-S02,30,6,9.785714285714286,-3.7857142857142865,-1.2248538878029842,0.014598540145985401,0.023809523809523808
PB-S02,31,12,9.785714285714286,2.2142857142857135,0.716423972111179,0.029197080291970802,0.023809523809523808
PB-S02,32,8,9.785714285714286,-1.7857142857142865,-0.5777612678315964,0.019464720194647202,0.023809523809523808
PB-S02,33,10,9.785714285714286,0.21428571428571352,0.0693313521397913,0.024330900243309004,0.023809523809523808
PB-S02,34,9,9.785714285714286,-0.7857142857142865,-0.2542149578459026,0.021897810218978103,0.023809523809523808
PB-S02,35,10,9.785714285714286,0.21428571428571352,0.0693313521397913,0.024330900243309004,0.023809523809523808
PB-S02,36,9,9.785714285714286,-0.7857142857142865,-0.2542149578459026,0.021897810218978103,0.023809523809523808
PB-S02,37,15,9.785714285714286,5.2142857142857135,1.6870629020682606,0.0364963503649635,0.023809523809523808
PB-S02,38,7,9.785714285714286,-2.7857142857142865,-0.9013075778172903,0.0170316301703163,0.023809523809523808
PB-S02,39,12,9.785714285714286,2.2142857142857135,0.716423972111179,0.029197080291970802,0.023809523809523808
PB-S02,40,7,9.785714285714286,-2.7857142857142865,-0.9013075778172903,0.0170316301703163,0.023809523809523808
PB-S02,41,1,9.785714285714286,-8.785714285714286,-2.8425854377314534,0.0024330900243309003,0.023809523809523808
PB-S02,42,6,9.785714285714286,-3.7857142857142865,-1.2248538878029842,0.014598540145985401,0.023809523809523808
PB-S03,1,9,5.738095238095238,3.261904761904762,1.3782249811897287,0.03734439834024896,0.023809523809523808
PB-S03,2,10,5.738095238095238,4.261904761904762,1.8007465082697913,0.04149377593360996,0.023809523809523808
PB-S03,3,7,5.738095238095238,1.2619047619047619,0.533181927029603,0.029045643153526972,0.023809523809523808
PB-S03,4,9,5.738095238095238,3.261904761904762,1.3782249811897287,0.03734439834024896,0.023809523809523808
PB-S03,5,4,5.738095238095238,-1.7380952380952381,-0.7343826542105854,0.016597510373443983,0.023809523809523808
PB-S03,6,6,5.738095238095238,0.26190476190476186,0.11066039994954023,0.024896265560165973,0.023809523809523808
PB-S03,7,6,5.738095238095238,0.26190476190476186,0.11066039994954023,0.024896265560165973,0.023809523809523808
PB-S03,8,7,5.738095238095238,1.2619047619047619,0.533181927029603,0.029045643153526972,0.023809523809523808
PB-S03,9,5,5.738095238095238,-0.7380952380952381,-0.31186112713052255,0.02074688796680498,0.023809523809523808
PB-S03,10,3,5.738095238095238,-2.738095238095238,-1.1569041812906482,0.012448132780082987,0.023809523809523808
PB-S03,11,6,5.738095238095238,0.26190476190476186,0.11066039994954023,0.024896265560165973,0.023809523809523808
PB-S03,12,3,5.738095238095238,-2.738095238095238,-1.1569041812906482,0.012448132780082987,0.023809523809523808
PB-S03,13,4,5.738095238095238,-1.7380952380952381,-0.7343826542105854,0.016597510373443983,0.023809523809523808
PB-S03,14,2,5.738095238095238,-3.738095238095238,-1.5794257083707108,0.008298755186721992,0.023809523809523808
PB-S03,15,6,5.738095238095238,0.26190476190476186,0.11066039994954023,0.024896265560165973,0.023809523809523808
PB-S03,16,4,5.738095238095238,-1.7380952380952381,-0.7343826542105854,0.016597510373443983,0.023809523809523808
PB-S03,17,5,5.738095238095238,-0.7380952380952381,-0.31186112713052255,0.02074688796680498,0.023809523809523808
PB-S03,18,4,5.738095238095238,-1.7380952380952381,-0.7343826542105854,0.016597510373443983,0.023809523809523808
PB-S03,19,5,5.738095238095238,-0.7380952380952381,-0.31186112713052255,0.02074688796680498,0.023809523809523808
PB-S03,20,7,5.738095238095238,1.2619047619047619,0.533181927029603,0.029045643153526972,0.023809523809523808
PB-S03,21,7,5.738095238095238,1.2619047619047619,0.533181927029603,0.029045643153526972,0.023809523809523808
PB-S03,22,5,5.738095238095238,-0.7380952380952381,-0.31186112713052255,0.02074688796680498,0.023809523809523808
PB-S03,23,6,5.738095238095238,0.26190476190476186,0.11066039994954023,0.024896265560165973,0.023809523809523808
PB-S03,24,2,5.738095238095238,-3.738095238095238,-1.5794257083707108,0.008298755186721992,0.023809523809523808
PB-S03,25,7,5.738095238095238,1.2619047619047619,0.533181927029603,0.029045643153526972,0.023809523809523808
PB-S03,26,3,5.738095238095238,-2.738095238095238,-1.1569041812906482,0.012448132780082987,0.023809523809523808
PB-S03,27,3,5.738095238095238,-2.738095238095238,-1.1569041812906482,0.012448132780082987,0.023809523809523808
PB-S03,28,8,5.738095238095238,2.261904761904762,0.9557034541096658,0.03319502074688797,0.023809523809523808
PB-S03,29,5,5.738095238095238,-0.7380952380952381,-0.31186112713052255,0.02074688796680498,0.023809523809523808
PB-S03,30,6,5.738095238095238,0.26190476190476186,0.11066039994954023,0.024896265560165973,0.023809523809523808
PB-S03,31,12,5.738095238095238,6.261904761904762,2.645789562429917,0.04979253112033195,0.023809523809523808
PB-S03,32,5,5.738095238095238,-0.7380952380952381,-0.31186112713052255,0.02074688796680498,0.023809523809523808
PB-S03,33,5,5.738095238095238,-0.7380952380952381,-0.31186112713052255,0.02074688796680498,0.023809523809523808
PB-S03,34,5,5.738095238095238,-0.7380952380952381,-0.31186112713052255,0.02074688796680498,0.023809523809523808
PB-S03,35,11,5.738095238095238,5.261904761904762,2.223268035349854,0.04564315352697095,0.023809523809523808
PB-S03,36,3,5.738095238095238,-2.738095238095238,-1.1569041812906482,0.012448132780082987,0.023809523809523808
PB-S03,37,6,5.738095238095238,0.26190476190476186,0.11066039994954023,0.024896265560165973,0.023809523809523808
PB-S03,38,6,5.738095238095238,0.26190476190476186,0.11066039994954023,0.024896265560165973,0.023809523809523808
PB-S03,39,5,5.738095238095238,-0.7380952380952381,-0.31186112713052255,0.02074688796680498,0.023809523809523808
PB-S03,40,8,5.738095238095238,2.261904761904762,0.9557034541096658,0.03319502074688797,0.023809523809523808
PB-S03,41,8,5.738095238095238,2.261904761904762,0.9557034541096658,0.03319502074688797,0.023809523809523808
PB-S03,42,3,5.738095238095238,-2.738095238095238,-1.1569041812906482,0.012448132780082987,0.023809523809523808
PB-S04,1,9,6.666666666666667,2.333333333333333,0.9146504063595328,0.03214285714285714,0.023809523809523808
PB-S04,2,8,6.666666666666667,1.333333333333333,0.5226573750625901,0.02857142857142857,0.023809523809523808
PB-S04,3,9,6.666666666666667,2.333333333333333,0.9146504063595328,0.03214285714285714,0.023809523809523808
PB-S04,4,2,6.666666666666667,-4.666666666666667,-1.8293008127190657,0.007142857142857143,0.023809523809523808
PB-S04,5,10,6.666666666666667,3.333333333333333,1.3066434376564755,0.03571428571428571,0.023809523809523808
PB-S04,6,7,6.666666666666667,0.33333333333333304,0.13066434376564742,0.025,0.023809523809523808
PB-S04,7,3,6.666666666666667,-3.666666666666667,-1.4373077814221231,0.010714285714285714,0.023809523809523808
PB-S04,8,7,6.666666666666667,0.33333333333333304,0.13066434376564742,0.025,0.023809523809523808
PB-S04,9,6,6.666666666666667,-0.666666666666667,-0.26132868753129523,0.02142857142857143,0.023809523809523808
PB-S04,10,7,6.666666666666667,0.33333333333333304,0.13066434376564742,0.025,0.023809523809523808
PB-S04,11,7,6.666666666666667,0.33333333333333304,0.13066434376564742,0.025,0.023809523809523808
PB-S04,12,8,6.666666666666667,1.333333333333333,0.5226573750625901,0.02857142857142857,0.023809523809523808
PB-S04,13,6,6.666666666666667,-0.666666666666667,-0.26132868753129523,0.02142857142857143,0.023809523809523808
PB-S04,14,13,6.666666666666667,6.333333333333333,2.482622531547303,0.04642857142857143,0.023809523809523808
PB-S04,15,7,6.666666666666667,0.33333333333333304,0.13066434376564742,0.025,0.023809523809523808
PB-S04,16,8,6.666666666666667,1.333333333333333,0.5226573750625901,0.02857142857142857,0.023809523809523808
PB-S04,17,10,6.666666666666667,3.333333333333333,1.3066434376564755,0.03571428571428571,0.023809523809523808
PB-S04,18,9,6.666666666666667,2.333333333333333,0.9146504063595328,0.03214285714285714,0.023809523809523808
PB-S04,19,8,6.666666666666667,1.333333333333333,0.5226573750625901,0.02857142857142857,0.023809523809523808
PB-S04,20,8,6.666666666666667,1.333333333333333,0.5226573750625901,0.02857142857142857,0.023809523809523808
PB-S04,21,4,6.666666666666667,-2.666666666666667,-1.0453147501251805,0.014285714285714285,0.023809523809523808
PB-S04,22,3,6.666666666666667,-3.666666666666667,-1.4373077814221231,0.010714285714285714,0.023809523809523808
PB-S04,23,9,6.666666666666667,2.333333333333333,0.9146504063595328,0.03214285714285714,0.023809523809523808
PB-S04,24,9,6.666666666666667,2.333333333333333,0.9146504063595328,0.03214285714285714,0.023809523809523808
PB-S04,25,4,6.666666666666667,-2.666666666666667,-1.0453147501251805,0.014285714285714285,0.023809523809523808
PB-S04,26,6,6.666666666666667,-0.666666666666667,-0.26132868753129523,0.02142857142857143,0.023809523809523808
PB-S04,27,3,6.666666666666667,-3.666666666666667,-1.4373077814221231,0.010714285714285714,0.023809523809523808
PB-S04,28,5,6.666666666666667,-1.666666666666667,-0.6533217188282379,0.017857142857142856,0.023809523809523808
PB-S04,29,8,6.666666666666667,1.333333333333333,0.5226573750625901,0.02857142857142857,0.023809523809523808
PB-S04,30,6,6.666666666666667,-0.666666666666667,-0.26132868753129523,0.02142857142857143,0.023809523809523808
PB-S04,31,6,6.666666666666667,-0.666666666666667,-0.26132868753129523,0.02142857142857143,0.023809523809523808
PB-S04,32,7,6.666666666666667,0.33333333333333304,0.13066434376564742,0.025,0.023809523809523808
PB-S04,33,4,6.666666666666667,-2.666666666666667,-1.0453147501251805,0.014285714285714285,0.023809523809523808
PB-S04,34,3,6.666666666666667,-3.666666666666667,-1.4373077814221231,0.010714285714285714,0.023809523809523808
PB-S04,35,7,6.666666666666667,0.33333333333333304,0.13066434376564742,0.025,0.023809523809523808
PB-S04,36,8,6.666666666666667,1.333333333333333,0.5226573750625901,0.02857142857142857,0.023809523809523808
PB-S04,37,11,6.666666666666667,4.333333333333333,1.6986364689534181,0.039285714285714285,0.023809523809523808
PB-S04,38,7,6.666666666666667,0.33333333333333304,0.13066434376564742,0.025,0.023809523809523808
PB-S04,39,5,6.666666666666667,-1.666666666666667,-0.6533217188282379,0.017857142857142856,0.023809523809523808
PB-S04,40,4,6.666666666666667,-2.666666666666667,-1.0453147501251805,0.014285714285714285,0.023809523809523808
PB-S04,41,4,6.666666666666667,-2.666666666666667,-1.0453147501251805,0.014285714285714285,0.023809523809523808
PB-S04,42,5,6.666666666666667,-1.666666666666667,-0.6533217188282379,0.017857142857142856,0.023809523809523808
PB-S05,1,4,6.461538461538462,-2.4615384615384617,-0.9810229431759453,0.015873015873015872,0.02564102564102564
PB-S05,2,6,6.461538461538462,-0.4615384615384617,-0.18394180184548978,0.023809523809523808,0.02564102564102564
PB-S05,3,4,6.461538461538462,-2.4615384615384617,-0.9810229431759453,0.015873015873015872,0.02564102564102564
PB-S05,4,8,6.461538461538462,1.5384615384615383,0.6131393394849657,0.031746031746031744,0.02564102564102564
PB-S05,5,9,6.461538461538462,2.5384615384615383,1.0116799101501934,0.03571428571428571,0.02564102564102564
PB-S05,6,8,6.461538461538462,1.5384615384615383,0.6131393394849657,0.031746031746031744,0.02564102564102564
PB-S05,7,6,6.461538461538462,-0.4615384615384617,-0.18394180184548978,0.023809523809523808,0.02564102564102564
PB-S05,8,6,6.461538461538462,-0.4615384615384617,-0.18394180184548978,0.023809523809523808,0.02564102564102564
PB-S05,9,8,6.461538461538462,1.5384615384615383,0.6131393394849657,0.031746031746031744,0.02564102564102564
PB-S05,10,6,6.461538461538462,-0.4615384615384617,-0.18394180184548978,0.023809523809523808,0.02564102564102564
PB-S05,11,9,6.461538461538462,2.5384615384615383,1.0116799101501934,0.03571428571428571,0.02564102564102564
PB-S05,12,5,6.461538461538462,-1.4615384615384617,-0.5824823725107175,0.01984126984126984,0.02564102564102564
PB-S05,13,3,6.461538461538462,-3.4615384615384617,-1.379563513841173,0.011904761904761904,0.02564102564102564
PB-S05,14,4,6.461538461538462,-2.4615384615384617,-0.9810229431759453,0.015873015873015872,0.02564102564102564
PB-S05,15,12,6.461538461538462,5.538461538461538,2.2073016221458768,0.047619047619047616,0.02564102564102564
PB-S05,16,5,6.461538461538462,-1.4615384615384617,-0.5824823725107175,0.01984126984126984,0.02564102564102564
PB-S05,17,5,6.461538461538462,-1.4615384615384617,-0.5824823725107175,0.01984126984126984,0.02564102564102564
PB-S05,18,3,6.461538461538462,-3.4615384615384617,-1.379563513841173,0.011904761904761904,0.02564102564102564
PB-S05,19,6,6.461538461538462,-0.4615384615384617,-0.18394180184548978,0.023809523809523808,0.02564102564102564
PB-S05,20,8,6.461538461538462,1.5384615384615383,0.6131393394849657,0.031746031746031744,0.02564102564102564
PB-S05,21,11,6.461538461538462,4.538461538461538,1.808761051480649,0.04365079365079365,0.02564102564102564
PB-S05,22,5,6.461538461538462,-1.4615384615384617,-0.5824823725107175,0.01984126984126984,0.02564102564102564
PB-S05,23,14,6.461538461538462,7.538461538461538,3.004382763476332,0.05555555555555555,0.02564102564102564
PB-S05,24,8,6.461538461538462,1.5384615384615383,0.6131393394849657,0.031746031746031744,0.02564102564102564
PB-S05,25,7,6.461538461538462,0.5384615384615383,0.21459876881973797,0.027777777777777776,0.02564102564102564
PB-S05,26,4,6.461538461538462,-2.4615384615384617,-0.9810229431759453,0.015873015873015872,0.02564102564102564
PB-S05,27,11,6.461538461538462,4.538461538461538,1.808761051480649,0.04365079365079365,0.02564102564102564
PB-S05,28,0,6.461538461538462,-6.461538461538462,-2.575185225836856,0.0,0.02564102564102564
PB-S05,29,7,6.461538461538462,0.5384615384615383,0.21459876881973797,0.027777777777777776,0.02564102564102564
PB-S05,30,11,6.461538461538462,4.538461538461538,1.808761051480649,0.04365079365079365,0.02564102564102564
PB-S05,31,7,6.461538461538462,0.5384615384615383,0.21459876881973797,0.027777777777777776,0.02564102564102564
PB-S05,32,3,6.461538461538462,-3.4615384615384617,-1.379563513841173,0.011904761904761904,0.02564102564102564
PB-S05,33,6,6.461538461538462,-0.4615384615384617,-0.18394180184548978,0.023809523809523808,0.02564102564102564
PB-S05,34,5,6.461538461538462,-1.4615384615384617,-0.5824823725107175,0.01984126984126984,0.02564102564102564
PB-S05,35,1,6.461538461538462,-5.461538461538462,-2.1766446551716285,0.003968253968253968,0.02564102564102564
PB-S05,36,7,6.461538461538462,0.5384615384615383,0.21459876881973797,0.027777777777777776,0.02564102564102564
PB-S05,37,9,6.461538461538462,2.5384615384615383,1.0116799101501934,0.03571428571428571,0.02564102564102564
PB-S05,38,4,6.461538461538462,-2.4615384615384617,-0.9810229431759453,0.015873015873015872,0.02564102564102564
PB-S05,39,7,6.461538461538462,0.5384615384615383,0.21459876881973797,0.027777777777777776,0.02564102564102564
PB-S06,1,10,8.857142857142858,1.1428571428571423,0.38961860395326275,0.03225806451612903,0.02857142857142857
PB-S06,2,7,8.857142857142858,-1.8571428571428577,-0.6331302314240524,0.02258064516129032,0.02857142857142857
PB-S06,3,8,8.857142857142858,-0.8571428571428577,-0.29221395296494734,0.025806451612903226,0.02857142857142857
PB-S06,4,6,8.857142857142858,-2.8571428571428577,-0.9740465098831574,0.01935483870967742,0.02857142857142857
PB-S06,5,10,8.857142857142858,1.1428571428571423,0.38961860395326275,0.03225806451612903,0.02857142857142857
PB-S06,6,8,8.857142857142858,-0.8571428571428577,-0.29221395296494734,0.025806451612903226,0.02857142857142857
PB-S06,7,9,8.857142857142858,0.14285714285714235,0.04870232549415769,0.02903225806451613,0.02857142857142857
PB-S06,8,4,8.857142857142858,-4.857142857142858,-1.6558790668013676,0.012903225806451613,0.02857142857142857
PB-S06,9,6,8.857142857142858,-2.8571428571428577,-0.9740465098831574,0.01935483870967742,0.02857142857142857
PB-S06,10,8,8.857142857142858,-0.8571428571428577,-0.29221395296494734,0.025806451612903226,0.02857142857142857
PB-S06,11,8,8.857142857142858,-0.8571428571428577,-0.29221395296494734,0.025806451612903226,0.02857142857142857
PB-S06,12,7,8.857142857142858,-1.8571428571428577,-0.6331302314240524,0.02258064516129032,0.02857142857142857
PB-S06,13,11,8.857142857142858,2.1428571428571423,0.7305348824123679,0.035483870967741936,0.02857142857142857
PB-S06,14,11,8.857142857142858,2.1428571428571423,0.7305348824123679,0.035483870967741936,0.02857142857142857
PB-S06,15,7,8.857142857142858,-1.8571428571428577,-0.6331302314240524,0.02258064516129032,0.02857142857142857
PB-S06,16,12,8.857142857142858,3.1428571428571423,1.071451160871473,0.03870967741935484,0.02857142857142857
PB-S06,17,11,8.857142857142858,2.1428571428571423,0.7305348824123679,0.035483870967741936,0.02857142857142857
PB-S06,18,11,8.857142857142858,2.1428571428571423,0.7305348824123679,0.035483870967741936,0.02857142857142857
PB-S06,19,7,8.857142857142858,-1.8571428571428577,-0.6331302314240524,0.02258064516129032,0.02857142857142857
PB-S06,20,13,8.857142857142858,4.142857142857142,1.4123674393305778,0.041935483870967745,0.02857142857142857
PB-S06,21,5,8.857142857142858,-3.8571428571428577,-1.3149627883422625,0.016129032258064516,0.02857142857142857
PB-S06,22,7,8.857142857142858,-1.8571428571428577,-0.6331302314240524,0.02258064516129032,0.02857142857142857
PB-S06,23,10,8.857142857142858,1.1428571428571423,0.38961860395326275,0.03225806451612903,0.02857142857142857
PB-S06,24,9,8.857142857142858,0.14285714285714235,0.04870232549415769,0.02903225806451613,0.02857142857142857
PB-S06,25,8,8.857142857142858,-0.8571428571428577,-0.29221395296494734,0.025806451612903226,0.02857142857142857
PB-S06,26,9,8.857142857142858,0.14285714285714235,0.04870232549415769,0.02903225806451613,0.02857142857142857
PB-S06,27,10,8.857142857142858,1.1428571428571423,0.38961860395326275,0.03225806451612903,0.02857142857142857
PB-S06,28,9,8.857142857142858,0.14285714285714235,0.04870232549415769,0.02903225806451613,0.02857142857142857
PB-S06,29,18,8.857142857142858,9.142857142857142,3.1169488316261034,0.05806451612903226,0.02857142857142857
PB-S06,30,5,8.857142857142858,-3.8571428571428577,-1.3149627883422625,0.016129032258064516,0.02857142857142857
PB-S06,31,4,8.857142857142858,-4.857142857142858,-1.6558790668013676,0.012903225806451613,0.02857142857142857
PB-S06,32,10,8.857142857142858,1.1428571428571423,0.38961860395326275,0.03225806451612903,0.02857142857142857
PB-S06,33,12,8.857142857142858,3.1428571428571423,1.071451160871473,0.03870967741935484,0.02857142857142857
PB-S06,34,7,8.857142857142858,-1.8571428571428577,-0.6331302314240524,0.02258064516129032,0.02857142857142857
PB-S06,35,13,8.857142857142858,4.142857142857142,1.4123674393305778,0.041935483870967745,0.02857142857142857
PB-S07,1,40,43.46153846153846,-3.46153846153846,-0.5354677055778564,0.035398230088495575,0.038461538461538464
PB-S07,2,39,43.46153846153846,-4.46153846153846,-0.6901583760781261,0.034513274336283185,0.038461538461538464
PB-S07,3,45,43.46153846153846,1.53846153846154,0.2379856469234921,0.03982300884955752,0.038461538461538464
PB-S07,4,56,43.46153846153846,12.53846153846154,1.939583022426459,0.049557522123893805,0.038461538461538464
PB-S07,5,47,43.46153846153846,3.53846153846154,0.5473669879240315,0.0415929203539823,0.038461538461538464
PB-S07,6,42,43.46153846153846,-1.46153846153846,-0.226086364577317,0.03716814159292035,0.038461538461538464
PB-S07,7,40,43.46153846153846,-3.46153846153846,-0.5354677055778564,0.035398230088495575,0.038461538461538464
PB-S07,8,42,43.46153846153846,-1.46153846153846,-0.226086364577317,0.03716814159292035,0.038461538461538464
PB-S07,9,48,43.46153846153846,4.53846153846154,0.7020576584243012,0.04247787610619469,0.038461538461538464
PB-S07,10,43,43.46153846153846,-0.4615384615384599,-0.07139569407704731,0.03805309734513274,0.038461538461538464
PB-S07,11,41,43.46153846153846,-2.46153846153846,-0.3807770350775867,0.036283185840707964,0.038461538461538464
PB-S07,12,35,43.46153846153846,-8.46153846153846,-1.308921058079205,0.030973451327433628,0.038461538461538464
PB-S07,13,44,43.46153846153846,0.5384615384615401,0.08329497642322241,0.03893805309734513,0.038461538461538464
PB-S07,14,50,43.46153846153846,6.53846153846154,1.0114389994248407,0.04424778761061947,0.038461538461538464
PB-S07,15,35,43.46153846153846,-8.46153846153846,-1.308921058079205,0.030973451327433628,0.038461538461538464
PB-S07,16,37,43.46153846153846,-6.46153846153846,-0.9995397170786655,0.03274336283185841,0.038461538461538464
PB-S07,17,37,43.46153846153846,-6.46153846153846,-0.9995397170786655,0.03274336283185841,0.038461538461538464
PB-S07,18,52,43.46153846153846,8.53846153846154,1.32082034042538,0.04601769911504425,0.038461538461538464
PB-S07,19,41,43.46153846153846,-2.46153846153846,-0.3807770350775867,0.036283185840707964,0.038461538461538464
PB-S07,20,42,43.46153846153846,-1.46153846153846,-0.226086364577317,0.03716814159292035,0.038461538461538464
PB-S07,21,55,43.46153846153846,11.53846153846154,1.7848923519261892,0.048672566371681415,0.038461538461538464
PB-S07,22,39,43.46153846153846,-4.46153846153846,-0.6901583760781261,0.034513274336283185,0.038461538461538464
PB-S07,23,38,43.46153846153846,-5.46153846153846,-0.8448490465783959,0.033628318584070796,0.038461538461538464
PB-S07,24,50,43.46153846153846,6.53846153846154,1.0114389994248407,0.04424778761061947,0.038461538461538464
PB-S07,25,46,43.46153846153846,2.53846153846154,0.3926763174237618,0.04070796460176991,0.038461538461538464
PB-S07,26,46,43.46153846153846,2.53846153846154,0.3926763174237618,0.04070796460176991,0.038461538461538464
