statistical_regime_id,field,status,observed_T,perm_mean,perm_sd,z,raw_p,n_permutations
FL-S01,machine_id,INSUFFICIENT_DATA,,,,,,
FL-S01,ball_set_id,INSUFFICIENT_DATA,,,,,,
FL-S02,machine_id,RUN,150.23128637632297,136.83351911168427,12.853409504772602,1.042351234484825,0.14828517148285172,10000
FL-S02,ball_set_id,RUN,288.9649123114996,280.6632776502508,20.673877922330085,0.40155188554548327,0.34056594340565943,10000
MM-S01,machine_id,INSUFFICIENT_DATA,,,,,,
MM-S01,ball_set_id,INSUFFICIENT_DATA,,,,,,
MM-S02,machine_id,INSUFFICIENT_DATA,,,,,,
MM-S02,ball_set_id,INSUFFICIENT_DATA,,,,,,
MM-S03,machine_id,INSUFFICIENT_DATA,,,,,,
MM-S03,ball_set_id,INSUFFICIENT_DATA,,,,,,
MM-S04,machine_id,INSUFFICIENT_DATA,,,,,,
MM-S04,ball_set_id,INSUFFICIENT_DATA,,,,,,
MM-S05,machine_id,INSUFFICIENT_DATA,,,,,,
MM-S05,ball_set_id,INSUFFICIENT_DATA,,,,,,
MM-S06,machine_id,INSUFFICIENT_DATA,,,,,,
MM-S06,ball_set_id,INSUFFICIENT_DATA,,,,,,
MM-S07,machine_id,INSUFFICIENT_DATA,,,,,,
MM-S07,ball_set_id,INSUFFICIENT_DATA,,,,,,
PB-S01,machine_id,INSUFFICIENT_DATA,,,,,,
PB-S01,ball_set_id,INSUFFICIENT_DATA,,,,,,
PB-S02,machine_id,INSUFFICIENT_DATA,,,,,,
PB-S02,ball_set_id,INSUFFICIENT_DATA,,,,,,
PB-S03,machine_id,INSUFFICIENT_DATA,,,,,,
PB-S03,ball_set_id,INSUFFICIENT_DATA,,,,,,
PB-S04,machine_id,INSUFFICIENT_DATA,,,,,,
PB-S04,ball_set_id,INSUFFICIENT_DATA,,,,,,
PB-S05,machine_id,INSUFFICIENT_DATA,,,,,,
PB-S05,ball_set_id,INSUFFICIENT_DATA,,,,,,
PB-S06,machine_id,INSUFFICIENT_DATA,,,,,,
PB-S06,ball_set_id,INSUFFICIENT_DATA,,,,,,
PB-S07,machine_id,INSUFFICIENT_DATA,,,,,,
PB-S07,ball_set_id,INSUFFICIENT_DATA,,,,,,
