statistical_regime_id,statistic_id,quantity,observed_T,ref_method
FL-S01,P3-S005,draw_sum,0.00030927880361633235,exact
FL-S01,P3-S006,range,0.0003278954780031858,exact
FL-S01,P3-S007,adjacent_pair_count,0.00040349855872715413,simulated
FL-S01,P3-S008,min_spacing,0.0007374334686935236,simulated
FL-S01,P3-S009,max_spacing,0.00010683101012535183,simulated
FL-S01,P3-S010,odd_count,0.00023483742434159634,exact
FL-S02,P3-S005,draw_sum,1.8832792094332818e-05,exact
FL-S02,P3-S006,range,6.634233674733272e-05,exact
FL-S02,P3-S007,adjacent_pair_count,2.6900132714792e-05,simulated
FL-S02,P3-S008,min_spacing,1.3471880754236531e-05,simulated
FL-S02,P3-S009,max_spacing,9.655389937006063e-05,simulated
FL-S02,P3-S010,odd_count,2.9269049749565457e-05,exact
MM-S01,P3-S005,draw_sum,0.0005061509127864915,exact
MM-S01,P3-S006,range,0.0019029882569675147,exact
MM-S01,P3-S007,adjacent_pair_count,0.0008789175206349803,simulated
MM-S01,P3-S008,min_spacing,0.0049142986444464945,simulated
MM-S01,P3-S009,max_spacing,0.0005268794794944655,simulated
MM-S01,P3-S010,odd_count,0.0015615740078827316,exact
MM-S02,P3-S005,draw_sum,0.00031164892294004046,exact
MM-S02,P3-S006,range,0.00029697626939349705,exact
MM-S02,P3-S007,adjacent_pair_count,0.0011499168641070688,simulated
MM-S02,P3-S008,min_spacing,0.0007438162591962141,simulated
MM-S02,P3-S009,max_spacing,0.0001112856682115786,simulated
MM-S02,P3-S010,odd_count,0.000523194816824684,exact
MM-S03,P3-S005,draw_sum,0.0009306314929162323,exact
MM-S03,P3-S006,range,0.0001850371335748551,exact
MM-S03,P3-S007,adjacent_pair_count,1.2704030639663743e-05,simulated
MM-S03,P3-S008,min_spacing,5.350782851782301e-05,simulated
MM-S03,P3-S009,max_spacing,0.000765370607323446,simulated
MM-S03,P3-S010,odd_count,0.0027620446695988533,exact
MM-S04,P3-S005,draw_sum,0.00021207706902393885,exact
MM-S04,P3-S006,range,0.00014302846518093586,exact
MM-S04,P3-S007,adjacent_pair_count,0.0013870621839095413,simulated
MM-S04,P3-S008,min_spacing,0.000717639337322681,simulated
MM-S04,P3-S009,max_spacing,0.00012215388293468295,simulated
MM-S04,P3-S010,odd_count,0.00033213492013242136,exact
MM-S05,P3-S005,draw_sum,0.0014735251530036207,exact
MM-S05,P3-S006,range,0.0005815787924019184,exact
MM-S05,P3-S007,adjacent_pair_count,0.0014102560958646564,simulated
MM-S05,P3-S008,min_spacing,0.0008126965482783398,simulated
MM-S05,P3-S009,max_spacing,0.0006809090460462495,simulated
MM-S05,P3-S010,odd_count,0.0004735754487447425,exact
MM-S06,P3-S005,draw_sum,0.0009122872701103745,exact
MM-S06,P3-S006,range,0.00010207477895083703,exact
MM-S06,P3-S007,adjacent_pair_count,0.00010454890579996783,simulated
MM-S06,P3-S008,min_spacing,0.00019761812375247362,simulated
MM-S06,P3-S009,max_spacing,0.00014943398509097692,simulated
MM-S06,P3-S010,odd_count,0.00047108777566827746,exact
MM-S07,P3-S005,draw_sum,0.0008406148934791715,exact
MM-S07,P3-S006,range,0.0007563699111092617,exact
MM-S07,P3-S007,adjacent_pair_count,6.16955020885495e-05,simulated
MM-S07,P3-S008,min_spacing,0.002246330704650962,simulated
MM-S07,P3-S009,max_spacing,0.000626923337899626,simulated
MM-S07,P3-S010,odd_count,0.0006663311421055562,exact
PB-S01,P3-S005,draw_sum,0.0005088222469400452,exact
PB-S01,P3-S006,range,0.0004867613283306797,exact
PB-S01,P3-S007,adjacent_pair_count,0.000198843403007608,simulated
PB-S01,P3-S008,min_spacing,0.00016250620877393014,simulated
PB-S01,P3-S009,max_spacing,0.0017579104112494073,simulated
PB-S01,P3-S010,odd_count,0.0003115980391049951,exact
PB-S02,P3-S005,draw_sum,0.00012159862849680137,exact
PB-S02,P3-S006,range,0.0004634348791663922,exact
PB-S02,P3-S007,adjacent_pair_count,0.0006022323967001371,simulated
PB-S02,P3-S008,min_spacing,0.0004666292578274927,simulated
PB-S02,P3-S009,max_spacing,0.00048631879327264615,simulated
PB-S02,P3-S010,odd_count,0.00019063651164144936,exact
PB-S03,P3-S005,draw_sum,0.000493094781380366,exact
PB-S03,P3-S006,range,0.00027278030460686683,exact
PB-S03,P3-S007,adjacent_pair_count,0.0007361910812119079,simulated
PB-S03,P3-S008,min_spacing,0.0013381284196038927,simulated
PB-S03,P3-S009,max_spacing,0.0016400462854143198,simulated
PB-S03,P3-S010,odd_count,0.00013407343432835143,exact
PB-S04,P3-S005,draw_sum,0.000225354126572355,exact
PB-S04,P3-S006,range,0.0005272747372972195,exact
PB-S04,P3-S007,adjacent_pair_count,0.0011259734027196943,simulated
PB-S04,P3-S008,min_spacing,0.0017531104996741913,simulated
PB-S04,P3-S009,max_spacing,0.0009656337862324421,simulated
PB-S04,P3-S010,odd_count,0.0012113070715213316,exact
PB-S05,P3-S005,draw_sum,0.0002437993672158661,exact
PB-S05,P3-S006,range,0.0012889755459223988,exact
PB-S05,P3-S007,adjacent_pair_count,0.00012509245939940284,simulated
PB-S05,P3-S008,min_spacing,0.0003551935763955129,simulated
PB-S05,P3-S009,max_spacing,0.0016844997130552033,simulated
PB-S05,P3-S010,odd_count,0.001977267742776889,exact
PB-S06,P3-S005,draw_sum,0.00024009053868370917,exact
PB-S06,P3-S006,range,0.00020825765903009622,exact
PB-S06,P3-S007,adjacent_pair_count,0.00012486456860369693,simulated
PB-S06,P3-S008,min_spacing,0.0006377034002161819,simulated
PB-S06,P3-S009,max_spacing,0.0003312873295097313,simulated
PB-S06,P3-S010,odd_count,0.0005150620660006568,exact
PB-S07,P3-S005,draw_sum,0.00037645198872310434,exact
PB-S07,P3-S006,range,7.729960160270143e-05,exact
PB-S07,P3-S007,adjacent_pair_count,3.6148858627933734e-05,simulated
PB-S07,P3-S008,min_spacing,0.0003493450858528536,simulated
PB-S07,P3-S009,max_spacing,5.510114407725308e-05,simulated
PB-S07,P3-S010,odd_count,0.00013957394962066115,exact
