statistical_regime_id,n_ordered_draws,status,observed,null_mean,null_sd,z
FL-S01,477,RUN,3.3242078968018878,3.229388997022623,0.4816596178247792,0.19685872817712258
FL-S02,546,RUN,3.364999978019466,3.2596906123052416,0.48181097740934875,0.21856987626239371
MM-S01,0,INSUFFICIENT_DATA,,,,
MM-S02,0,INSUFFICIENT_DATA,,,,
MM-S03,94,INSUFFICIENT_DATA,,,,
MM-S04,688,RUN,3.0844354543224934,3.1929109366704096,0.4683311245745292,-0.23162133938132826
MM-S05,328,RUN,2.708692275455336,3.488973769769041,0.5508633346647592,-1.4164701936253639
MM-S06,613,RUN,3.1459332098645496,3.32124921175258,0.49351449004827025,-0.3552398266378819
MM-S07,122,RUN,4.010914072127333,3.713021958099214,0.6429593934523802,0.4633140398316335
PB-S01,0,INSUFFICIENT_DATA,,,,
PB-S02,0,INSUFFICIENT_DATA,,,,
PB-S03,99,INSUFFICIENT_DATA,,,,
PB-S04,277,RUN,2.6818660297993415,3.311783213463861,0.54039708003669,-1.1656561571756672
PB-S05,249,RUN,4.310385265009045,3.391629974255197,0.5551514071969508,1.6549634547317318
PB-S06,308,RUN,2.9927513563105452,3.3479512883491354,0.5481317075132107,-0.6480193120921204
PB-S07,1123,RUN,3.4269332438428046,3.2389809731297077,0.4466538659343659,0.4208007252325357
