statistical_regime_id,physical_order_draws,physical_segments,physical_segment_lengths,min_required,status
FL-S01,477,3,279;1;197,100,RUN
FL-S02,546,5,160;315;65;4;2,100,RUN
MM-S01,0,0,,100,INSUFFICIENT_DATA
MM-S02,0,0,,100,INSUFFICIENT_DATA
MM-S03,94,3,55;8;31,100,INSUFFICIENT_DATA
MM-S04,688,6,104;17;402;13;111;41,100,RUN
MM-S05,328,12,25;18;29;47;57;58;44;6;7;26;4;7,100,RUN
MM-S06,613,9,7;12;101;5;3;14;31;426;14,100,RUN
MM-S07,122,3,21;60;41,100,RUN
PB-S01,0,0,,100,INSUFFICIENT_DATA
PB-S02,0,0,,100,INSUFFICIENT_DATA
PB-S03,99,1,99,100,INSUFFICIENT_DATA
PB-S04,277,4,8;75;140;54,100,RUN
PB-S05,249,4,176;14;34;25,100,RUN
PB-S06,308,4,18;70;142;78,100,RUN
PB-S07,1123,9,173;138;130;175;139;52;18;150;148,100,RUN
