statistical_regime_id,segment_index,window_length,window_start_draw_id,position,ball,max_abs_z,selected_identity_note
FL-S01,0,100,FL-D-1991-05-18,1,46,4.214656965084268,DATA-DERIVED IDENTITY — REQUIRES INDEPENDENT CONFIRMATION
FL-S01,0,100,FL-D-1990-01-27,2,19,4.214656965084268,DATA-DERIVED IDENTITY — REQUIRES INDEPENDENT CONFIRMATION
FL-S01,0,100,FL-D-1988-12-03,3,34,3.5074028853269765,DATA-DERIVED IDENTITY — REQUIRES INDEPENDENT CONFIRMATION
FL-S01,0,100,FL-D-1988-09-24,4,47,4.214656965084268,DATA-DERIVED IDENTITY — REQUIRES INDEPENDENT CONFIRMATION
FL-S01,0,100,FL-D-1991-07-27,5,12,3.5074028853269765,DATA-DERIVED IDENTITY — REQUIRES INDEPENDENT CONFIRMATION
FL-S01,0,100,FL-D-1988-05-07,6,48,3.5074028853269765,DATA-DERIVED IDENTITY — REQUIRES INDEPENDENT CONFIRMATION
FL-S01,0,250,FL-D-1988-06-18,1,34,2.1908902300206643,DATA-DERIVED IDENTITY — REQUIRES INDEPENDENT CONFIRMATION
FL-S01,0,250,FL-D-1988-05-07,2,19,2.63819698531655,DATA-DERIVED IDENTITY — REQUIRES INDEPENDENT CONFIRMATION
FL-S01,0,250,FL-D-1988-05-07,3,34,2.63819698531655,DATA-DERIVED IDENTITY — REQUIRES INDEPENDENT CONFIRMATION
FL-S01,0,250,FL-D-1988-08-27,4,47,4.427424006500092,DATA-DERIVED IDENTITY — REQUIRES INDEPENDENT CONFIRMATION
FL-S01,0,250,FL-D-1988-06-11,5,12,2.63819698531655,DATA-DERIVED IDENTITY — REQUIRES INDEPENDENT CONFIRMATION
FL-S01,0,250,FL-D-1988-05-07,6,48,2.63819698531655,DATA-DERIVED IDENTITY — REQUIRES INDEPENDENT CONFIRMATION
FL-S01,2,100,FL-D-1994-01-15,1,29,4.214656965084268,DATA-DERIVED IDENTITY — REQUIRES INDEPENDENT CONFIRMATION
FL-S01,2,100,FL-D-1994-06-04,2,36,3.5074028853269765,DATA-DERIVED IDENTITY — REQUIRES INDEPENDENT CONFIRMATION
FL-S01,2,100,FL-D-1995-08-05,3,47,4.214656965084268,DATA-DERIVED IDENTITY — REQUIRES INDEPENDENT CONFIRMATION
FL-S01,2,100,FL-D-1994-03-19,4,9,4.9219110448415595,DATA-DERIVED IDENTITY — REQUIRES INDEPENDENT CONFIRMATION
FL-S01,2,100,FL-D-1994-10-08,5,28,3.5074028853269765,DATA-DERIVED IDENTITY — REQUIRES INDEPENDENT CONFIRMATION
FL-S01,2,100,FL-D-1994-01-01,6,10,3.5074028853269765,DATA-DERIVED IDENTITY — REQUIRES INDEPENDENT CONFIRMATION
FL-S02,0,100,FL-D-2000-01-26,1,44,3.0231160694274983,DATA-DERIVED IDENTITY — REQUIRES INDEPENDENT CONFIRMATION
FL-S02,0,100,FL-D-1999-12-01,2,8,4.493071589424356,DATA-DERIVED IDENTITY — REQUIRES INDEPENDENT CONFIRMATION
FL-S02,0,100,FL-D-2000-02-23,3,52,5.228049349422784,DATA-DERIVED IDENTITY — REQUIRES INDEPENDENT CONFIRMATION
FL-S02,0,100,FL-D-1999-10-27,4,28,3.0231160694274983,DATA-DERIVED IDENTITY — REQUIRES INDEPENDENT CONFIRMATION
FL-S02,0,100,FL-D-1999-10-27,5,2,2.2881383094290704,DATA-DERIVED IDENTITY — REQUIRES INDEPENDENT CONFIRMATION
FL-S02,0,100,FL-D-1999-11-17,6,47,3.758093829425927,DATA-DERIVED IDENTITY — REQUIRES INDEPENDENT CONFIRMATION
FL-S02,1,100,FL-D-2001-09-15,1,38,3.0231160694274983,DATA-DERIVED IDENTITY — REQUIRES INDEPENDENT CONFIRMATION
FL-S02,1,100,FL-D-2002-01-23,2,14,4.493071589424356,DATA-DERIVED IDENTITY — REQUIRES INDEPENDENT CONFIRMATION
FL-S02,1,100,FL-D-2001-11-21,3,37,3.0231160694274983,DATA-DERIVED IDENTITY — REQUIRES INDEPENDENT CONFIRMATION
FL-S02,1,100,FL-D-2001-06-09,4,7,3.0231160694274983,DATA-DERIVED IDENTITY — REQUIRES INDEPENDENT CONFIRMATION
FL-S02,1,100,FL-D-2002-10-23,5,38,3.758093829425927,DATA-DERIVED IDENTITY — REQUIRES INDEPENDENT CONFIRMATION
FL-S02,1,100,FL-D-2001-05-12,6,1,3.758093829425927,DATA-DERIVED IDENTITY — REQUIRES INDEPENDENT CONFIRMATION
FL-S02,1,250,FL-D-2001-07-11,1,15,2.9206032042924073,DATA-DERIVED IDENTITY — REQUIRES INDEPENDENT CONFIRMATION
FL-S02,1,250,FL-D-2001-05-12,2,50,3.8502847047578586,DATA-DERIVED IDENTITY — REQUIRES INDEPENDENT CONFIRMATION
FL-S02,1,250,FL-D-2001-09-01,3,40,2.455762454059682,DATA-DERIVED IDENTITY — REQUIRES INDEPENDENT CONFIRMATION
FL-S02,1,250,FL-D-2001-05-12,4,4,2.455762454059682,DATA-DERIVED IDENTITY — REQUIRES INDEPENDENT CONFIRMATION
FL-S02,1,250,FL-D-2001-05-12,5,41,1.9909217038269564,DATA-DERIVED IDENTITY — REQUIRES INDEPENDENT CONFIRMATION
FL-S02,1,250,FL-D-2001-05-12,6,1,2.455762454059682,DATA-DERIVED IDENTITY — REQUIRES INDEPENDENT CONFIRMATION
MM-S04,0,100,MM-D-2005-07-08,1,54,3.182223350826503,DATA-DERIVED IDENTITY — REQUIRES INDEPENDENT CONFIRMATION
MM-S04,0,100,MM-D-2005-06-24,2,53,3.182223350826503,DATA-DERIVED IDENTITY — REQUIRES INDEPENDENT CONFIRMATION
MM-S04,0,100,MM-D-2005-06-24,3,36,3.937327196785334,DATA-DERIVED IDENTITY — REQUIRES INDEPENDENT CONFIRMATION
MM-S04,0,100,MM-D-2005-07-01,4,20,3.937327196785334,DATA-DERIVED IDENTITY — REQUIRES INDEPENDENT CONFIRMATION
MM-S04,0,100,MM-D-2005-06-24,5,51,3.182223350826503,DATA-DERIVED IDENTITY — REQUIRES INDEPENDENT CONFIRMATION
MM-S04,2,100,MM-D-2006-12-26,1,51,3.937327196785334,DATA-DERIVED IDENTITY — REQUIRES INDEPENDENT CONFIRMATION
MM-S04,2,100,MM-D-2009-01-16,2,35,4.692431042744166,DATA-DERIVED IDENTITY — REQUIRES INDEPENDENT CONFIRMATION
MM-S04,2,100,MM-D-2007-09-07,3,19,3.182223350826503,DATA-DERIVED IDENTITY — REQUIRES INDEPENDENT CONFIRMATION
MM-S04,2,100,MM-D-2006-12-19,4,26,3.182223350826503,DATA-DERIVED IDENTITY — REQUIRES INDEPENDENT CONFIRMATION
MM-S04,2,100,MM-D-2008-09-09,5,48,3.937327196785334,DATA-DERIVED IDENTITY — REQUIRES INDEPENDENT CONFIRMATION
MM-S04,2,250,MM-D-2007-06-19,1,40,3.1212584874461364,DATA-DERIVED IDENTITY — REQUIRES INDEPENDENT CONFIRMATION
MM-S04,2,250,MM-D-2007-04-03,2,9,2.643688882809569,DATA-DERIVED IDENTITY — REQUIRES INDEPENDENT CONFIRMATION
MM-S04,2,250,MM-D-2007-10-16,3,44,2.643688882809569,DATA-DERIVED IDENTITY — REQUIRES INDEPENDENT CONFIRMATION
MM-S04,2,250,MM-D-2006-10-13,4,26,3.598828092082704,DATA-DERIVED IDENTITY — REQUIRES INDEPENDENT CONFIRMATION
MM-S04,2,250,MM-D-2007-08-03,5,33,3.598828092082704,DATA-DERIVED IDENTITY — REQUIRES INDEPENDENT CONFIRMATION
MM-S04,4,100,MM-D-2010-09-07,1,53,3.937327196785334,DATA-DERIVED IDENTITY — REQUIRES INDEPENDENT CONFIRMATION
MM-S04,4,100,MM-D-2010-08-31,2,19,3.182223350826503,DATA-DERIVED IDENTITY — REQUIRES INDEPENDENT CONFIRMATION
MM-S04,4,100,MM-D-2010-08-31,3,31,3.182223350826503,DATA-DERIVED IDENTITY — REQUIRES INDEPENDENT CONFIRMATION
MM-S04,4,100,MM-D-2010-08-31,4,11,2.427119504867672,DATA-DERIVED IDENTITY — REQUIRES INDEPENDENT CONFIRMATION
MM-S04,4,100,MM-D-2010-08-31,5,9,2.427119504867672,DATA-DERIVED IDENTITY — REQUIRES INDEPENDENT CONFIRMATION
MM-S06,2,100,MM-D-2018-01-09,1,28,3.8523472987446143,DATA-DERIVED IDENTITY — REQUIRES INDEPENDENT CONFIRMATION
MM-S06,2,100,MM-D-2018-01-09,2,32,3.8523472987446143,DATA-DERIVED IDENTITY — REQUIRES INDEPENDENT CONFIRMATION
MM-S06,2,100,MM-D-2018-01-09,3,11,2.1669453555438456,DATA-DERIVED IDENTITY — REQUIRES INDEPENDENT CONFIRMATION
MM-S06,2,100,MM-D-2018-01-09,4,1,3.8523472987446143,DATA-DERIVED IDENTITY — REQUIRES INDEPENDENT CONFIRMATION
MM-S06,2,100,MM-D-2018-01-09,5,59,3.00964632714423,DATA-DERIVED IDENTITY — REQUIRES INDEPENDENT CONFIRMATION
MM-S06,7,100,MM-D-2019-10-22,1,9,3.8523472987446143,DATA-DERIVED IDENTITY — REQUIRES INDEPENDENT CONFIRMATION
MM-S06,7,100,MM-D-2020-04-21,2,53,4.695048270344999,DATA-DERIVED IDENTITY — REQUIRES INDEPENDENT CONFIRMATION
MM-S06,7,100,MM-D-2019-07-26,3,43,4.695048270344999,DATA-DERIVED IDENTITY — REQUIRES INDEPENDENT CONFIRMATION
MM-S06,7,100,MM-D-2021-04-09,4,21,4.695048270344999,DATA-DERIVED IDENTITY — REQUIRES INDEPENDENT CONFIRMATION
MM-S06,7,100,MM-D-2019-12-13,5,64,4.695048270344999,DATA-DERIVED IDENTITY — REQUIRES INDEPENDENT CONFIRMATION
MM-S06,7,250,MM-D-2020-08-21,1,15,3.4262414443209646,DATA-DERIVED IDENTITY — REQUIRES INDEPENDENT CONFIRMATION
MM-S06,7,250,MM-D-2020-06-09,2,53,3.9592123356597813,DATA-DERIVED IDENTITY — REQUIRES INDEPENDENT CONFIRMATION
MM-S06,7,250,MM-D-2019-08-02,3,58,3.9592123356597813,DATA-DERIVED IDENTITY — REQUIRES INDEPENDENT CONFIRMATION
MM-S06,7,250,MM-D-2019-11-01,4,21,2.893270552982148,DATA-DERIVED IDENTITY — REQUIRES INDEPENDENT CONFIRMATION
MM-S06,7,250,MM-D-2020-05-15,5,38,3.9592123356597813,DATA-DERIVED IDENTITY — REQUIRES INDEPENDENT CONFIRMATION
PB-S04,2,100,PB-D-2006-06-24,1,42,3.1299035602229495,DATA-DERIVED IDENTITY — REQUIRES INDEPENDENT CONFIRMATION
PB-S04,2,100,PB-D-2006-07-05,2,47,2.3814483610392005,DATA-DERIVED IDENTITY — REQUIRES INDEPENDENT CONFIRMATION
PB-S04,2,100,PB-D-2006-06-24,3,19,3.1299035602229495,DATA-DERIVED IDENTITY — REQUIRES INDEPENDENT CONFIRMATION
PB-S04,2,100,PB-D-2006-07-01,4,30,3.1299035602229495,DATA-DERIVED IDENTITY — REQUIRES INDEPENDENT CONFIRMATION
PB-S04,2,100,PB-D-2006-07-29,5,8,3.1299035602229495,DATA-DERIVED IDENTITY — REQUIRES INDEPENDENT CONFIRMATION
PB-S05,0,100,PB-D-2009-01-07,1,6,3.3351833946369527,DATA-DERIVED IDENTITY — REQUIRES INDEPENDENT CONFIRMATION
PB-S05,0,100,PB-D-2009-01-07,2,22,2.5604754407645895,DATA-DERIVED IDENTITY — REQUIRES INDEPENDENT CONFIRMATION
PB-S05,0,100,PB-D-2009-03-07,3,26,2.5604754407645895,DATA-DERIVED IDENTITY — REQUIRES INDEPENDENT CONFIRMATION
PB-S05,0,100,PB-D-2009-01-24,4,20,3.3351833946369527,DATA-DERIVED IDENTITY — REQUIRES INDEPENDENT CONFIRMATION
PB-S05,0,100,PB-D-2009-06-27,5,32,4.8845993023816785,DATA-DERIVED IDENTITY — REQUIRES INDEPENDENT CONFIRMATION
PB-S06,2,100,PB-D-2012-11-28,1,58,3.3351833946369527,DATA-DERIVED IDENTITY — REQUIRES INDEPENDENT CONFIRMATION
PB-S06,2,100,PB-D-2012-11-28,2,53,2.5604754407645895,DATA-DERIVED IDENTITY — REQUIRES INDEPENDENT CONFIRMATION
PB-S06,2,100,PB-D-2012-12-22,3,11,3.3351833946369527,DATA-DERIVED IDENTITY — REQUIRES INDEPENDENT CONFIRMATION
PB-S06,2,100,PB-D-2012-12-08,4,23,4.109891348509316,DATA-DERIVED IDENTITY — REQUIRES INDEPENDENT CONFIRMATION
PB-S06,2,100,PB-D-2012-11-28,5,3,4.109891348509316,DATA-DERIVED IDENTITY — REQUIRES INDEPENDENT CONFIRMATION
PB-S07,0,100,PB-D-2015-12-30,1,32,5.481305125821125,DATA-DERIVED IDENTITY — REQUIRES INDEPENDENT CONFIRMATION
PB-S07,0,100,PB-D-2015-10-07,2,2,2.9710614066950787,DATA-DERIVED IDENTITY — REQUIRES INDEPENDENT CONFIRMATION
PB-S07,0,100,PB-D-2016-03-09,3,33,4.644557219445776,DATA-DERIVED IDENTITY — REQUIRES INDEPENDENT CONFIRMATION
PB-S07,0,100,PB-D-2016-05-25,4,41,5.481305125821125,DATA-DERIVED IDENTITY — REQUIRES INDEPENDENT CONFIRMATION
PB-S07,0,100,PB-D-2016-06-15,5,28,3.807809313070427,DATA-DERIVED IDENTITY — REQUIRES INDEPENDENT CONFIRMATION
PB-S07,1,100,PB-D-2017-06-03,1,12,2.9710614066950787,DATA-DERIVED IDENTITY — REQUIRES INDEPENDENT CONFIRMATION
PB-S07,1,100,PB-D-2017-07-15,2,28,2.9710614066950787,DATA-DERIVED IDENTITY — REQUIRES INDEPENDENT CONFIRMATION
PB-S07,1,100,PB-D-2017-06-03,3,19,2.9710614066950787,DATA-DERIVED IDENTITY — REQUIRES INDEPENDENT CONFIRMATION
PB-S07,1,100,PB-D-2017-06-03,4,59,2.9710614066950787,DATA-DERIVED IDENTITY — REQUIRES INDEPENDENT CONFIRMATION
PB-S07,1,100,PB-D-2017-06-03,5,57,2.9710614066950787,DATA-DERIVED IDENTITY — REQUIRES INDEPENDENT CONFIRMATION
PB-S07,2,100,PB-D-2018-10-06,1,14,2.9710614066950787,DATA-DERIVED IDENTITY — REQUIRES INDEPENDENT CONFIRMATION
PB-S07,2,100,PB-D-2018-10-10,2,68,3.807809313070427,DATA-DERIVED IDENTITY — REQUIRES INDEPENDENT CONFIRMATION
PB-S07,2,100,PB-D-2018-10-03,3,21,3.807809313070427,DATA-DERIVED IDENTITY — REQUIRES INDEPENDENT CONFIRMATION
PB-S07,2,100,PB-D-2018-10-03,4,6,4.644557219445776,DATA-DERIVED IDENTITY — REQUIRES INDEPENDENT CONFIRMATION
PB-S07,2,100,PB-D-2018-10-03,5,1,3.807809313070427,DATA-DERIVED IDENTITY — REQUIRES INDEPENDENT CONFIRMATION
PB-S07,3,100,PB-D-2020-01-04,1,36,2.9710614066950787,DATA-DERIVED IDENTITY — REQUIRES INDEPENDENT CONFIRMATION
PB-S07,3,100,PB-D-2020-09-12,2,17,3.807809313070427,DATA-DERIVED IDENTITY — REQUIRES INDEPENDENT CONFIRMATION
PB-S07,3,100,PB-D-2020-01-04,3,31,2.9710614066950787,DATA-DERIVED IDENTITY — REQUIRES INDEPENDENT CONFIRMATION
PB-S07,3,100,PB-D-2020-01-04,4,23,2.9710614066950787,DATA-DERIVED IDENTITY — REQUIRES INDEPENDENT CONFIRMATION
PB-S07,3,100,PB-D-2020-02-29,5,39,3.807809313070427,DATA-DERIVED IDENTITY — REQUIRES INDEPENDENT CONFIRMATION
PB-S07,4,100,PB-D-2021-09-04,1,37,3.807809313070427,DATA-DERIVED IDENTITY — REQUIRES INDEPENDENT CONFIRMATION
PB-S07,4,100,PB-D-2021-10-30,2,45,3.807809313070427,DATA-DERIVED IDENTITY — REQUIRES INDEPENDENT CONFIRMATION
PB-S07,4,100,PB-D-2021-11-17,3,69,3.807809313070427,DATA-DERIVED IDENTITY — REQUIRES INDEPENDENT CONFIRMATION
PB-S07,4,100,PB-D-2021-10-09,4,39,3.807809313070427,DATA-DERIVED IDENTITY — REQUIRES INDEPENDENT CONFIRMATION
PB-S07,4,100,PB-D-2021-10-09,5,2,2.9710614066950787,DATA-DERIVED IDENTITY — REQUIRES INDEPENDENT CONFIRMATION
PB-S07,7,100,PB-D-2023-01-11,1,15,3.807809313070427,DATA-DERIVED IDENTITY — REQUIRES INDEPENDENT CONFIRMATION
PB-S07,7,100,PB-D-2023-03-13,2,19,3.807809313070427,DATA-DERIVED IDENTITY — REQUIRES INDEPENDENT CONFIRMATION
PB-S07,7,100,PB-D-2023-01-28,3,24,3.807809313070427,DATA-DERIVED IDENTITY — REQUIRES INDEPENDENT CONFIRMATION
PB-S07,7,100,PB-D-2023-04-10,4,66,3.807809313070427,DATA-DERIVED IDENTITY — REQUIRES INDEPENDENT CONFIRMATION
PB-S07,7,100,PB-D-2023-02-18,5,54,2.9710614066950787,DATA-DERIVED IDENTITY — REQUIRES INDEPENDENT CONFIRMATION
PB-S07,8,100,PB-D-2024-01-10,1,33,2.9710614066950787,DATA-DERIVED IDENTITY — REQUIRES INDEPENDENT CONFIRMATION
PB-S07,8,100,PB-D-2024-02-03,2,45,3.807809313070427,DATA-DERIVED IDENTITY — REQUIRES INDEPENDENT CONFIRMATION
PB-S07,8,100,PB-D-2024-04-06,3,12,3.807809313070427,DATA-DERIVED IDENTITY — REQUIRES INDEPENDENT CONFIRMATION
PB-S07,8,100,PB-D-2023-12-30,4,19,2.9710614066950787,DATA-DERIVED IDENTITY — REQUIRES INDEPENDENT CONFIRMATION
PB-S07,8,100,PB-D-2023-12-30,5,36,2.9710614066950787,DATA-DERIVED IDENTITY — REQUIRES INDEPENDENT CONFIRMATION
