statistical_regime_id,record,source_position,dest_position,lag,hits,n_pairs,z
FL-S01,P3B-S007,1,1,1,9.0,474,-0.21877825314832564
FL-S01,P3B-S007,1,1,2,9.0,472,-0.20595392633793438
FL-S01,P3B-S007,1,1,3,5.0,470,-1.498003991131802
FL-S01,P3B-S007,1,1,4,10.0,468,0.14678414098799686
FL-S01,P3B-S007,1,1,5,6.0,466,-1.1500450945938716
FL-S01,P3B-S007,2,2,1,8.0,474,-0.5436308108534154
FL-S01,P3B-S007,2,2,2,7.0,472,-0.8570340805675334
FL-S01,P3B-S007,2,2,3,5.0,470,-1.498003991131802
FL-S01,P3B-S007,2,2,4,18.0,468,2.7622106531377537
FL-S01,P3B-S007,2,2,5,7.0,466,-0.8224159688084082
FL-S01,P3B-S007,3,3,1,11.0,474,0.4309268622618539
FL-S01,P3B-S007,3,3,2,7.0,472,-0.8570340805675334
FL-S01,P3B-S007,3,3,3,8.0,470,-0.5193080502590244
FL-S01,P3B-S007,3,3,4,9.0,468,-0.18014417303072272
FL-S01,P3B-S007,3,3,5,12.0,466,0.8157296601189092
FL-S01,P3B-S007,4,4,1,4.0,474,-1.8430410416737744
FL-S01,P3B-S007,4,4,2,6.0,472,-1.182574157682333
FL-S01,P3B-S007,4,4,3,5.0,470,-1.498003991131802
FL-S01,P3B-S007,4,4,4,19.0,468,3.0891389671564733
FL-S01,P3B-S007,4,4,5,8.0,466,-0.4947868430229447
FL-S01,P3B-S007,5,5,1,13.0,474,1.0806319776720335
FL-S01,P3B-S007,5,5,2,7.0,472,-0.8570340805675334
FL-S01,P3B-S007,5,5,3,9.0,470,-0.19307606996809853
FL-S01,P3B-S007,5,5,4,6.0,468,-1.1609291150868815
FL-S01,P3B-S007,5,5,5,8.0,466,-0.4947868430229447
FL-S01,P3B-S007,6,6,1,11.0,474,0.4309268622618539
FL-S01,P3B-S007,6,6,2,8.0,472,-0.5314940034527339
FL-S01,P3B-S007,6,6,3,16.0,470,2.0905477920683824
FL-S01,P3B-S007,6,6,4,11.0,468,0.47371245500671644
FL-S01,P3B-S007,6,6,5,11.0,466,0.4881005343334458
FL-S01,P3B-S008,1,1,1,9.0,474,-0.21877825314832564
FL-S01,P3B-S008,1,1,2,9.0,472,-0.20595392633793438
FL-S01,P3B-S008,1,1,3,5.0,470,-1.498003991131802
FL-S01,P3B-S008,1,2,1,8.0,474,-0.5436308108534154
FL-S01,P3B-S008,1,2,2,4.0,472,-1.833654311911932
FL-S01,P3B-S008,1,2,3,16.0,470,2.0905477920683824
FL-S01,P3B-S008,1,3,1,6.0,474,-1.193335926263595
FL-S01,P3B-S008,1,3,2,6.0,472,-1.182574157682333
FL-S01,P3B-S008,1,3,3,12.0,470,0.785619870904679
FL-S01,P3B-S008,1,4,1,5.0,474,-1.5181884839686848
FL-S01,P3B-S008,1,4,2,15.0,472,1.7472865363508627
FL-S01,P3B-S008,1,4,3,10.0,470,0.1331559103228273
FL-S01,P3B-S008,1,5,1,11.0,474,0.4309268622618539
FL-S01,P3B-S008,1,5,2,10.0,472,0.11958615077686512
FL-S01,P3B-S008,1,5,3,7.0,470,-0.8455400305499502
FL-S01,P3B-S008,1,6,1,6.0,474,-1.193335926263595
FL-S01,P3B-S008,1,6,2,13.0,472,1.0962063821212635
FL-S01,P3B-S008,1,6,3,10.0,470,0.1331559103228273
FL-S01,P3B-S008,2,1,1,12.0,474,0.7557794199669436
FL-S01,P3B-S008,2,1,2,6.0,472,-1.182574157682333
FL-S01,P3B-S008,2,1,3,15.0,470,1.7643158117774564
FL-S01,P3B-S008,2,2,1,8.0,474,-0.5436308108534154
FL-S01,P3B-S008,2,2,2,7.0,472,-0.8570340805675334
FL-S01,P3B-S008,2,2,3,5.0,470,-1.498003991131802
FL-S01,P3B-S008,2,3,1,11.0,474,0.4309268622618539
FL-S01,P3B-S008,2,3,2,18.0,472,2.723906767695261
FL-S01,P3B-S008,2,3,3,9.0,470,-0.19307606996809853
FL-S01,P3B-S008,2,4,1,4.0,474,-1.8430410416737744
FL-S01,P3B-S008,2,4,2,13.0,472,1.0962063821212635
FL-S01,P3B-S008,2,4,3,6.0,470,-1.171772010840876
FL-S01,P3B-S008,2,5,1,16.0,474,2.0551896507873026
FL-S01,P3B-S008,2,5,2,13.0,472,1.0962063821212635
FL-S01,P3B-S008,2,5,3,18.0,470,2.7430117526502342
FL-S01,P3B-S008,2,6,1,14.0,474,1.4054845353771233
FL-S01,P3B-S008,2,6,2,7.0,472,-0.8570340805675334
FL-S01,P3B-S008,2,6,3,10.0,470,0.1331559103228273
FL-S01,P3B-S008,3,1,1,9.0,474,-0.21877825314832564
FL-S01,P3B-S008,3,1,2,11.0,472,0.4451262278916646
FL-S01,P3B-S008,3,1,3,12.0,470,0.785619870904679
FL-S01,P3B-S008,3,2,1,5.0,474,-1.5181884839686848
FL-S01,P3B-S008,3,2,2,7.0,472,-0.8570340805675334
FL-S01,P3B-S008,3,2,3,14.0,470,1.4380838314865307
FL-S01,P3B-S008,3,3,1,11.0,474,0.4309268622618539
FL-S01,P3B-S008,3,3,2,7.0,472,-0.8570340805675334
FL-S01,P3B-S008,3,3,3,8.0,470,-0.5193080502590244
FL-S01,P3B-S008,3,4,1,6.0,474,-1.193335926263595
FL-S01,P3B-S008,3,4,2,6.0,472,-1.182574157682333
FL-S01,P3B-S008,3,4,3,11.0,470,0.4593878906137532
FL-S01,P3B-S008,3,5,1,11.0,474,0.4309268622618539
FL-S01,P3B-S008,3,5,2,13.0,472,1.0962063821212635
FL-S01,P3B-S008,3,5,3,13.0,470,1.1118518511956048
FL-S01,P3B-S008,3,6,1,13.0,474,1.0806319776720335
FL-S01,P3B-S008,3,6,2,11.0,472,0.4451262278916646
FL-S01,P3B-S008,3,6,3,6.0,470,-1.171772010840876
FL-S01,P3B-S008,4,1,1,9.0,474,-0.21877825314832564
FL-S01,P3B-S008,4,1,2,11.0,472,0.4451262278916646
FL-S01,P3B-S008,4,1,3,12.0,470,0.785619870904679
FL-S01,P3B-S008,4,2,1,18.0,474,2.7048947661974823
FL-S01,P3B-S008,4,2,2,7.0,472,-0.8570340805675334
FL-S01,P3B-S008,4,2,3,9.0,470,-0.19307606996809853
FL-S01,P3B-S008,4,3,1,12.0,474,0.7557794199669436
FL-S01,P3B-S008,4,3,2,8.0,472,-0.5314940034527339
FL-S01,P3B-S008,4,3,3,12.0,470,0.785619870904679
FL-S01,P3B-S008,4,4,1,4.0,474,-1.8430410416737744
FL-S01,P3B-S008,4,4,2,6.0,472,-1.182574157682333
FL-S01,P3B-S008,4,4,3,5.0,470,-1.498003991131802
FL-S01,P3B-S008,4,5,1,14.0,474,1.4054845353771233
FL-S01,P3B-S008,4,5,2,16.0,472,2.0728266134656623
FL-S01,P3B-S008,4,5,3,10.0,470,0.1331559103228273
FL-S01,P3B-S008,4,6,1,9.0,474,-0.21877825314832564
FL-S01,P3B-S008,4,6,2,12.0,472,0.7706663050064642
FL-S01,P3B-S008,4,6,3,9.0,470,-0.19307606996809853
FL-S01,P3B-S008,5,1,1,9.0,474,-0.21877825314832564
FL-S01,P3B-S008,5,1,2,10.0,472,0.11958615077686512
FL-S01,P3B-S008,5,1,3,13.0,470,1.1118518511956048
FL-S01,P3B-S008,5,2,1,7.0,474,-0.8684833685585052
FL-S01,P3B-S008,5,2,2,9.0,472,-0.20595392633793438
FL-S01,P3B-S008,5,2,3,7.0,470,-0.8455400305499502
FL-S01,P3B-S008,5,3,1,9.0,474,-0.21877825314832564
FL-S01,P3B-S008,5,3,2,8.0,472,-0.5314940034527339
FL-S01,P3B-S008,5,3,3,7.0,470,-0.8455400305499502
FL-S01,P3B-S008,5,4,1,10.0,474,0.10607430455676412
FL-S01,P3B-S008,5,4,2,12.0,472,0.7706663050064642
FL-S01,P3B-S008,5,4,3,11.0,470,0.4593878906137532
FL-S01,P3B-S008,5,5,1,13.0,474,1.0806319776720335
FL-S01,P3B-S008,5,5,2,7.0,472,-0.8570340805675334
FL-S01,P3B-S008,5,5,3,9.0,470,-0.19307606996809853
FL-S01,P3B-S008,5,6,1,9.0,474,-0.21877825314832564
FL-S01,P3B-S008,5,6,2,12.0,472,0.7706663050064642
FL-S01,P3B-S008,5,6,3,7.0,470,-0.8455400305499502
FL-S01,P3B-S008,6,1,1,10.0,474,0.10607430455676412
FL-S01,P3B-S008,6,1,2,11.0,472,0.4451262278916646
FL-S01,P3B-S008,6,1,3,8.0,470,-0.5193080502590244
FL-S01,P3B-S008,6,2,1,10.0,474,0.10607430455676412
FL-S01,P3B-S008,6,2,2,13.0,472,1.0962063821212635
FL-S01,P3B-S008,6,2,3,10.0,470,0.1331559103228273
FL-S01,P3B-S008,6,3,1,13.0,474,1.0806319776720335
FL-S01,P3B-S008,6,3,2,9.0,472,-0.20595392633793438
FL-S01,P3B-S008,6,3,3,8.0,470,-0.5193080502590244
FL-S01,P3B-S008,6,4,1,7.0,474,-0.8684833685585052
FL-S01,P3B-S008,6,4,2,8.0,472,-0.5314940034527339
FL-S01,P3B-S008,6,4,3,11.0,470,0.4593878906137532
FL-S01,P3B-S008,6,5,1,10.0,474,0.10607430455676412
FL-S01,P3B-S008,6,5,2,11.0,472,0.4451262278916646
FL-S01,P3B-S008,6,5,3,7.0,470,-0.8455400305499502
FL-S01,P3B-S008,6,6,1,11.0,474,0.4309268622618539
FL-S01,P3B-S008,6,6,2,8.0,472,-0.5314940034527339
FL-S01,P3B-S008,6,6,3,16.0,470,2.0905477920683824
FL-S02,P3B-S007,1,1,1,12.0,541,0.5664000733426954
FL-S02,P3B-S007,1,1,2,10.0,536,-0.03593909888870687
FL-S02,P3B-S007,1,1,3,7.0,532,-0.9679844663658123
FL-S02,P3B-S007,1,1,4,14.0,528,1.2915021701405909
FL-S02,P3B-S007,1,1,5,4.0,525,-1.8943621772533514
FL-S02,P3B-S007,2,2,1,7.0,541,-1.013558025981665
FL-S02,P3B-S007,2,2,2,7.0,536,-0.9883252194394428
FL-S02,P3B-S007,2,2,3,7.0,532,-0.9679844663658123
FL-S02,P3B-S007,2,2,4,7.0,528,-0.9475039285610874
FL-S02,P3B-S007,2,2,5,13.0,525,0.992573153576836
FL-S02,P3B-S007,3,3,1,13.0,541,0.8823916932075674
FL-S02,P3B-S007,3,3,2,9.0,536,-0.3534011390722855
FL-S02,P3B-S007,3,3,3,4.0,532,-1.9239442809755274
FL-S02,P3B-S007,3,3,4,7.0,528,-0.9475039285610874
FL-S02,P3B-S007,3,3,5,11.0,525,0.35103196894790545
FL-S02,P3B-S007,4,4,1,10.0,541,-0.06558316638704884
FL-S02,P3B-S007,4,4,2,13.0,536,0.9164470216620291
FL-S02,P3B-S007,4,4,3,10.0,532,-0.012024651756097184
FL-S02,P3B-S007,4,4,4,11.0,528,0.3319281278398716
FL-S02,P3B-S007,4,4,5,10.0,525,0.030261376633440185
FL-S02,P3B-S007,5,5,1,11.0,541,0.25040845347782326
FL-S02,P3B-S007,5,5,2,12.0,536,0.5989849814784505
FL-S02,P3B-S007,5,5,3,10.0,532,-0.012024651756097184
FL-S02,P3B-S007,5,5,4,16.0,528,1.9312181983410703
FL-S02,P3B-S007,5,5,5,12.0,525,0.6718025612623707
FL-S02,P3B-S007,6,6,1,11.0,541,0.25040845347782326
FL-S02,P3B-S007,6,6,2,12.0,536,0.5989849814784505
FL-S02,P3B-S007,6,6,3,13.0,532,0.9439351628536179
FL-S02,P3B-S007,6,6,4,7.0,528,-0.9475039285610874
FL-S02,P3B-S007,6,6,5,13.0,525,0.992573153576836
FL-S02,P3B-S008,1,1,1,12.0,541,0.5664000733426954
FL-S02,P3B-S008,1,1,2,10.0,536,-0.03593909888870687
FL-S02,P3B-S008,1,1,3,7.0,532,-0.9679844663658123
FL-S02,P3B-S008,1,2,1,12.0,541,0.5664000733426954
FL-S02,P3B-S008,1,2,2,8.0,536,-0.6708631792558641
FL-S02,P3B-S008,1,2,3,11.0,532,0.3066286197804745
FL-S02,P3B-S008,1,3,1,8.0,541,-0.697566406116793
FL-S02,P3B-S008,1,3,2,10.0,536,-0.03593909888870687
FL-S02,P3B-S008,1,3,3,10.0,532,-0.012024651756097184
FL-S02,P3B-S008,1,4,1,6.0,541,-1.3295496458465372
FL-S02,P3B-S008,1,4,2,6.0,536,-1.3057872596230213
FL-S02,P3B-S008,1,4,3,8.0,532,-0.6493311948292405
FL-S02,P3B-S008,1,5,1,10.0,541,-0.06558316638704884
FL-S02,P3B-S008,1,5,2,10.0,536,-0.03593909888870687
FL-S02,P3B-S008,1,5,3,8.0,532,-0.6493311948292405
FL-S02,P3B-S008,1,6,1,6.0,541,-1.3295496458465372
FL-S02,P3B-S008,1,6,2,11.0,536,0.28152294129487176
FL-S02,P3B-S008,1,6,3,8.0,532,-0.6493311948292405
FL-S02,P3B-S008,2,1,1,9.0,541,-0.3815747862519209
FL-S02,P3B-S008,2,1,2,16.0,536,1.868833142212765
FL-S02,P3B-S008,2,1,3,7.0,532,-0.9679844663658123
FL-S02,P3B-S008,2,2,1,7.0,541,-1.013558025981665
FL-S02,P3B-S008,2,2,2,7.0,536,-0.9883252194394428
FL-S02,P3B-S008,2,2,3,7.0,532,-0.9679844663658123
FL-S02,P3B-S008,2,3,1,14.0,541,1.1983833130724395
FL-S02,P3B-S008,2,3,2,12.0,536,0.5989849814784505
FL-S02,P3B-S008,2,3,3,8.0,532,-0.6493311948292405
FL-S02,P3B-S008,2,4,1,17.0,541,2.146358172667056
FL-S02,P3B-S008,2,4,2,10.0,536,-0.03593909888870687
FL-S02,P3B-S008,2,4,3,6.0,532,-1.286637737902384
FL-S02,P3B-S008,2,5,1,9.0,541,-0.3815747862519209
FL-S02,P3B-S008,2,5,2,11.0,536,0.28152294129487176
FL-S02,P3B-S008,2,5,3,12.0,532,0.6252818913170461
FL-S02,P3B-S008,2,6,1,14.0,541,1.1983833130724395
FL-S02,P3B-S008,2,6,2,12.0,536,0.5989849814784505
FL-S02,P3B-S008,2,6,3,7.0,532,-0.9679844663658123
FL-S02,P3B-S008,3,1,1,10.0,541,-0.06558316638704884
FL-S02,P3B-S008,3,1,2,10.0,536,-0.03593909888870687
FL-S02,P3B-S008,3,1,3,9.0,532,-0.3306779232926689
FL-S02,P3B-S008,3,2,1,8.0,541,-0.697566406116793
FL-S02,P3B-S008,3,2,2,9.0,536,-0.3534011390722855
FL-S02,P3B-S008,3,2,3,11.0,532,0.3066286197804745
FL-S02,P3B-S008,3,3,1,13.0,541,0.8823916932075674
FL-S02,P3B-S008,3,3,2,9.0,536,-0.3534011390722855
FL-S02,P3B-S008,3,3,3,4.0,532,-1.9239442809755274
FL-S02,P3B-S008,3,4,1,6.0,541,-1.3295496458465372
FL-S02,P3B-S008,3,4,2,10.0,536,-0.03593909888870687
FL-S02,P3B-S008,3,4,3,15.0,532,1.5812417059267612
FL-S02,P3B-S008,3,5,1,9.0,541,-0.3815747862519209
FL-S02,P3B-S008,3,5,2,8.0,536,-0.6708631792558641
FL-S02,P3B-S008,3,5,3,12.0,532,0.6252818913170461
FL-S02,P3B-S008,3,6,1,11.0,541,0.25040845347782326
FL-S02,P3B-S008,3,6,2,5.0,536,-1.6232492998066002
FL-S02,P3B-S008,3,6,3,9.0,532,-0.3306779232926689
FL-S02,P3B-S008,4,1,1,13.0,541,0.8823916932075674
FL-S02,P3B-S008,4,1,2,9.0,536,-0.3534011390722855
FL-S02,P3B-S008,4,1,3,12.0,532,0.6252818913170461
FL-S02,P3B-S008,4,2,1,10.0,541,-0.06558316638704884
FL-S02,P3B-S008,4,2,2,3.0,536,-2.2581733801737576
FL-S02,P3B-S008,4,2,3,6.0,532,-1.286637737902384
FL-S02,P3B-S008,4,3,1,9.0,541,-0.3815747862519209
FL-S02,P3B-S008,4,3,2,8.0,536,-0.6708631792558641
FL-S02,P3B-S008,4,3,3,8.0,532,-0.6493311948292405
FL-S02,P3B-S008,4,4,1,10.0,541,-0.06558316638704884
FL-S02,P3B-S008,4,4,2,13.0,536,0.9164470216620291
FL-S02,P3B-S008,4,4,3,10.0,532,-0.012024651756097184
FL-S02,P3B-S008,4,5,1,13.0,541,0.8823916932075674
FL-S02,P3B-S008,4,5,2,13.0,536,0.9164470216620291
FL-S02,P3B-S008,4,5,3,15.0,532,1.5812417059267612
FL-S02,P3B-S008,4,6,1,9.0,541,-0.3815747862519209
FL-S02,P3B-S008,4,6,2,8.0,536,-0.6708631792558641
FL-S02,P3B-S008,4,6,3,9.0,532,-0.3306779232926689
FL-S02,P3B-S008,5,1,1,10.0,541,-0.06558316638704884
FL-S02,P3B-S008,5,1,2,15.0,536,1.5513711020291863
FL-S02,P3B-S008,5,1,3,13.0,532,0.9439351628536179
FL-S02,P3B-S008,5,2,1,9.0,541,-0.3815747862519209
FL-S02,P3B-S008,5,2,2,14.0,536,1.2339090618456077
FL-S02,P3B-S008,5,2,3,12.0,532,0.6252818913170461
FL-S02,P3B-S008,5,3,1,10.0,541,-0.06558316638704884
FL-S02,P3B-S008,5,3,2,12.0,536,0.5989849814784505
FL-S02,P3B-S008,5,3,3,13.0,532,0.9439351628536179
FL-S02,P3B-S008,5,4,1,8.0,541,-0.697566406116793
FL-S02,P3B-S008,5,4,2,9.0,536,-0.3534011390722855
FL-S02,P3B-S008,5,4,3,7.0,532,-0.9679844663658123
FL-S02,P3B-S008,5,5,1,11.0,541,0.25040845347782326
FL-S02,P3B-S008,5,5,2,12.0,536,0.5989849814784505
FL-S02,P3B-S008,5,5,3,10.0,532,-0.012024651756097184
FL-S02,P3B-S008,5,6,1,16.0,541,1.8303665528021837
FL-S02,P3B-S008,5,6,2,10.0,536,-0.03593909888870687
FL-S02,P3B-S008,5,6,3,7.0,532,-0.9679844663658123
FL-S02,P3B-S008,6,1,1,7.0,541,-1.013558025981665
FL-S02,P3B-S008,6,1,2,8.0,536,-0.6708631792558641
FL-S02,P3B-S008,6,1,3,6.0,532,-1.286637737902384
FL-S02,P3B-S008,6,2,1,8.0,541,-0.697566406116793
FL-S02,P3B-S008,6,2,2,11.0,536,0.28152294129487176
FL-S02,P3B-S008,6,2,3,8.0,532,-0.6493311948292405
FL-S02,P3B-S008,6,3,1,8.0,541,-0.697566406116793
FL-S02,P3B-S008,6,3,2,10.0,536,-0.03593909888870687
FL-S02,P3B-S008,6,3,3,12.0,532,0.6252818913170461
FL-S02,P3B-S008,6,4,1,12.0,541,0.5664000733426954
FL-S02,P3B-S008,6,4,2,12.0,536,0.5989849814784505
FL-S02,P3B-S008,6,4,3,8.0,532,-0.6493311948292405
FL-S02,P3B-S008,6,5,1,7.0,541,-1.013558025981665
FL-S02,P3B-S008,6,5,2,10.0,536,-0.03593909888870687
FL-S02,P3B-S008,6,5,3,7.0,532,-0.9679844663658123
FL-S02,P3B-S008,6,6,1,11.0,541,0.25040845347782326
FL-S02,P3B-S008,6,6,2,12.0,536,0.5989849814784505
FL-S02,P3B-S008,6,6,3,13.0,532,0.9439351628536179
MM-S04,P3B-S007,1,1,1,9.0,682,-0.9190655135997954
MM-S04,P3B-S007,1,1,2,4.0,676,-2.344141060256811
MM-S04,P3B-S007,1,1,3,9.0,670,-0.8647475533772344
MM-S04,P3B-S007,1,1,4,15.0,664,0.9209738167202899
MM-S04,P3B-S007,1,1,5,11.0,658,-0.22077759536485364
MM-S04,P3B-S007,2,2,1,11.0,682,-0.34077710054823845
MM-S04,P3B-S007,2,2,2,18.0,676,1.7218027256753567
MM-S04,P3B-S007,2,2,3,13.0,670,0.3021407114209617
MM-S04,P3B-S007,2,2,4,12.0,664,0.041862446214558986
MM-S04,P3B-S007,2,2,5,12.0,658,0.07359253178828454
MM-S04,P3B-S007,3,3,1,9.0,682,-0.9190655135997954
MM-S04,P3B-S007,3,3,2,8.0,676,-1.182442835704763
MM-S04,P3B-S007,3,3,3,12.0,670,0.010418645221412687
MM-S04,P3B-S007,3,3,4,7.0,664,-1.4233231712949925
MM-S04,P3B-S007,3,3,5,16.0,658,1.2510730404008372
MM-S04,P3B-S007,4,4,1,15.0,682,0.8157997255548755
MM-S04,P3B-S007,4,4,2,7.0,676,-1.472867391842775
MM-S04,P3B-S007,4,4,3,13.0,670,0.3021407114209617
MM-S04,P3B-S007,4,4,4,15.0,664,0.9209738167202899
MM-S04,P3B-S007,4,4,5,11.0,658,-0.22077759536485364
MM-S04,P3B-S007,5,5,1,13.0,682,0.23751131250331847
MM-S04,P3B-S007,5,5,2,11.0,676,-0.311169167290727
MM-S04,P3B-S007,5,5,3,10.0,670,-0.5730254871776854
MM-S04,P3B-S007,5,5,4,14.0,664,0.6279366932183795
MM-S04,P3B-S007,5,5,5,6.0,658,-1.6926282311305445
MM-S04,P3B-S008,1,1,1,9.0,682,-0.9190655135997954
MM-S04,P3B-S008,1,1,2,4.0,676,-2.344141060256811
MM-S04,P3B-S008,1,1,3,9.0,670,-0.8647475533772344
MM-S04,P3B-S008,1,2,1,7.0,682,-1.4973539266513523
MM-S04,P3B-S008,1,2,2,13.0,676,0.2696799449852969
MM-S04,P3B-S008,1,2,3,14.0,670,0.5938627776205108
MM-S04,P3B-S008,1,3,1,12.0,682,-0.05163289402246
MM-S04,P3B-S008,1,3,2,12.0,676,-0.02074461115271507
MM-S04,P3B-S008,1,3,3,16.0,670,1.1773069100196087
MM-S04,P3B-S008,1,4,1,9.0,682,-0.9190655135997954
MM-S04,P3B-S008,1,4,2,3.0,676,-2.634565616394823
MM-S04,P3B-S008,1,4,3,9.0,670,-0.8647475533772344
MM-S04,P3B-S008,1,5,1,11.0,682,-0.34077710054823845
MM-S04,P3B-S008,1,5,2,13.0,676,0.2696799449852969
MM-S04,P3B-S008,1,5,3,14.0,670,0.5938627776205108
MM-S04,P3B-S008,2,1,1,14.0,682,0.5266555190290969
MM-S04,P3B-S008,2,1,2,13.0,676,0.2696799449852969
MM-S04,P3B-S008,2,1,3,12.0,670,0.010418645221412687
MM-S04,P3B-S008,2,2,1,11.0,682,-0.34077710054823845
MM-S04,P3B-S008,2,2,2,18.0,676,1.7218027256753567
MM-S04,P3B-S008,2,2,3,13.0,670,0.3021407114209617
MM-S04,P3B-S008,2,3,1,6.0,682,-1.7864981331771308
MM-S04,P3B-S008,2,3,2,16.0,676,1.1409536133993328
MM-S04,P3B-S008,2,3,3,17.0,670,1.469028976219158
MM-S04,P3B-S008,2,4,1,8.0,682,-1.208209720125574
MM-S04,P3B-S008,2,4,2,14.0,676,0.5601045011233089
MM-S04,P3B-S008,2,4,3,13.0,670,0.3021407114209617
MM-S04,P3B-S008,2,5,1,11.0,682,-0.34077710054823845
MM-S04,P3B-S008,2,5,2,15.0,676,0.8505290572613209
MM-S04,P3B-S008,2,5,3,10.0,670,-0.5730254871776854
MM-S04,P3B-S008,3,1,1,16.0,682,1.1049439320806538
MM-S04,P3B-S008,3,1,2,13.0,676,0.2696799449852969
MM-S04,P3B-S008,3,1,3,10.0,670,-0.5730254871776854
MM-S04,P3B-S008,3,2,1,16.0,682,1.1049439320806538
MM-S04,P3B-S008,3,2,2,12.0,676,-0.02074461115271507
MM-S04,P3B-S008,3,2,3,8.0,670,-1.1564696195767834
MM-S04,P3B-S008,3,3,1,9.0,682,-0.9190655135997954
MM-S04,P3B-S008,3,3,2,8.0,676,-1.182442835704763
MM-S04,P3B-S008,3,3,3,12.0,670,0.010418645221412687
MM-S04,P3B-S008,3,4,1,16.0,682,1.1049439320806538
MM-S04,P3B-S008,3,4,2,11.0,676,-0.311169167290727
MM-S04,P3B-S008,3,4,3,12.0,670,0.010418645221412687
MM-S04,P3B-S008,3,5,1,15.0,682,0.8157997255548755
MM-S04,P3B-S008,3,5,2,12.0,676,-0.02074461115271507
MM-S04,P3B-S008,3,5,3,10.0,670,-0.5730254871776854
MM-S04,P3B-S008,4,1,1,10.0,682,-0.629921307074017
MM-S04,P3B-S008,4,1,2,9.0,676,-0.8920182795667511
MM-S04,P3B-S008,4,1,3,13.0,670,0.3021407114209617
MM-S04,P3B-S008,4,2,1,12.0,682,-0.05163289402246
MM-S04,P3B-S008,4,2,2,16.0,676,1.1409536133993328
MM-S04,P3B-S008,4,2,3,13.0,670,0.3021407114209617
MM-S04,P3B-S008,4,3,1,13.0,682,0.23751131250331847
MM-S04,P3B-S008,4,3,2,6.0,676,-1.763291947980787
MM-S04,P3B-S008,4,3,3,16.0,670,1.1773069100196087
MM-S04,P3B-S008,4,4,1,15.0,682,0.8157997255548755
MM-S04,P3B-S008,4,4,2,7.0,676,-1.472867391842775
MM-S04,P3B-S008,4,4,3,13.0,670,0.3021407114209617
MM-S04,P3B-S008,4,5,1,12.0,682,-0.05163289402246
MM-S04,P3B-S008,4,5,2,14.0,676,0.5601045011233089
MM-S04,P3B-S008,4,5,3,10.0,670,-0.5730254871776854
MM-S04,P3B-S008,5,1,1,6.0,682,-1.7864981331771308
MM-S04,P3B-S008,5,1,2,12.0,676,-0.02074461115271507
MM-S04,P3B-S008,5,1,3,10.0,670,-0.5730254871776854
MM-S04,P3B-S008,5,2,1,13.0,682,0.23751131250331847
MM-S04,P3B-S008,5,2,2,11.0,676,-0.311169167290727
MM-S04,P3B-S008,5,2,3,11.0,670,-0.2813034209781364
MM-S04,P3B-S008,5,3,1,11.0,682,-0.34077710054823845
MM-S04,P3B-S008,5,3,2,14.0,676,0.5601045011233089
MM-S04,P3B-S008,5,3,3,15.0,670,0.8855848438200598
MM-S04,P3B-S008,5,4,1,15.0,682,0.8157997255548755
MM-S04,P3B-S008,5,4,2,14.0,676,0.5601045011233089
MM-S04,P3B-S008,5,4,3,14.0,670,0.5938627776205108
MM-S04,P3B-S008,5,5,1,13.0,682,0.23751131250331847
MM-S04,P3B-S008,5,5,2,11.0,676,-0.311169167290727
MM-S04,P3B-S008,5,5,3,10.0,670,-0.5730254871776854
MM-S05,P3B-S007,1,1,1,6.0,316,0.8762850394746652
MM-S05,P3B-S007,1,1,2,7.0,304,1.4734643137606118
MM-S05,P3B-S007,1,1,3,3.0,292,-0.45579285941350184
MM-S05,P3B-S007,1,1,4,4.0,280,0.13894250359418206
MM-S05,P3B-S007,1,1,5,3.0,269,-0.3118607195680867
MM-S05,P3B-S007,2,2,1,7.0,316,1.366743083956754
MM-S05,P3B-S007,2,2,2,3.0,304,-0.5267134877243819
MM-S05,P3B-S007,2,2,3,4.0,292,0.054423027989671746
MM-S05,P3B-S007,2,2,4,2.0,280,-0.9031262733621835
MM-S05,P3B-S007,2,2,5,6.0,269,1.2828815964050835
MM-S05,P3B-S007,3,3,1,3.0,316,-0.5950890939716014
MM-S05,P3B-S007,3,3,2,1.0,304,-1.5268023884668787
MM-S05,P3B-S007,3,3,3,5.0,292,0.5646389153928454
MM-S05,P3B-S007,3,3,4,3.0,280,-0.38209188488400075
MM-S05,P3B-S007,3,3,5,3.0,269,-0.3118607195680867
MM-S05,P3B-S007,4,4,1,4.0,316,-0.10463104948951253
MM-S05,P3B-S007,4,4,2,5.0,304,0.473375413018115
MM-S05,P3B-S007,4,4,3,4.0,292,0.054423027989671746
MM-S05,P3B-S007,4,4,4,0.0,280,-1.9451950503185491
MM-S05,P3B-S007,4,4,5,2.0,269,-0.8434414915591434
MM-S05,P3B-S007,5,5,1,2.0,316,-1.0855471384536903
MM-S05,P3B-S007,5,5,2,2.0,304,-1.0267579380956302
MM-S05,P3B-S007,5,5,3,2.0,292,-0.9660087468166755
MM-S05,P3B-S007,5,5,4,1.0,280,-1.4241606618403664
MM-S05,P3B-S007,5,5,5,4.0,269,0.21972005242297
MM-S05,P3B-S008,1,1,1,6.0,316,0.8762850394746652
MM-S05,P3B-S008,1,1,2,7.0,304,1.4734643137606118
MM-S05,P3B-S008,1,1,3,3.0,292,-0.45579285941350184
MM-S05,P3B-S008,1,2,1,8.0,316,1.857201128438843
MM-S05,P3B-S008,1,2,2,1.0,304,-1.5268023884668787
MM-S05,P3B-S008,1,2,3,2.0,292,-0.9660087468166755
MM-S05,P3B-S008,1,3,1,5.0,316,0.38582699499257633
MM-S05,P3B-S008,1,3,2,5.0,304,0.473375413018115
MM-S05,P3B-S008,1,3,3,4.0,292,0.054423027989671746
MM-S05,P3B-S008,1,4,1,5.0,316,0.38582699499257633
MM-S05,P3B-S008,1,4,2,4.0,304,-0.02666903735313342
MM-S05,P3B-S008,1,4,3,5.0,292,0.5646389153928454
MM-S05,P3B-S008,1,5,1,1.0,316,-1.576005182935779
MM-S05,P3B-S008,1,5,2,4.0,304,-0.02666903735313342
MM-S05,P3B-S008,1,5,3,3.0,292,-0.45579285941350184
MM-S05,P3B-S008,2,1,1,3.0,316,-0.5950890939716014
MM-S05,P3B-S008,2,1,2,0.0,304,-2.026846838838127
MM-S05,P3B-S008,2,1,3,2.0,292,-0.9660087468166755
MM-S05,P3B-S008,2,2,1,7.0,316,1.366743083956754
MM-S05,P3B-S008,2,2,2,3.0,304,-0.5267134877243819
MM-S05,P3B-S008,2,2,3,4.0,292,0.054423027989671746
MM-S05,P3B-S008,2,3,1,5.0,316,0.38582699499257633
MM-S05,P3B-S008,2,3,2,7.0,304,1.4734643137606118
MM-S05,P3B-S008,2,3,3,7.0,292,1.5850706901991924
MM-S05,P3B-S008,2,4,1,6.0,316,0.8762850394746652
MM-S05,P3B-S008,2,4,2,5.0,304,0.473375413018115
MM-S05,P3B-S008,2,4,3,4.0,292,0.054423027989671746
MM-S05,P3B-S008,2,5,1,3.0,316,-0.5950890939716014
MM-S05,P3B-S008,2,5,2,5.0,304,0.473375413018115
MM-S05,P3B-S008,2,5,3,5.0,292,0.5646389153928454
MM-S05,P3B-S008,3,1,1,5.0,316,0.38582699499257633
MM-S05,P3B-S008,3,1,2,5.0,304,0.473375413018115
MM-S05,P3B-S008,3,1,3,4.0,292,0.054423027989671746
MM-S05,P3B-S008,3,2,1,2.0,316,-1.0855471384536903
MM-S05,P3B-S008,3,2,2,6.0,304,0.9734198633893634
MM-S05,P3B-S008,3,2,3,3.0,292,-0.45579285941350184
MM-S05,P3B-S008,3,3,1,3.0,316,-0.5950890939716014
MM-S05,P3B-S008,3,3,2,1.0,304,-1.5268023884668787
MM-S05,P3B-S008,3,3,3,5.0,292,0.5646389153928454
MM-S05,P3B-S008,3,4,1,7.0,316,1.366743083956754
MM-S05,P3B-S008,3,4,2,5.0,304,0.473375413018115
MM-S05,P3B-S008,3,4,3,2.0,292,-0.9660087468166755
MM-S05,P3B-S008,3,5,1,4.0,316,-0.10463104948951253
MM-S05,P3B-S008,3,5,2,5.0,304,0.473375413018115
MM-S05,P3B-S008,3,5,3,1.0,292,-1.476224634219849
MM-S05,P3B-S008,4,1,1,5.0,316,0.38582699499257633
MM-S05,P3B-S008,4,1,2,3.0,304,-0.5267134877243819
MM-S05,P3B-S008,4,1,3,2.0,292,-0.9660087468166755
MM-S05,P3B-S008,4,2,1,5.0,316,0.38582699499257633
MM-S05,P3B-S008,4,2,2,2.0,304,-1.0267579380956302
MM-S05,P3B-S008,4,2,3,7.0,292,1.5850706901991924
MM-S05,P3B-S008,4,3,1,9.0,316,2.347659172920932
MM-S05,P3B-S008,4,3,2,4.0,304,-0.02666903735313342
MM-S05,P3B-S008,4,3,3,4.0,292,0.054423027989671746
MM-S05,P3B-S008,4,4,1,4.0,316,-0.10463104948951253
MM-S05,P3B-S008,4,4,2,5.0,304,0.473375413018115
MM-S05,P3B-S008,4,4,3,4.0,292,0.054423027989671746
MM-S05,P3B-S008,4,5,1,4.0,316,-0.10463104948951253
MM-S05,P3B-S008,4,5,2,9.0,304,2.4735532145031085
MM-S05,P3B-S008,4,5,3,6.0,292,1.074854802796019
MM-S05,P3B-S008,5,1,1,5.0,316,0.38582699499257633
MM-S05,P3B-S008,5,1,2,5.0,304,0.473375413018115
MM-S05,P3B-S008,5,1,3,5.0,292,0.5646389153928454
MM-S05,P3B-S008,5,2,1,10.0,316,2.8381172174030205
MM-S05,P3B-S008,5,2,2,5.0,304,0.473375413018115
MM-S05,P3B-S008,5,2,3,0.0,292,-1.9864405216230225
MM-S05,P3B-S008,5,3,1,6.0,316,0.8762850394746652
MM-S05,P3B-S008,5,3,2,5.0,304,0.473375413018115
MM-S05,P3B-S008,5,3,3,1.0,292,-1.476224634219849
MM-S05,P3B-S008,5,4,1,5.0,316,0.38582699499257633
MM-S05,P3B-S008,5,4,2,1.0,304,-1.5268023884668787
MM-S05,P3B-S008,5,4,3,0.0,292,-1.9864405216230225
MM-S05,P3B-S008,5,5,1,2.0,316,-1.0855471384536903
MM-S05,P3B-S008,5,5,2,2.0,304,-1.0267579380956302
MM-S05,P3B-S008,5,5,3,2.0,292,-0.9660087468166755
MM-S06,P3B-S007,1,1,1,9.0,604,0.1273592031926753
MM-S06,P3B-S007,1,1,2,9.0,595,0.1727368581553685
MM-S06,P3B-S007,1,1,3,9.0,586,0.2188161251182424
MM-S06,P3B-S007,1,1,4,8.0,578,-0.09013304443327894
MM-S06,P3B-S007,1,1,5,9.0,570,0.302544510408026
MM-S06,P3B-S007,2,2,1,7.0,604,-0.55842112169096
MM-S06,P3B-S007,2,2,2,11.0,595,0.8636842907768425
MM-S06,P3B-S007,2,2,3,8.0,586,-0.12930043756987075
MM-S06,P3B-S007,2,2,4,5.0,578,-1.1416852294882036
MM-S06,P3B-S007,2,2,5,4.0,570,-1.4622984669721244
MM-S06,P3B-S007,3,3,1,10.0,604,0.470249365634493
MM-S06,P3B-S007,3,3,2,10.0,595,0.5182105744661055
MM-S06,P3B-S007,3,3,3,10.0,586,0.5669326878063555
MM-S06,P3B-S007,3,3,4,3.0,578,-1.8427200195248201
MM-S06,P3B-S007,3,3,5,5.0,570,-1.1093298714960944
MM-S06,P3B-S007,4,4,1,14.0,604,1.8418100154017638
MM-S06,P3B-S007,4,4,2,7.0,595,-0.5182105744661055
MM-S06,P3B-S007,4,4,3,7.0,586,-0.4774170002579839
MM-S06,P3B-S007,4,4,4,13.0,578,1.6624539306582622
MM-S06,P3B-S007,4,4,5,8.0,570,-0.05042408506800412
MM-S06,P3B-S007,5,5,1,8.0,604,-0.2155309592491424
MM-S06,P3B-S007,5,5,2,5.0,595,-1.2091580070875794
MM-S06,P3B-S007,5,5,3,6.0,586,-0.825533562946097
MM-S06,P3B-S007,5,5,4,10.0,578,0.6109017456033375
MM-S06,P3B-S007,5,5,5,13.0,570,1.7144188923121464
MM-S06,P3B-S008,1,1,1,9.0,604,0.1273592031926753
MM-S06,P3B-S008,1,1,2,9.0,595,0.1727368581553685
MM-S06,P3B-S008,1,1,3,9.0,586,0.2188161251182424
MM-S06,P3B-S008,1,2,1,12.0,604,1.1560296905181284
MM-S06,P3B-S008,1,2,2,5.0,595,-1.2091580070875794
MM-S06,P3B-S008,1,2,3,11.0,586,0.9150492504944687
MM-S06,P3B-S008,1,3,1,6.0,604,-0.9013112841327777
MM-S06,P3B-S008,1,3,2,8.0,595,-0.1727368581553685
MM-S06,P3B-S008,1,3,3,15.0,586,2.3075155012469213
MM-S06,P3B-S008,1,4,1,7.0,604,-0.55842112169096
MM-S06,P3B-S008,1,4,2,11.0,595,0.8636842907768425
MM-S06,P3B-S008,1,4,3,12.0,586,1.2631658131825818
MM-S06,P3B-S008,1,5,1,9.0,604,0.1273592031926753
MM-S06,P3B-S008,1,5,2,6.0,595,-0.8636842907768425
MM-S06,P3B-S008,1,5,3,13.0,586,1.6112823758706951
MM-S06,P3B-S008,2,1,1,7.0,604,-0.55842112169096
MM-S06,P3B-S008,2,1,2,5.0,595,-1.2091580070875794
MM-S06,P3B-S008,2,1,3,7.0,586,-0.4774170002579839
MM-S06,P3B-S008,2,2,1,7.0,604,-0.55842112169096
MM-S06,P3B-S008,2,2,2,11.0,595,0.8636842907768425
MM-S06,P3B-S008,2,2,3,8.0,586,-0.12930043756987075
MM-S06,P3B-S008,2,3,1,8.0,604,-0.2155309592491424
MM-S06,P3B-S008,2,3,2,8.0,595,-0.1727368581553685
MM-S06,P3B-S008,2,3,3,2.0,586,-2.2179998136985497
MM-S06,P3B-S008,2,4,1,4.0,604,-1.587091609016413
MM-S06,P3B-S008,2,4,2,12.0,595,1.2091580070875794
MM-S06,P3B-S008,2,4,3,9.0,586,0.2188161251182424
MM-S06,P3B-S008,2,5,1,10.0,604,0.470249365634493
MM-S06,P3B-S008,2,5,2,13.0,595,1.5546317233983165
MM-S06,P3B-S008,2,5,3,14.0,586,1.9593989385588082
MM-S06,P3B-S008,3,1,1,10.0,604,0.470249365634493
MM-S06,P3B-S008,3,1,2,2.0,595,-2.24557915601979
MM-S06,P3B-S008,3,1,3,8.0,586,-0.12930043756987075
MM-S06,P3B-S008,3,2,1,8.0,604,-0.2155309592491424
MM-S06,P3B-S008,3,2,2,11.0,595,0.8636842907768425
MM-S06,P3B-S008,3,2,3,12.0,586,1.2631658131825818
MM-S06,P3B-S008,3,3,1,10.0,604,0.470249365634493
MM-S06,P3B-S008,3,3,2,10.0,595,0.5182105744661055
MM-S06,P3B-S008,3,3,3,10.0,586,0.5669326878063555
MM-S06,P3B-S008,3,4,1,5.0,604,-1.2442014465745954
MM-S06,P3B-S008,3,4,2,10.0,595,0.5182105744661055
MM-S06,P3B-S008,3,4,3,4.0,586,-1.5217666883223233
MM-S06,P3B-S008,3,5,1,9.0,604,0.1273592031926753
MM-S06,P3B-S008,3,5,2,6.0,595,-0.8636842907768425
MM-S06,P3B-S008,3,5,3,4.0,586,-1.5217666883223233
MM-S06,P3B-S008,4,1,1,7.0,604,-0.55842112169096
MM-S06,P3B-S008,4,1,2,9.0,595,0.1727368581553685
MM-S06,P3B-S008,4,1,3,9.0,586,0.2188161251182424
MM-S06,P3B-S008,4,2,1,4.0,604,-1.587091609016413
MM-S06,P3B-S008,4,2,2,9.0,595,0.1727368581553685
MM-S06,P3B-S008,4,2,3,11.0,586,0.9150492504944687
MM-S06,P3B-S008,4,3,1,6.0,604,-0.9013112841327777
MM-S06,P3B-S008,4,3,2,12.0,595,1.2091580070875794
MM-S06,P3B-S008,4,3,3,7.0,586,-0.4774170002579839
MM-S06,P3B-S008,4,4,1,14.0,604,1.8418100154017638
MM-S06,P3B-S008,4,4,2,7.0,595,-0.5182105744661055
MM-S06,P3B-S008,4,4,3,7.0,586,-0.4774170002579839
MM-S06,P3B-S008,4,5,1,11.0,604,0.8131395280763106
MM-S06,P3B-S008,4,5,2,14.0,595,1.9001054397090533
MM-S06,P3B-S008,4,5,3,7.0,586,-0.4774170002579839
MM-S06,P3B-S008,5,1,1,8.0,604,-0.2155309592491424
MM-S06,P3B-S008,5,1,2,15.0,595,2.24557915601979
MM-S06,P3B-S008,5,1,3,6.0,586,-0.825533562946097
MM-S06,P3B-S008,5,2,1,10.0,604,0.470249365634493
MM-S06,P3B-S008,5,2,2,9.0,595,0.1727368581553685
MM-S06,P3B-S008,5,2,3,9.0,586,0.2188161251182424
MM-S06,P3B-S008,5,3,1,10.0,604,0.470249365634493
MM-S06,P3B-S008,5,3,2,10.0,595,0.5182105744661055
MM-S06,P3B-S008,5,3,3,11.0,586,0.9150492504944687
MM-S06,P3B-S008,5,4,1,10.0,604,0.470249365634493
MM-S06,P3B-S008,5,4,2,8.0,595,-0.1727368581553685
MM-S06,P3B-S008,5,4,3,5.0,586,-1.1736501256342102
MM-S06,P3B-S008,5,5,1,8.0,604,-0.2155309592491424
MM-S06,P3B-S008,5,5,2,5.0,595,-1.2091580070875794
MM-S06,P3B-S008,5,5,3,6.0,586,-0.825533562946097
MM-S07,P3B-S007,1,1,1,2.0,119,0.23175081423308574
MM-S07,P3B-S007,1,1,2,1.0,116,-0.5141671091113802
MM-S07,P3B-S007,1,1,3,3.0,113,1.098519997282666
MM-S07,P3B-S007,1,1,4,1.0,110,-0.45913362876678787
MM-S07,P3B-S007,1,1,5,4.0,107,2.013398167112232
MM-S07,P3B-S007,2,2,1,2.0,119,0.23175081423308574
MM-S07,P3B-S007,2,2,2,1.0,116,-0.5141671091113802
MM-S07,P3B-S007,2,2,3,0.0,113,-1.2797191720921781
MM-S07,P3B-S007,2,2,4,2.0,110,0.34435022157509093
MM-S07,P3B-S007,2,2,5,1.0,107,-0.43061116868874316
MM-S07,P3B-S007,3,3,1,1.0,119,-0.5407518998772
MM-S07,P3B-S007,3,3,2,0.0,116,-1.296595318628698
MM-S07,P3B-S007,3,3,3,1.0,113,-0.4869727823005634
MM-S07,P3B-S007,3,3,4,0.0,110,-1.2626174791086666
MM-S07,P3B-S007,3,3,5,2.0,107,0.3840586099115819
MM-S07,P3B-S007,4,4,1,2.0,119,0.23175081423308574
MM-S07,P3B-S007,4,4,2,1.0,116,-0.5141671091113802
MM-S07,P3B-S007,4,4,3,2.0,113,0.30577360749105137
MM-S07,P3B-S007,4,4,4,1.0,110,-0.45913362876678787
MM-S07,P3B-S007,4,4,5,1.0,107,-0.43061116868874316
MM-S07,P3B-S007,5,5,1,3.0,119,1.0042535283433716
MM-S07,P3B-S007,5,5,2,2.0,116,0.26826110040593765
MM-S07,P3B-S007,5,5,3,0.0,113,-1.2797191720921781
MM-S07,P3B-S007,5,5,4,0.0,110,-1.2626174791086666
MM-S07,P3B-S007,5,5,5,3.0,107,1.1987283885119069
MM-S07,P3B-S008,1,1,1,2.0,119,0.23175081423308574
MM-S07,P3B-S008,1,1,2,1.0,116,-0.5141671091113802
MM-S07,P3B-S008,1,1,3,3.0,113,1.098519997282666
MM-S07,P3B-S008,1,2,1,4.0,119,1.7767562424536572
MM-S07,P3B-S008,1,2,2,4.0,116,1.8331175194405733
MM-S07,P3B-S008,1,2,3,2.0,113,0.30577360749105137
MM-S07,P3B-S008,1,3,1,1.0,119,-0.5407518998772
MM-S07,P3B-S008,1,3,2,1.0,116,-0.5141671091113802
MM-S07,P3B-S008,1,3,3,3.0,113,1.098519997282666
MM-S07,P3B-S008,1,4,1,0.0,119,-1.3132546139874857
MM-S07,P3B-S008,1,4,2,2.0,116,0.26826110040593765
MM-S07,P3B-S008,1,4,3,0.0,113,-1.2797191720921781
MM-S07,P3B-S008,1,5,1,1.0,119,-0.5407518998772
MM-S07,P3B-S008,1,5,2,1.0,116,-0.5141671091113802
MM-S07,P3B-S008,1,5,3,3.0,113,1.098519997282666
MM-S07,P3B-S008,2,1,1,3.0,119,1.0042535283433716
MM-S07,P3B-S008,2,1,2,2.0,116,0.26826110040593765
MM-S07,P3B-S008,2,1,3,1.0,113,-0.4869727823005634
MM-S07,P3B-S008,2,2,1,2.0,119,0.23175081423308574
MM-S07,P3B-S008,2,2,2,1.0,116,-0.5141671091113802
MM-S07,P3B-S008,2,2,3,0.0,113,-1.2797191720921781
MM-S07,P3B-S008,2,3,1,4.0,119,1.7767562424536572
MM-S07,P3B-S008,2,3,2,1.0,116,-0.5141671091113802
MM-S07,P3B-S008,2,3,3,0.0,113,-1.2797191720921781
MM-S07,P3B-S008,2,4,1,1.0,119,-0.5407518998772
MM-S07,P3B-S008,2,4,2,0.0,116,-1.296595318628698
MM-S07,P3B-S008,2,4,3,1.0,113,-0.4869727823005634
MM-S07,P3B-S008,2,5,1,4.0,119,1.7767562424536572
MM-S07,P3B-S008,2,5,2,2.0,116,0.26826110040593765
MM-S07,P3B-S008,2,5,3,3.0,113,1.098519997282666
MM-S07,P3B-S008,3,1,1,4.0,119,1.7767562424536572
MM-S07,P3B-S008,3,1,2,0.0,116,-1.296595318628698
MM-S07,P3B-S008,3,1,3,2.0,113,0.30577360749105137
MM-S07,P3B-S008,3,2,1,1.0,119,-0.5407518998772
MM-S07,P3B-S008,3,2,2,1.0,116,-0.5141671091113802
MM-S07,P3B-S008,3,2,3,1.0,113,-0.4869727823005634
MM-S07,P3B-S008,3,3,1,1.0,119,-0.5407518998772
MM-S07,P3B-S008,3,3,2,0.0,116,-1.296595318628698
MM-S07,P3B-S008,3,3,3,1.0,113,-0.4869727823005634
MM-S07,P3B-S008,3,4,1,5.0,119,2.5492589565639427
MM-S07,P3B-S008,3,4,2,1.0,116,-0.5141671091113802
MM-S07,P3B-S008,3,4,3,2.0,113,0.30577360749105137
MM-S07,P3B-S008,3,5,1,1.0,119,-0.5407518998772
MM-S07,P3B-S008,3,5,2,2.0,116,0.26826110040593765
MM-S07,P3B-S008,3,5,3,2.0,113,0.30577360749105137
MM-S07,P3B-S008,4,1,1,0.0,119,-1.3132546139874857
MM-S07,P3B-S008,4,1,2,3.0,116,1.0506893099232555
MM-S07,P3B-S008,4,1,3,2.0,113,0.30577360749105137
MM-S07,P3B-S008,4,2,1,6.0,119,3.3217616706742286
MM-S07,P3B-S008,4,2,2,1.0,116,-0.5141671091113802
MM-S07,P3B-S008,4,2,3,1.0,113,-0.4869727823005634
MM-S07,P3B-S008,4,3,1,1.0,119,-0.5407518998772
MM-S07,P3B-S008,4,3,2,1.0,116,-0.5141671091113802
MM-S07,P3B-S008,4,3,3,0.0,113,-1.2797191720921781
MM-S07,P3B-S008,4,4,1,2.0,119,0.23175081423308574
MM-S07,P3B-S008,4,4,2,1.0,116,-0.5141671091113802
MM-S07,P3B-S008,4,4,3,2.0,113,0.30577360749105137
MM-S07,P3B-S008,4,5,1,1.0,119,-0.5407518998772
MM-S07,P3B-S008,4,5,2,2.0,116,0.26826110040593765
MM-S07,P3B-S008,4,5,3,1.0,113,-0.4869727823005634
MM-S07,P3B-S008,5,1,1,1.0,119,-0.5407518998772
MM-S07,P3B-S008,5,1,2,3.0,116,1.0506893099232555
MM-S07,P3B-S008,5,1,3,4.0,113,1.891266387074281
MM-S07,P3B-S008,5,2,1,1.0,119,-0.5407518998772
MM-S07,P3B-S008,5,2,2,2.0,116,0.26826110040593765
MM-S07,P3B-S008,5,2,3,0.0,113,-1.2797191720921781
MM-S07,P3B-S008,5,3,1,1.0,119,-0.5407518998772
MM-S07,P3B-S008,5,3,2,1.0,116,-0.5141671091113802
MM-S07,P3B-S008,5,3,3,0.0,113,-1.2797191720921781
MM-S07,P3B-S008,5,4,1,0.0,119,-1.3132546139874857
MM-S07,P3B-S008,5,4,2,1.0,116,-0.5141671091113802
MM-S07,P3B-S008,5,4,3,1.0,113,-0.4869727823005634
MM-S07,P3B-S008,5,5,1,3.0,119,1.0042535283433716
MM-S07,P3B-S008,5,5,2,2.0,116,0.26826110040593765
MM-S07,P3B-S008,5,5,3,0.0,113,-1.2797191720921781
PB-S04,P3B-S007,1,1,1,6.0,273,0.46945790055203107
PB-S04,P3B-S007,1,1,2,3.0,269,-0.8628997027536014
PB-S04,P3B-S007,1,1,3,2.0,265,-1.2957221449867578
PB-S04,P3B-S007,1,1,4,4.0,261,-0.345355775408167
PB-S04,P3B-S007,1,1,5,8.0,257,1.5534155497800044
PB-S04,P3B-S007,2,2,1,6.0,273,0.46945790055203107
PB-S04,P3B-S007,2,2,2,4.0,269,-0.4065585137973698
PB-S04,P3B-S007,2,2,3,5.0,265,0.08359497709591977
PB-S04,P3B-S007,2,2,4,5.0,261,0.11792636233449624
PB-S04,P3B-S007,2,2,5,4.0,257,-0.3140785537806567
PB-S04,P3B-S007,3,3,1,4.0,273,-0.4365134864782037
PB-S04,P3B-S007,3,3,2,5.0,269,0.04978267515886174
PB-S04,P3B-S007,3,3,3,5.0,265,0.08359497709591977
PB-S04,P3B-S007,3,3,4,3.0,261,-0.8086379131508302
PB-S04,P3B-S007,3,3,5,1.0,257,-1.7146991314511524
PB-S04,P3B-S007,4,4,1,6.0,273,0.46945790055203107
PB-S04,P3B-S007,4,4,2,6.0,269,0.5061238641150932
PB-S04,P3B-S007,4,4,3,7.0,265,1.003139725151038
PB-S04,P3B-S007,4,4,4,2.0,261,-1.2719200508934936
PB-S04,P3B-S007,4,4,5,5.0,257,0.15279497210950857
PB-S04,P3B-S007,5,5,1,4.0,273,-0.4365134864782037
PB-S04,P3B-S007,5,5,2,2.0,269,-1.3192408917098328
PB-S04,P3B-S007,5,5,3,6.0,265,0.543367351123479
PB-S04,P3B-S007,5,5,4,7.0,261,1.0444906378198227
PB-S04,P3B-S007,5,5,5,2.0,257,-1.2478256055609873
PB-S04,P3B-S008,1,1,1,6.0,273,0.46945790055203107
PB-S04,P3B-S008,1,1,2,3.0,269,-0.8628997027536014
PB-S04,P3B-S008,1,1,3,2.0,265,-1.2957221449867578
PB-S04,P3B-S008,1,2,1,6.0,273,0.46945790055203107
PB-S04,P3B-S008,1,2,2,2.0,269,-1.3192408917098328
PB-S04,P3B-S008,1,2,3,10.0,265,2.3824568472337155
PB-S04,P3B-S008,1,3,1,6.0,273,0.46945790055203107
PB-S04,P3B-S008,1,3,2,7.0,269,0.9624650530713248
PB-S04,P3B-S008,1,3,3,7.0,265,1.003139725151038
PB-S04,P3B-S008,1,4,1,10.0,273,2.2814006746125006
PB-S04,P3B-S008,1,4,2,5.0,269,0.04978267515886174
PB-S04,P3B-S008,1,4,3,1.0,265,-1.755494519014317
PB-S04,P3B-S008,1,5,1,5.0,273,0.016472207036913666
PB-S04,P3B-S008,1,5,2,4.0,269,-0.4065585137973698
PB-S04,P3B-S008,1,5,3,5.0,265,0.08359497709591977
PB-S04,P3B-S008,2,1,1,3.0,273,-0.8894991799933211
PB-S04,P3B-S008,2,1,2,4.0,269,-0.4065585137973698
PB-S04,P3B-S008,2,1,3,4.0,265,-0.3761773969316394
PB-S04,P3B-S008,2,2,1,6.0,273,0.46945790055203107
PB-S04,P3B-S008,2,2,2,4.0,269,-0.4065585137973698
PB-S04,P3B-S008,2,2,3,5.0,265,0.08359497709591977
PB-S04,P3B-S008,2,3,1,7.0,273,0.9224435940671485
PB-S04,P3B-S008,2,3,2,6.0,269,0.5061238641150932
PB-S04,P3B-S008,2,3,3,7.0,265,1.003139725151038
PB-S04,P3B-S008,2,4,1,3.0,273,-0.8894991799933211
PB-S04,P3B-S008,2,4,2,4.0,269,-0.4065585137973698
PB-S04,P3B-S008,2,4,3,7.0,265,1.003139725151038
PB-S04,P3B-S008,2,5,1,5.0,273,0.016472207036913666
PB-S04,P3B-S008,2,5,2,3.0,269,-0.8628997027536014
PB-S04,P3B-S008,2,5,3,6.0,265,0.543367351123479
PB-S04,P3B-S008,3,1,1,4.0,273,-0.4365134864782037
PB-S04,P3B-S008,3,1,2,9.0,269,1.8751474309837879
PB-S04,P3B-S008,3,1,3,2.0,265,-1.2957221449867578
PB-S04,P3B-S008,3,2,1,2.0,273,-1.3424848735084385
PB-S04,P3B-S008,3,2,2,3.0,269,-0.8628997027536014
PB-S04,P3B-S008,3,2,3,3.0,265,-0.8359497709591985
PB-S04,P3B-S008,3,3,1,4.0,273,-0.4365134864782037
PB-S04,P3B-S008,3,3,2,5.0,269,0.04978267515886174
PB-S04,P3B-S008,3,3,3,5.0,265,0.08359497709591977
PB-S04,P3B-S008,3,4,1,3.0,273,-0.8894991799933211
PB-S04,P3B-S008,3,4,2,2.0,269,-1.3192408917098328
PB-S04,P3B-S008,3,4,3,1.0,265,-1.755494519014317
PB-S04,P3B-S008,3,5,1,2.0,273,-1.3424848735084385
PB-S04,P3B-S008,3,5,2,7.0,269,0.9624650530713248
PB-S04,P3B-S008,3,5,3,8.0,265,1.4629120991785973
PB-S04,P3B-S008,4,1,1,4.0,273,-0.4365134864782037
PB-S04,P3B-S008,4,1,2,4.0,269,-0.4065585137973698
PB-S04,P3B-S008,4,1,3,4.0,265,-0.3761773969316394
PB-S04,P3B-S008,4,2,1,8.0,273,1.3754292875822658
PB-S04,P3B-S008,4,2,2,6.0,269,0.5061238641150932
PB-S04,P3B-S008,4,2,3,6.0,265,0.543367351123479
PB-S04,P3B-S008,4,3,1,2.0,273,-1.3424848735084385
PB-S04,P3B-S008,4,3,2,4.0,269,-0.4065585137973698
PB-S04,P3B-S008,4,3,3,4.0,265,-0.3761773969316394
PB-S04,P3B-S008,4,4,1,6.0,273,0.46945790055203107
PB-S04,P3B-S008,4,4,2,6.0,269,0.5061238641150932
PB-S04,P3B-S008,4,4,3,7.0,265,1.003139725151038
PB-S04,P3B-S008,4,5,1,6.0,273,0.46945790055203107
PB-S04,P3B-S008,4,5,2,3.0,269,-0.8628997027536014
PB-S04,P3B-S008,4,5,3,4.0,265,-0.3761773969316394
PB-S04,P3B-S008,5,1,1,4.0,273,-0.4365134864782037
PB-S04,P3B-S008,5,1,2,6.0,269,0.5061238641150932
PB-S04,P3B-S008,5,1,3,5.0,265,0.08359497709591977
PB-S04,P3B-S008,5,2,1,3.0,273,-0.8894991799933211
PB-S04,P3B-S008,5,2,2,3.0,269,-0.8628997027536014
PB-S04,P3B-S008,5,2,3,8.0,265,1.4629120991785973
PB-S04,P3B-S008,5,3,1,6.0,273,0.46945790055203107
PB-S04,P3B-S008,5,3,2,3.0,269,-0.8628997027536014
PB-S04,P3B-S008,5,3,3,4.0,265,-0.3761773969316394
PB-S04,P3B-S008,5,4,1,7.0,273,0.9224435940671485
PB-S04,P3B-S008,5,4,2,3.0,269,-0.8628997027536014
PB-S04,P3B-S008,5,4,3,8.0,265,1.4629120991785973
PB-S04,P3B-S008,5,5,1,4.0,273,-0.4365134864782037
PB-S04,P3B-S008,5,5,2,2.0,269,-1.3192408917098328
PB-S04,P3B-S008,5,5,3,6.0,265,0.543367351123479
PB-S05,P3B-S007,1,1,1,3.0,245,-0.5704424989571404
PB-S05,P3B-S007,1,1,2,4.0,241,-0.04229095440782293
PB-S05,P3B-S007,1,1,3,1.0,237,-1.5182099470524384
PB-S05,P3B-S007,1,1,4,2.0,233,-0.9892495993773689
PB-S05,P3B-S007,1,1,5,8.0,229,2.1085045165926237
PB-S05,P3B-S007,2,2,1,1.0,245,-1.560328011853355
PB-S05,P3B-S007,2,2,2,7.0,241,1.4548088316291128
PB-S05,P3B-S007,2,2,3,5.0,237,0.494697623196862
PB-S05,P3B-S007,2,2,4,6.0,233,1.0408626219535793
PB-S05,P3B-S007,2,2,5,1.0,229,-1.4750854642829052
PB-S05,P3B-S007,3,3,1,2.0,245,-1.0653852554052476
PB-S05,P3B-S007,3,3,2,2.0,241,-1.0403574784324467
PB-S05,P3B-S007,3,3,3,3.0,237,-0.5117561619277883
PB-S05,P3B-S007,3,3,4,2.0,233,-0.9892495993773689
PB-S05,P3B-S007,3,3,5,4.0,229,0.06073881323517852
PB-S05,P3B-S007,4,4,1,6.0,245,0.9143857703871815
PB-S05,P3B-S007,4,4,2,1.0,241,-1.5393907404447587
PB-S05,P3B-S007,4,4,3,3.0,237,-0.5117561619277883
PB-S05,P3B-S007,4,4,4,1.0,233,-1.496777654710106
PB-S05,P3B-S007,4,4,5,4.0,229,0.06073881323517852
PB-S05,P3B-S007,5,5,1,6.0,245,0.9143857703871815
PB-S05,P3B-S007,5,5,2,4.0,241,-0.04229095440782293
PB-S05,P3B-S007,5,5,3,4.0,237,-0.008529269365463115
PB-S05,P3B-S007,5,5,4,2.0,233,-0.9892495993773689
PB-S05,P3B-S007,5,5,5,4.0,229,0.06073881323517852
PB-S05,P3B-S008,1,1,1,3.0,245,-0.5704424989571404
PB-S05,P3B-S008,1,1,2,4.0,241,-0.04229095440782293
PB-S05,P3B-S008,1,1,3,1.0,237,-1.5182099470524384
PB-S05,P3B-S008,1,2,1,7.0,245,1.4093285268352886
PB-S05,P3B-S008,1,2,2,5.0,241,0.456742307604489
PB-S05,P3B-S008,1,2,3,3.0,237,-0.5117561619277883
PB-S05,P3B-S008,1,3,1,5.0,245,0.4194430139390742
PB-S05,P3B-S008,1,3,2,5.0,241,0.456742307604489
PB-S05,P3B-S008,1,3,3,7.0,237,1.5011514083215123
PB-S05,P3B-S008,1,4,1,2.0,245,-1.0653852554052476
PB-S05,P3B-S008,1,4,2,5.0,241,0.456742307604489
PB-S05,P3B-S008,1,4,3,6.0,237,0.9979245157591871
PB-S05,P3B-S008,1,5,1,4.0,245,-0.07549974250903312
PB-S05,P3B-S008,1,5,2,6.0,241,0.9557755696168009
PB-S05,P3B-S008,1,5,3,4.0,237,-0.008529269365463115
PB-S05,P3B-S008,2,1,1,7.0,245,1.4093285268352886
PB-S05,P3B-S008,2,1,2,5.0,241,0.456742307604489
PB-S05,P3B-S008,2,1,3,3.0,237,-0.5117561619277883
PB-S05,P3B-S008,2,2,1,1.0,245,-1.560328011853355
PB-S05,P3B-S008,2,2,2,7.0,241,1.4548088316291128
PB-S05,P3B-S008,2,2,3,5.0,237,0.494697623196862
PB-S05,P3B-S008,2,3,1,8.0,245,1.904271283283396
PB-S05,P3B-S008,2,3,2,3.0,241,-0.5413242164201348
PB-S05,P3B-S008,2,3,3,7.0,237,1.5011514083215123
PB-S05,P3B-S008,2,4,1,5.0,245,0.4194430139390742
PB-S05,P3B-S008,2,4,2,10.0,241,2.9519086176660485
PB-S05,P3B-S008,2,4,3,4.0,237,-0.008529269365463115
PB-S05,P3B-S008,2,5,1,1.0,245,-1.560328011853355
PB-S05,P3B-S008,2,5,2,7.0,241,1.4548088316291128
PB-S05,P3B-S008,2,5,3,2.0,237,-1.0149830544901133
PB-S05,P3B-S008,3,1,1,6.0,245,0.9143857703871815
PB-S05,P3B-S008,3,1,2,2.0,241,-1.0403574784324467
PB-S05,P3B-S008,3,1,3,2.0,237,-1.0149830544901133
PB-S05,P3B-S008,3,2,1,5.0,245,0.4194430139390742
PB-S05,P3B-S008,3,2,2,2.0,241,-1.0403574784324467
PB-S05,P3B-S008,3,2,3,7.0,237,1.5011514083215123
PB-S05,P3B-S008,3,3,1,2.0,245,-1.0653852554052476
PB-S05,P3B-S008,3,3,2,2.0,241,-1.0403574784324467
PB-S05,P3B-S008,3,3,3,3.0,237,-0.5117561619277883
PB-S05,P3B-S008,3,4,1,5.0,245,0.4194430139390742
PB-S05,P3B-S008,3,4,2,5.0,241,0.456742307604489
PB-S05,P3B-S008,3,4,3,8.0,237,2.0043783008838374
PB-S05,P3B-S008,3,5,1,4.0,245,-0.07549974250903312
PB-S05,P3B-S008,3,5,2,4.0,241,-0.04229095440782293
PB-S05,P3B-S008,3,5,3,4.0,237,-0.008529269365463115
PB-S05,P3B-S008,4,1,1,2.0,245,-1.0653852554052476
PB-S05,P3B-S008,4,1,2,2.0,241,-1.0403574784324467
PB-S05,P3B-S008,4,1,3,1.0,237,-1.5182099470524384
PB-S05,P3B-S008,4,2,1,10.0,245,2.8941567961796104
PB-S05,P3B-S008,4,2,2,3.0,241,-0.5413242164201348
PB-S05,P3B-S008,4,2,3,4.0,237,-0.008529269365463115
PB-S05,P3B-S008,4,3,1,3.0,245,-0.5704424989571404
PB-S05,P3B-S008,4,3,2,6.0,241,0.9557755696168009
PB-S05,P3B-S008,4,3,3,3.0,237,-0.5117561619277883
PB-S05,P3B-S008,4,4,1,6.0,245,0.9143857703871815
PB-S05,P3B-S008,4,4,2,1.0,241,-1.5393907404447587
PB-S05,P3B-S008,4,4,3,3.0,237,-0.5117561619277883
PB-S05,P3B-S008,4,5,1,7.0,245,1.4093285268352886
PB-S05,P3B-S008,4,5,2,1.0,241,-1.5393907404447587
PB-S05,P3B-S008,4,5,3,9.0,237,2.5076051934461625
PB-S05,P3B-S008,5,1,1,4.0,245,-0.07549974250903312
PB-S05,P3B-S008,5,1,2,3.0,241,-0.5413242164201348
PB-S05,P3B-S008,5,1,3,1.0,237,-1.5182099470524384
PB-S05,P3B-S008,5,2,1,4.0,245,-0.07549974250903312
PB-S05,P3B-S008,5,2,2,4.0,241,-0.04229095440782293
PB-S05,P3B-S008,5,2,3,5.0,237,0.494697623196862
PB-S05,P3B-S008,5,3,1,9.0,245,2.399214039731503
PB-S05,P3B-S008,5,3,2,3.0,241,-0.5413242164201348
PB-S05,P3B-S008,5,3,3,1.0,237,-1.5182099470524384
PB-S05,P3B-S008,5,4,1,6.0,245,0.9143857703871815
PB-S05,P3B-S008,5,4,2,5.0,241,0.456742307604489
PB-S05,P3B-S008,5,4,3,3.0,237,-0.5117561619277883
PB-S05,P3B-S008,5,5,1,6.0,245,0.9143857703871815
PB-S05,P3B-S008,5,5,2,4.0,241,-0.04229095440782293
PB-S05,P3B-S008,5,5,3,4.0,237,-0.008529269365463115
PB-S06,P3B-S007,1,1,1,4.0,304,-0.512103948159461
PB-S06,P3B-S007,1,1,2,4.0,300,-0.4851827478904981
PB-S06,P3B-S007,1,1,3,5.0,296,-0.007632031385908274
PB-S06,P3B-S007,1,1,4,3.0,292,-0.8836746933276834
PB-S06,P3B-S007,1,1,5,4.0,288,-0.4023398993836125
PB-S06,P3B-S007,2,2,1,3.0,304,-0.9564294325919348
PB-S06,P3B-S007,2,2,2,7.0,300,0.856650789244161
PB-S06,P3B-S007,2,2,3,4.0,296,-0.45792188315449767
PB-S06,P3B-S007,2,2,4,3.0,292,-0.8836746933276834
PB-S06,P3B-S007,2,2,5,6.0,288,0.5106621799868925
PB-S06,P3B-S007,3,3,1,6.0,304,0.3765470207054864
PB-S06,P3B-S007,3,3,2,3.0,300,-0.9324605936020511
PB-S06,P3B-S007,3,3,3,5.0,296,-0.007632031385908274
PB-S06,P3B-S007,3,3,4,7.0,292,0.9297794599360841
PB-S06,P3B-S007,3,3,5,4.0,288,-0.4023398993836125
PB-S06,P3B-S007,4,4,1,5.0,304,-0.06777846372698734
PB-S06,P3B-S007,4,4,2,6.0,300,0.40937294353260795
PB-S06,P3B-S007,4,4,3,6.0,296,0.4426578203826811
PB-S06,P3B-S007,4,4,4,6.0,292,0.4764159216201423
PB-S06,P3B-S007,4,4,5,2.0,288,-1.3153419787541174
PB-S06,P3B-S007,5,5,1,5.0,304,-0.06777846372698734
PB-S06,P3B-S007,5,5,2,8.0,300,1.303928634955714
PB-S06,P3B-S007,5,5,3,5.0,296,-0.007632031385908274
PB-S06,P3B-S007,5,5,4,6.0,292,0.4764159216201423
PB-S06,P3B-S007,5,5,5,7.0,288,0.9671632196721448
PB-S06,P3B-S008,1,1,1,4.0,304,-0.512103948159461
PB-S06,P3B-S008,1,1,2,4.0,300,-0.4851827478904981
PB-S06,P3B-S008,1,1,3,5.0,296,-0.007632031385908274
PB-S06,P3B-S008,1,2,1,9.0,304,1.7095234740029075
PB-S06,P3B-S008,1,2,2,8.0,300,1.303928634955714
PB-S06,P3B-S008,1,2,3,5.0,296,-0.007632031385908274
PB-S06,P3B-S008,1,3,1,7.0,304,0.8208725051379602
PB-S06,P3B-S008,1,3,2,2.0,300,-1.3797384393136043
PB-S06,P3B-S008,1,3,3,6.0,296,0.4426578203826811
PB-S06,P3B-S008,1,4,1,3.0,304,-0.9564294325919348
PB-S06,P3B-S008,1,4,2,5.0,300,-0.03790490217894507
PB-S06,P3B-S008,1,4,3,2.0,296,-1.3585015866916763
PB-S06,P3B-S008,1,5,1,8.0,304,1.265197989570434
PB-S06,P3B-S008,1,5,2,8.0,300,1.303928634955714
PB-S06,P3B-S008,1,5,3,6.0,296,0.4426578203826811
PB-S06,P3B-S008,2,1,1,3.0,304,-0.9564294325919348
PB-S06,P3B-S008,2,1,2,1.0,300,-1.8270162850251572
PB-S06,P3B-S008,2,1,3,6.0,296,0.4426578203826811
PB-S06,P3B-S008,2,2,1,3.0,304,-0.9564294325919348
PB-S06,P3B-S008,2,2,2,7.0,300,0.856650789244161
PB-S06,P3B-S008,2,2,3,4.0,296,-0.45792188315449767
PB-S06,P3B-S008,2,3,1,7.0,304,0.8208725051379602
PB-S06,P3B-S008,2,3,2,12.0,300,3.0930400178019264
PB-S06,P3B-S008,2,3,3,6.0,296,0.4426578203826811
PB-S06,P3B-S008,2,4,1,9.0,304,1.7095234740029075
PB-S06,P3B-S008,2,4,2,3.0,300,-0.9324605936020511
PB-S06,P3B-S008,2,4,3,4.0,296,-0.45792188315449767
PB-S06,P3B-S008,2,5,1,7.0,304,0.8208725051379602
PB-S06,P3B-S008,2,5,2,4.0,300,-0.4851827478904981
PB-S06,P3B-S008,2,5,3,9.0,296,1.7935273756884493
PB-S06,P3B-S008,3,1,1,3.0,304,-0.9564294325919348
PB-S06,P3B-S008,3,1,2,8.0,300,1.303928634955714
PB-S06,P3B-S008,3,1,3,0.0,296,-2.2590812902288553
PB-S06,P3B-S008,3,2,1,3.0,304,-0.9564294325919348
PB-S06,P3B-S008,3,2,2,7.0,300,0.856650789244161
PB-S06,P3B-S008,3,2,3,7.0,296,0.8929476721512705
PB-S06,P3B-S008,3,3,1,6.0,304,0.3765470207054864
PB-S06,P3B-S008,3,3,2,3.0,300,-0.9324605936020511
PB-S06,P3B-S008,3,3,3,5.0,296,-0.007632031385908274
PB-S06,P3B-S008,3,4,1,4.0,304,-0.512103948159461
PB-S06,P3B-S008,3,4,2,5.0,300,-0.03790490217894507
PB-S06,P3B-S008,3,4,3,8.0,296,1.34323752391986
PB-S06,P3B-S008,3,5,1,8.0,304,1.265197989570434
PB-S06,P3B-S008,3,5,2,2.0,300,-1.3797384393136043
PB-S06,P3B-S008,3,5,3,8.0,296,1.34323752391986
PB-S06,P3B-S008,4,1,1,2.0,304,-1.4007549170244085
PB-S06,P3B-S008,4,1,2,2.0,300,-1.3797384393136043
PB-S06,P3B-S008,4,1,3,7.0,296,0.8929476721512705
PB-S06,P3B-S008,4,2,1,3.0,304,-0.9564294325919348
PB-S06,P3B-S008,4,2,2,2.0,300,-1.3797384393136043
PB-S06,P3B-S008,4,2,3,2.0,296,-1.3585015866916763
PB-S06,P3B-S008,4,3,1,5.0,304,-0.06777846372698734
PB-S06,P3B-S008,4,3,2,9.0,300,1.7512064806672671
PB-S06,P3B-S008,4,3,3,5.0,296,-0.007632031385908274
PB-S06,P3B-S008,4,4,1,5.0,304,-0.06777846372698734
PB-S06,P3B-S008,4,4,2,6.0,300,0.40937294353260795
PB-S06,P3B-S008,4,4,3,6.0,296,0.4426578203826811
PB-S06,P3B-S008,4,5,1,9.0,304,1.7095234740029075
PB-S06,P3B-S008,4,5,2,7.0,300,0.856650789244161
PB-S06,P3B-S008,4,5,3,4.0,296,-0.45792188315449767
PB-S06,P3B-S008,5,1,1,8.0,304,1.265197989570434
PB-S06,P3B-S008,5,1,2,5.0,300,-0.03790490217894507
PB-S06,P3B-S008,5,1,3,5.0,296,-0.007632031385908274
PB-S06,P3B-S008,5,2,1,2.0,304,-1.4007549170244085
PB-S06,P3B-S008,5,2,2,6.0,300,0.40937294353260795
PB-S06,P3B-S008,5,2,3,2.0,296,-1.3585015866916763
PB-S06,P3B-S008,5,3,1,4.0,304,-0.512103948159461
PB-S06,P3B-S008,5,3,2,6.0,300,0.40937294353260795
PB-S06,P3B-S008,5,3,3,1.0,296,-1.808791438460266
PB-S06,P3B-S008,5,4,1,4.0,304,-0.512103948159461
PB-S06,P3B-S008,5,4,2,2.0,300,-1.3797384393136043
PB-S06,P3B-S008,5,4,3,4.0,296,-0.45792188315449767
PB-S06,P3B-S008,5,5,1,5.0,304,-0.06777846372698734
PB-S06,P3B-S008,5,5,2,8.0,300,1.303928634955714
PB-S06,P3B-S008,5,5,3,5.0,296,-0.007632031385908274
PB-S07,P3B-S007,1,1,1,12.0,1114,-1.0391278421344896
PB-S07,P3B-S007,1,1,2,12.0,1105,-1.0105182788591391
PB-S07,P3B-S007,1,1,3,26.0,1096,2.5567937098464117
PB-S07,P3B-S007,1,1,4,14.0,1087,-0.4450575183044039
PB-S07,P3B-S007,1,1,5,22.0,1078,1.6251327399843458
PB-S07,P3B-S007,2,2,1,14.0,1114,-0.5377304917339315
PB-S07,P3B-S007,2,2,2,16.0,1105,-0.003648080429094159
PB-S07,P3B-S007,2,2,3,27.0,1096,2.809542658240971
PB-S07,P3B-S007,2,2,4,15.0,1087,-0.1912643880316446
PB-S07,P3B-S007,2,2,5,14.0,1078,-0.41367015199601537
PB-S07,P3B-S007,3,3,1,19.0,1114,0.7157628842674636
PB-S07,P3B-S007,3,3,2,23.0,1105,1.7583747668234848
PB-S07,P3B-S007,3,3,3,22.0,1096,1.5457979162681745
PB-S07,P3B-S007,3,3,4,14.0,1087,-0.4450575183044039
PB-S07,P3B-S007,3,3,5,14.0,1078,-0.41367015199601537
PB-S07,P3B-S007,4,4,1,20.0,1114,0.9664615594677426
PB-S07,P3B-S007,4,4,2,21.0,1105,1.254939667608462
PB-S07,P3B-S007,4,4,3,17.0,1096,0.2820531742953779
PB-S07,P3B-S007,4,4,4,19.0,1087,0.8239081330593925
PB-S07,P3B-S007,4,4,5,15.0,1078,-0.1588197904984702
PB-S07,P3B-S007,5,5,1,15.0,1114,-0.2870318165336525
PB-S07,P3B-S007,5,5,2,17.0,1105,0.2480694691784171
PB-S07,P3B-S007,5,5,3,11.0,1096,-1.234440516071978
PB-S07,P3B-S007,5,5,4,17.0,1087,0.31632187251387395
PB-S07,P3B-S007,5,5,5,20.0,1078,1.1154320169892555
PB-S07,P3B-S008,1,1,1,12.0,1114,-1.0391278421344896
PB-S07,P3B-S008,1,1,2,12.0,1105,-1.0105182788591391
PB-S07,P3B-S008,1,1,3,26.0,1096,2.5567937098464117
PB-S07,P3B-S008,1,2,1,16.0,1114,-0.03633314133337349
PB-S07,P3B-S008,1,2,2,17.0,1105,0.2480694691784171
PB-S07,P3B-S008,1,2,3,14.0,1096,-0.47619367088830006
PB-S07,P3B-S008,1,3,1,21.0,1114,1.2171602346680217
PB-S07,P3B-S008,1,3,2,24.0,1105,2.010092316430996
PB-S07,P3B-S008,1,3,3,13.0,1096,-0.7289426192828593
PB-S07,P3B-S008,1,4,1,15.0,1114,-0.2870318165336525
PB-S07,P3B-S008,1,4,2,15.0,1105,-0.25536563003660545
PB-S07,P3B-S008,1,4,3,13.0,1096,-0.7289426192828593
PB-S07,P3B-S008,1,5,1,12.0,1114,-1.0391278421344896
PB-S07,P3B-S008,1,5,2,17.0,1105,0.2480694691784171
PB-S07,P3B-S008,1,5,3,16.0,1096,0.029304225900818603
PB-S07,P3B-S008,2,1,1,10.0,1114,-1.5405251925350476
PB-S07,P3B-S008,2,1,2,18.0,1105,0.4997870187859284
PB-S07,P3B-S008,2,1,3,8.0,1096,-1.992687361255656
PB-S07,P3B-S008,2,2,1,14.0,1114,-0.5377304917339315
PB-S07,P3B-S008,2,2,2,16.0,1105,-0.003648080429094159
PB-S07,P3B-S008,2,2,3,27.0,1096,2.809542658240971
PB-S07,P3B-S008,2,3,1,8.0,1114,-2.041922542935606
PB-S07,P3B-S008,2,3,2,15.0,1105,-0.25536563003660545
PB-S07,P3B-S008,2,3,3,19.0,1096,0.7875510710844965
PB-S07,P3B-S008,2,4,1,23.0,1114,1.7185575850685797
PB-S07,P3B-S008,2,4,2,12.0,1105,-1.0105182788591391
PB-S07,P3B-S008,2,4,3,15.0,1096,-0.22344472249374073
PB-S07,P3B-S008,2,5,1,19.0,1114,0.7157628842674636
PB-S07,P3B-S008,2,5,2,9.0,1105,-1.765670927681673
PB-S07,P3B-S008,2,5,3,19.0,1096,0.7875510710844965
PB-S07,P3B-S008,3,1,1,18.0,1114,0.4650642090671846
PB-S07,P3B-S008,3,1,2,21.0,1105,1.254939667608462
PB-S07,P3B-S008,3,1,3,21.0,1096,1.2930489678736152
PB-S07,P3B-S008,3,2,1,12.0,1114,-1.0391278421344896
PB-S07,P3B-S008,3,2,2,12.0,1105,-1.0105182788591391
PB-S07,P3B-S008,3,2,3,21.0,1096,1.2930489678736152
PB-S07,P3B-S008,3,3,1,19.0,1114,0.7157628842674636
PB-S07,P3B-S008,3,3,2,23.0,1105,1.7583747668234848
PB-S07,P3B-S008,3,3,3,22.0,1096,1.5457979162681745
PB-S07,P3B-S008,3,4,1,14.0,1114,-0.5377304917339315
PB-S07,P3B-S008,3,4,2,16.0,1105,-0.003648080429094159
PB-S07,P3B-S008,3,4,3,20.0,1096,1.040300019479056
PB-S07,P3B-S008,3,5,1,17.0,1114,0.21436553386690554
PB-S07,P3B-S008,3,5,2,15.0,1105,-0.25536563003660545
PB-S07,P3B-S008,3,5,3,22.0,1096,1.5457979162681745
PB-S07,P3B-S008,4,1,1,15.0,1114,-0.2870318165336525
PB-S07,P3B-S008,4,1,2,16.0,1105,-0.003648080429094159
PB-S07,P3B-S008,4,1,3,15.0,1096,-0.22344472249374073
PB-S07,P3B-S008,4,2,1,8.0,1114,-2.041922542935606
PB-S07,P3B-S008,4,2,2,16.0,1105,-0.003648080429094159
PB-S07,P3B-S008,4,2,3,16.0,1096,0.029304225900818603
PB-S07,P3B-S008,4,3,1,12.0,1114,-1.0391278421344896
PB-S07,P3B-S008,4,3,2,18.0,1105,0.4997870187859284
PB-S07,P3B-S008,4,3,3,14.0,1096,-0.47619367088830006
PB-S07,P3B-S008,4,4,1,20.0,1114,0.9664615594677426
PB-S07,P3B-S008,4,4,2,21.0,1105,1.254939667608462
PB-S07,P3B-S008,4,4,3,17.0,1096,0.2820531742953779
PB-S07,P3B-S008,4,5,1,11.0,1114,-1.2898265173347687
PB-S07,P3B-S008,4,5,2,13.0,1105,-0.758800729251628
PB-S07,P3B-S008,4,5,3,18.0,1096,0.5348021226899372
PB-S07,P3B-S008,5,1,1,19.0,1114,0.7157628842674636
PB-S07,P3B-S008,5,1,2,19.0,1105,0.7515045683934397
PB-S07,P3B-S008,5,1,3,16.0,1096,0.029304225900818603
PB-S07,P3B-S008,5,2,1,12.0,1114,-1.0391278421344896
PB-S07,P3B-S008,5,2,2,16.0,1105,-0.003648080429094159
PB-S07,P3B-S008,5,2,3,15.0,1096,-0.22344472249374073
PB-S07,P3B-S008,5,3,1,24.0,1114,1.9692562602688588
PB-S07,P3B-S008,5,3,2,17.0,1105,0.2480694691784171
PB-S07,P3B-S008,5,3,3,18.0,1096,0.5348021226899372
PB-S07,P3B-S008,5,4,1,22.0,1114,1.4678589098683008
PB-S07,P3B-S008,5,4,2,18.0,1105,0.4997870187859284
PB-S07,P3B-S008,5,4,3,18.0,1096,0.5348021226899372
PB-S07,P3B-S008,5,5,1,15.0,1114,-0.2870318165336525
PB-S07,P3B-S008,5,5,2,17.0,1105,0.2480694691784171
PB-S07,P3B-S008,5,5,3,11.0,1096,-1.234440516071978
