statistical_regime_id,field,status,n_populated,n_categories,n_eligible_categories,n_included_draws,categories,sufficient,observed_T,perm_mean,perm_sd,z,raw_p,n_permutations
FL-S01,machine_id,,0,0,0,0,{},False,,,,,,
FL-S01,ball_set_id,,0,0,0,0,{},False,,,,,,
FL-S02,machine_id,,0,0,0,0,{},False,,,,,,
FL-S02,ball_set_id,,0,0,0,0,{},False,,,,,,
MM-S04,machine_id,,0,0,0,0,{},False,,,,,,
MM-S04,ball_set_id,,0,0,0,0,{},False,,,,,,
MM-S05,machine_id,,0,0,0,0,{},False,,,,,,
MM-S05,ball_set_id,,0,0,0,0,{},False,,,,,,
MM-S06,machine_id,,0,0,0,0,{},False,,,,,,
MM-S06,ball_set_id,,0,0,0,0,{},False,,,,,,
MM-S07,machine_id,,0,0,0,0,{},False,,,,,,
MM-S07,ball_set_id,,0,0,0,0,{},False,,,,,,
PB-S04,machine_id,,0,0,0,0,{},False,,,,,,
PB-S04,ball_set_id,,0,0,0,0,{},False,,,,,,
PB-S05,machine_id,,0,0,0,0,{},False,,,,,,
PB-S05,ball_set_id,,0,0,0,0,{},False,,,,,,
PB-S06,machine_id,,0,0,0,0,{},False,,,,,,
PB-S06,ball_set_id,,0,0,0,0,{},False,,,,,,
PB-S07,machine_id,,0,0,0,0,{},False,,,,,,
PB-S07,ball_set_id,,0,0,0,0,{},False,,,,,,
FL-S01,machine_id,INSUFFICIENT_DATA,,,,,,,,,,,,
FL-S01,ball_set_id,INSUFFICIENT_DATA,,,,,,,,,,,,
FL-S02,machine_id,INSUFFICIENT_DATA,,,,,,,,,,,,
FL-S02,ball_set_id,INSUFFICIENT_DATA,,,,,,,,,,,,
MM-S04,machine_id,INSUFFICIENT_DATA,,,,,,,,,,,,
MM-S04,ball_set_id,INSUFFICIENT_DATA,,,,,,,,,,,,
MM-S05,machine_id,INSUFFICIENT_DATA,,,,,,,,,,,,
MM-S05,ball_set_id,INSUFFICIENT_DATA,,,,,,,,,,,,
MM-S06,machine_id,INSUFFICIENT_DATA,,,,,,,,,,,,
MM-S06,ball_set_id,INSUFFICIENT_DATA,,,,,,,,,,,,
MM-S07,machine_id,INSUFFICIENT_DATA,,,,,,,,,,,,
MM-S07,ball_set_id,INSUFFICIENT_DATA,,,,,,,,,,,,
PB-S04,machine_id,INSUFFICIENT_DATA,,,,,,,,,,,,
PB-S04,ball_set_id,INSUFFICIENT_DATA,,,,,,,,,,,,
PB-S05,machine_id,INSUFFICIENT_DATA,,,,,,,,,,,,
PB-S05,ball_set_id,INSUFFICIENT_DATA,,,,,,,,,,,,
PB-S06,machine_id,INSUFFICIENT_DATA,,,,,,,,,,,,
PB-S06,ball_set_id,INSUFFICIENT_DATA,,,,,,,,,,,,
PB-S07,machine_id,INSUFFICIENT_DATA,,,,,,,,,,,,
PB-S07,ball_set_id,INSUFFICIENT_DATA,,,,,,,,,,,,
