statistical_regime_id,statistic_id,observed,null_mean,null_sd,null_min,null_max,se_mean,empirical_percentile,z,tail,raw_p,mc_resolution,convergence_status,bh_q,holm_p,bh_flag
FL-S01,P3B-S001,287.9706498951782,288.0851373165619,24.24103214673605,211.54297693920336,399.53039832285117,0.17141426754943853,0.51275,-0.004722877338335066,upper,0.4911754412279386,20001,CONVERGED,0.9979001049947502,1.0,False
FL-S01,P3B-S002,3.3242078968018878,3.2314724096259364,0.4821489212353665,2.1808918607248966,6.2386724743160675,0.0034093929533623585,0.74255,0.19233785059260036,upper,0.4915254237288136,20001,CONVERGED,0.9979001049947502,1.0,False
FL-S01,P3B-S003,0.0012068944993485374,0.0007964648293072029,0.0004271558005788355,0.00011121603386643391,0.004225791931628471,3.0205231461472224e-06,0.8576,0.9608430214108399,upper,0.1424428778561072,20001,CONVERGED,0.9979001049947502,1.0,False
FL-S01,P3B-S004,11939.404481132076,11805.442055974843,156.07831900690803,11189.920204402517,12471.93278301887,1.103667969703966,0.80785,0.8583025881468135,upper,0.20218989050547473,20001,CONVERGED,0.9979001049947502,1.0,False
FL-S01,P3B-S006,2.4498630147885336,2.4123481460179463,0.02097172492973542,2.3366710413899043,2.523798761348459,0.00014829619656120662,0.957,1.788830861375435,upper,0.04304784760761962,20001,CONVERGED,0.9979001049947502,1.0,False
FL-S01,P3B-S007,3.0891389671564733,2.3283123772030128,0.5113670464648321,1.1118518511956048,5.62856778554329,0.0036160014634728063,0.93075,1.4878287430001307,upper,0.08114594270286486,20001,CONVERGED,0.9979001049947502,1.0,False
FL-S01,P3B-S008,2.7430117526502342,2.8492153780923113,0.5032568579702716,1.7472865363508627,6.331563535850417,0.0035586523369146726,0.5717,-0.21103264418574644,upper,0.5188240587970602,20001,CONVERGED,0.9979001049947502,1.0,False
FL-S02,P3B-S001,348.967032967033,311.79105659340655,25.105495268185642,220.25274725274727,413.61538461538464,0.1775270977247302,0.9279,1.4807903997312029,upper,0.07254637268136593,20001,CONVERGED,0.9979001049947502,1.0,False
FL-S02,P3B-S002,3.364999978019466,3.256156175379475,0.47809427016369466,2.1068342014054857,6.195872975400921,0.003380721523886417,0.7561,0.22766180109777032,upper,0.47747612619369034,20001,CONVERGED,0.9979001049947502,1.0,False
FL-S02,P3B-S003,0.00039538201411927536,0.0006958731424899335,0.00036857923932051583,0.00011333545616990922,0.004427757664997466,2.6063139539445036e-06,0.19735,-0.815268730069063,upper,0.8026598670066497,20001,CONVERGED,0.9979001049947502,1.0,False
FL-S02,P3B-S004,13818.119047619046,13828.162799999996,168.2083203431623,13232.595238095237,14494.499999999998,1.189442176092604,0.492,-0.05971019959333906,upper,0.5312734363281836,20001,CONVERGED,0.9979001049947502,1.0,False
FL-S02,P3B-S006,2.4106333313311605,2.4449732601831986,0.019342104737792905,2.371867798584309,2.5315998392049033,0.00013677275358672033,0.0293,-1.7753977303690551,upper,0.9707014649267537,20001,CONVERGED,0.9979001049947502,1.0,False
FL-S02,P3B-S007,1.9312181983410703,2.333387187116913,0.5078681005283731,1.013558025981665,6.042387507438765,0.003591259560930758,0.23645,-0.7918768443173266,upper,0.792160391980401,20001,CONVERGED,0.9979001049947502,1.0,False
FL-S02,P3B-S008,2.2581733801737576,2.8412130373327003,0.4950999100489551,1.6232492998066002,6.042387507438765,0.0035009725630128154,0.12,-1.1776202041751374,upper,0.9049547522623869,20001,CONVERGED,0.9979001049947502,1.0,False
MM-S04,P3B-S001,267.8837209302325,274.72353488372096,23.580373907468232,193.0,389.3255813953489,0.16674259154574814,0.3966,-0.29006384632951754,upper,0.6048697565121743,20001,CONVERGED,0.9979001049947502,1.0,False
MM-S04,P3B-S002,3.084435454322494,3.186135460122415,0.46926538890718933,2.0974161089392953,5.963241878356822,0.0033182903450197773,0.5987,-0.21672172762785027,upper,0.6518674066296685,20001,CONVERGED,0.9979001049947502,1.0,False
MM-S04,P3B-S003,0.0007482261681714313,0.0005155424978170942,0.00028864803914861,7.319826422997537e-05,0.0035625814008675427,2.0411008867418504e-06,0.8314,0.8061155414069529,upper,0.16864156792160392,20001,CONVERGED,0.9979001049947502,1.0,False
MM-S04,P3B-S004,12321.989852008457,12364.70470665962,159.31013451917727,11713.152642706133,13020.361945031713,1.1265209276777517,0.4043,-0.26812390046674395,upper,0.6170691465426729,20001,CONVERGED,0.9979001049947502,1.0,False
MM-S04,P3B-S006,2.2886765665242583,2.3096692047564984,0.018151580104292936,2.248163732530054,2.3981738976109126,0.00012835426270664294,0.12035,-1.1565185020600608,upper,0.87965601719914,20001,CONVERGED,0.9979001049947502,1.0,False
MM-S04,P3B-S007,2.344141060256811,2.255926779808838,0.5060269127291681,0.9209738167202899,6.136582035411942,0.0035782400716569,0.6248,0.17432725064405113,upper,0.3903804809759512,20001,CONVERGED,0.9979001049947502,1.0,False
MM-S04,P3B-S008,2.634565616394823,2.6903635953706604,0.485620772711835,1.472867391842775,6.368595623883549,0.003433943264350639,0.5182,-0.11490031339525839,upper,0.5028748562571871,20001,CONVERGED,0.9979001049947502,1.0,False
MM-S05,P3B-S001,328.75,369.7947332317073,27.186121181667232,277.9878048780488,497.50000000000006,0.19223971247004953,0.0597,-1.5097679053746562,upper,0.9418529073546322,20001,CONVERGED,0.9979001049947502,1.0,False
MM-S05,P3B-S002,2.7086922754553355,3.4821619221924367,0.5425591836578809,2.227289619864932,7.041316175768965,0.0038365686950115833,0.1388,-1.4255949766114813,upper,0.9967001649917504,20001,CONVERGED,0.9979001049947502,1.0,False
MM-S05,P3B-S003,0.0012181995945975703,0.001087649956237469,0.0006129376831442411,0.00015896897790116155,0.008269139841804917,4.334232279122102e-06,0.6803,0.21299006726166547,upper,0.31973401329933504,20001,CONVERGED,0.9979001049947502,1.0,False
MM-S05,P3B-S004,21954.815095583388,22215.839379119974,213.2185882782493,21481.03460777851,23139.266315095585,1.5077207899566494,0.1023,-1.2242097916714025,upper,0.9090545472726363,20001,CONVERGED,0.9979001049947502,1.0,False
MM-S05,P3B-S006,3.896336312818856,3.8522852816540434,0.030741258874833966,3.722716760597101,3.988429227261457,0.00021737896066801164,0.92515,1.4329611986344033,upper,0.07489625518724063,20001,CONVERGED,0.9979001049947502,1.0,False
MM-S05,P3B-S007,1.9451950503185491,2.2899913583187783,0.588067652578033,0.9734198633893634,7.473997718215593,0.004158370209898588,0.2883,-0.5863208195327099,upper,0.7442627868606569,20001,CONVERGED,0.9979001049947502,1.0,False
MM-S05,P3B-S008,2.8381172174030205,2.781448990128607,0.590103348326305,1.4734643137606118,7.473997718215593,0.004172765112456008,0.6249,0.0960310214052171,upper,0.47402629868506574,20001,CONVERGED,0.9979001049947502,1.0,False
MM-S06,P3B-S001,345.58727569331154,344.792484502447,26.099076141699204,256.7455138662316,457.2675367047308,0.1845529511064473,0.5246,0.03045284770040899,upper,0.4783760811959402,20001,CONVERGED,0.9979001049947502,1.0,False
MM-S06,P3B-S002,3.14593320986455,3.32112327717741,0.49163037974739154,2.1248420598312343,6.54957037664227,0.003476438665620035,0.55805,-0.3563450806332914,upper,0.7444627768611569,20001,CONVERGED,0.9979001049947502,1.0,False
MM-S06,P3B-S003,0.001186927911258551,0.000577127723931132,0.0003229563085444518,7.828544903373927e-05,0.0031839385584315535,2.2837030512775253e-06,0.9477,1.88818168648186,upper,0.05234738263086846,20001,CONVERGED,0.9979001049947502,1.0,False
MM-S06,P3B-S004,19251.562333025984,19350.7435858808,199.61988912222085,18605.46119110103,20212.834763694824,1.411561062047966,0.3176,-0.496850555778482,upper,0.6999650017499125,20001,CONVERGED,0.9979001049947502,1.0,False
MM-S06,P3B-S006,2.971473720716883,2.980675350528153,0.01854418470725402,2.9144219087484586,3.070753090856498,0.0001311304658833783,0.31445,-0.4962002890140741,upper,0.6855657217139143,20001,CONVERGED,0.9979001049947502,1.0,False
MM-S06,P3B-S007,1.8427200195248201,2.2714297246537285,0.5166518357096125,1.1093298714960944,5.354842602816423,0.003653371500856679,0.1895,-0.8297845386343841,upper,0.8325583720813959,20001,CONVERGED,0.9979001049947502,1.0,False
MM-S06,P3B-S008,2.3075155012469213,2.716834308046052,0.5169084340125207,1.5546317233983165,6.136797690816166,0.0036551859702192535,0.31645,-0.7918594084870673,upper,0.7719614019299035,20001,CONVERGED,0.9979001049947502,1.0,False
MM-S07,P3B-S001,320.655737704918,345.09222131147544,26.15138978688273,246.06557377049182,469.8360655737705,0.18492287368720603,0.17625,-0.934423898909362,upper,0.8299585020748963,20001,CONVERGED,0.9979001049947502,1.0,False
MM-S07,P3B-S002,4.010914072127333,3.7172944535238712,0.6450119611303248,2.485022849035413,8.588587741403094,0.004561037343975824,0.8711,0.45521577319112067,upper,0.5010249487525624,20001,CONVERGED,0.9979001049947502,1.0,False
MM-S07,P3B-S003,0.001997213827750935,0.002907284958783298,0.0016271144663121298,0.00042319104475974697,0.01701742454573874,1.150572437566539e-05,0.33115,-0.5593159853682869,upper,0.6688665566721664,20001,CONVERGED,0.9979001049947502,1.0,False
MM-S07,P3B-S004,19155.793775243525,19324.38848835828,196.38707803118828,18839.072463768112,20264.31836540746,1.3887010640932311,0.2615,-0.8584817025893141,upper,0.8580570971451428,20001,CONVERGED,0.9979001049947502,1.0,False
MM-S07,P3B-S006,4.585513566645483,4.498496645261004,0.07495480864595998,4.1838511009523085,4.836784239039365,0.0005300237855212582,0.8788,1.1609251355105594,upper,0.12124393780310984,20001,CONVERGED,0.9979001049947502,1.0,False
MM-S07,P3B-S007,2.013398167112232,2.3264667955259166,0.7242306335799854,1.1478340719169697,6.772221024310122,0.005121211953373627,0.54595,-0.4322775285907713,upper,0.5797710114494276,20001,CONVERGED,0.9979001049947502,1.0,False
MM-S07,P3B-S008,3.3217616706742286,2.93211793731274,0.704166232445482,1.3132546139874857,7.310114986061798,0.004979331665295543,0.702,0.5533405542726808,upper,0.39353032348382583,20001,CONVERGED,0.9979001049947502,1.0,False
PB-S04,P3B-S001,256.06498194945846,269.8663880866426,23.29942588829286,192.52707581227438,375.5956678700361,0.1647559393836249,0.2853,-0.5923496228342198,upper,0.71966401679916,20001,CONVERGED,0.9979001049947502,1.0,False
PB-S04,P3B-S002,2.6818660297993415,3.3168824383098494,0.5376524177206744,1.8151654226080907,6.279491191725287,0.003801871752898248,0.22345,-1.1810909568724692,upper,0.9821008949552522,20001,CONVERGED,0.9979001049947502,1.0,False
PB-S04,P3B-S003,0.000912702417621145,0.0012811058600684236,0.0007146076710018337,0.00017828120844759065,0.0076100010243198984,5.053165631253154e-06,0.3535,-0.515532448638287,upper,0.6465176741162942,20001,CONVERGED,0.9979001049947502,1.0,False
PB-S04,P3B-S004,11821.832597940902,11896.764518518517,156.27863169827882,11221.399384944512,12486.597940901192,1.1050844297401698,0.34195,-0.47947643105990156,upper,0.703614819259037,20001,CONVERGED,0.9979001049947502,1.0,False
PB-S04,P3B-S006,3.305039234983558,3.2862008037480313,0.0316058333058675,3.1741966416558007,3.4179685167343763,0.00022349257794059715,0.7279,0.5960428587095424,upper,0.272136393180341,20001,CONVERGED,0.9979001049947502,1.0,False
PB-S04,P3B-S007,1.7146991314511524,2.2840999688416037,0.5673713391364713,0.8628997027536014,6.140594152989118,0.004012021515334584,0.08855,-1.0035770193416342,upper,0.9316534173291335,20001,CONVERGED,0.9979001049947502,1.0,False
PB-S04,P3B-S008,2.3824568472337155,2.7564925258979143,0.5712423962487377,1.4188062420275565,5.982218131589872,0.004039394707017371,0.4314,-0.6547757679059439,upper,0.7014649267536623,20001,CONVERGED,0.9979001049947502,1.0,False
PB-S05,P3B-S001,310.5622489959839,290.11021887550197,24.03647596380879,188.29718875502004,418.6104417670682,0.16996780074650142,0.8079,0.8508747351848134,upper,0.19419029048547573,20001,CONVERGED,0.9979001049947502,1.0,False
PB-S05,P3B-S002,4.310385265009045,3.383943675279735,0.5529626038482838,2.0719805617514524,7.256092569667736,0.003910133823804462,0.9684,1.6754145457248633,upper,0.10359482025898704,20001,CONVERGED,0.9979001049947502,1.0,False
PB-S05,P3B-S003,0.00037663764085390833,0.001421956793183285,0.0007976412163663498,0.0002040166888357356,0.008415859849282581,5.640316140131467e-06,0.0086,-1.310512961067035,upper,0.9914004299785011,20001,CONVERGED,0.9979001049947502,1.0,False
PB-S05,P3B-S004,13588.722614596321,13699.739715801137,168.08171538984152,13121.461570419611,14440.786871624432,1.1885469215007098,0.2915,-0.6604948131766001,upper,0.7316134193290336,20001,CONVERGED,0.9979001049947502,1.0,False
PB-S05,P3B-S006,3.5392849215162787,3.5646118422927495,0.036125556674205736,3.396144377360492,3.7276993322260314,0.00025545264738071363,0.24215,-0.7010804291509966,upper,0.7578621068946553,20001,CONVERGED,0.9979001049947502,1.0,False
PB-S05,P3B-S007,2.1085045165926237,2.277698089811962,0.5873869980779834,0.9979245157591871,5.9461081897399195,0.004153557135443921,0.5874,-0.28804446433605846,upper,0.48362581870906457,20001,CONVERGED,0.9979001049947502,1.0,False
PB-S05,P3B-S008,2.9519086176660485,2.777237565587189,0.5906571204566505,1.5182099470524384,7.036647226507088,0.004176680970639681,0.69835,0.2957232648678091,upper,0.39473026348682566,20001,CONVERGED,0.9979001049947502,1.0,False
PB-S06,P3B-S001,256.8181818181818,289.9680597402597,24.128232836007804,208.16233766233768,392.4415584415584,0.17061663603311025,0.08075,-1.3739040959770015,upper,0.9208039598020099,20001,CONVERGED,0.9979001049947502,1.0,False
PB-S06,P3B-S002,2.9927513563105452,3.344255614518012,0.5400974445714782,2.1098897061989343,7.4070596068686,0.0038191611358020907,0.45185,-0.6508163697874108,upper,0.8832558372081396,20001,CONVERGED,0.9979001049947502,1.0,False
PB-S06,P3B-S003,0.0012377749359957042,0.0011568983125585155,0.0006547625330287003,0.00017500370296812587,0.006779399374451549,4.629986022812224e-06,0.6492,0.12352054272727245,upper,0.35083245837708116,20001,CONVERGED,0.9979001049947502,1.0,False
PB-S06,P3B-S004,13432.734885803848,13703.112883206444,166.51941666701222,13121.643976712938,14499.332288401249,1.177499525100831,0.05395,-1.6237025255935746,upper,0.9537023148842558,20001,CONVERGED,0.9979001049947502,1.0,False
PB-S06,P3B-S006,3.3568677721109124,3.3403448108554286,0.02967073420550865,3.225149965987981,3.4837991217131643,0.00020980901888602725,0.7137,0.5568773978102692,upper,0.2863356832158392,20001,CONVERGED,0.9979001049947502,1.0,False
PB-S06,P3B-S007,1.3153419787541174,2.268237911197389,0.5706579129800852,0.8836746933276834,6.746715745142932,0.004035261682862932,0.00295,-1.6698198881832134,upper,0.9979001049947502,20001,CONVERGED,0.9979001049947502,1.0,False
PB-S06,P3B-S008,3.0930400178019264,2.751309849593341,0.5660050233224354,1.4007549170244085,6.746715745142932,0.00400235996201926,0.7841,0.603758189640505,upper,0.2848357582120894,20001,CONVERGED,0.9979001049947502,1.0,False
PB-S07,P3B-S001,349.2911843276937,340.10228904719503,26.054725915330103,230.58414959928766,451.28584149599294,0.18423933980793936,0.64675,0.35267672016047247,upper,0.35478226088695564,20001,CONVERGED,0.9979001049947502,1.0,False
PB-S07,P3B-S002,3.4269332438428046,3.239963276222676,0.44502273785248175,2.0662923782832534,6.173546054905834,0.0031468646297760955,0.7912,0.420135763224993,upper,0.37588120593970303,20001,CONVERGED,0.9979001049947502,1.0,False
PB-S07,P3B-S003,0.00022122745516776538,0.0003137170818344851,0.00017610694138148073,3.800728323315727e-05,0.0016530682738597228,1.2452952574192682e-06,0.35265,-0.5251901256201469,upper,0.647367631618419,20001,CONVERGED,0.9979001049947502,1.0,False
PB-S07,P3B-S004,18703.989366717295,18828.864669655854,194.13342278520253,18127.41234089361,19581.389188622907,1.3727649166156324,0.261,-0.6432447393498348,upper,0.744612769361532,20001,CONVERGED,0.9979001049947502,1.0,False
PB-S07,P3B-S006,2.2374246840122507,2.242994211716653,0.014079569094474208,2.1935711590850144,2.312792587941883,9.956007686190736e-05,0.35715,-0.39557515340353694,upper,0.6428678566071696,20001,CONVERGED,0.9979001049947502,1.0,False
PB-S07,P3B-S007,2.809542658240971,2.260784705477935,0.4940655940588198,1.0032221180009508,5.2283390378724865,0.003493658661657852,0.8825,1.110698578006436,upper,0.1313434328283586,20001,CONVERGED,0.9979001049947502,1.0,False
PB-S07,P3B-S008,2.809542658240971,2.6870387281520607,0.4676004579511141,1.4871894644665373,5.3370321421865645,0.0033065172109952657,0.7211,0.26198419613549156,upper,0.33033348332583373,20001,CONVERGED,0.9979001049947502,1.0,False
