statistical_regime_id,statistic_id,observed,null_mean,null_sd,z,empirical_percentile,tail,raw_p,bh_q,holm_p,mc_resolution,convergence_status,bh_flag
FL-S01,F-S001,58.1231732776618,43.035082707028536,8.784655398199469,1.717550647886059,0.94685,upper,0.053347332633368334,0.9219396173048492,1.0,20001,CONVERGED,False
FL-S01,F-S002,2.878743052226977,2.5014048373673163,0.4413119168823475,0.8550374472671627,0.83795,upper,0.18674066296685166,1.0,1.0,20001,CONVERGED,False
FL-S01,F-S003,76.0,75.4064,3.48594880054197,0.1702836254817358,0.66815,upper,0.4390280485975701,1.0,1.0,20001,CONVERGED,False
FL-S01,F-S004,38.0,42.9949,2.93096809774518,-1.7041809509433496,0.0759,lower,0.0759462026898655,0.9219396173048492,1.0,20001,CONVERGED,False
FL-S01,F-S005,15.0,15.59165,1.2322744327056372,-0.48012843916670916,0.52295,upper,0.8259587020648967,1.0,1.0,20001,CONVERGED,False
FL-S01,F-S006,350.0,351.10465,16.70611260519634,-0.06612250414596137,0.489,two-sided,0.9780010999450027,1.0,1.0,20001,CONVERGED,False
FL-S01,F-S007,68.0,63.9741,9.536997912865452,0.4221349356246627,0.7363,upper,0.29488525573721314,1.0,1.0,20001,CONVERGED,False
FL-S01,F-S008,4.0,4.49475,0.672065798489999,-0.7361630380709846,0.5732,upper,0.9898005099745013,1.0,1.0,20001,CONVERGED,False
FL-S01,F-S012,1148.7251508984025,1075.1795258938166,66.19716900153718,1.111008614324248,0.86635,two-sided,0.2673366331683416,1.0,1.0,20001,CONVERGED,False
FL-S01,F-S013,1.4642779151125513,1.3419058712799503,0.08100657699206137,1.5106433128830201,0.93265,two-sided,0.1351432428378581,1.0,1.0,20001,CONVERGED,False
FL-S02,F-S001,30.929418742585998,47.04443653618031,9.212265545554763,-1.7493001817962535,0.0281,upper,0.9719514024298785,1.0,1.0,20001,CONVERGED,False
FL-S02,F-S002,1.7646298307906711,2.5338000097410833,0.4320749493076059,-1.780177675616225,0.02035,upper,0.9859007049647518,1.0,1.0,20001,CONVERGED,False
FL-S02,F-S003,281.0,289.6069,6.979045234844091,-1.233248920214553,0.1025,upper,0.9297535123243837,1.0,1.0,20001,CONVERGED,False
FL-S02,F-S004,230.0,220.59815,6.429981848924614,1.462189197559308,0.9647,lower,0.9647017649117544,1.0,1.0,20001,CONVERGED,False
FL-S02,F-S005,43.0,42.39555,2.083864246418178,0.2900620810779544,0.7417,upper,0.42287885605719716,1.0,1.0,20001,CONVERGED,False
FL-S02,F-S006,1525.0,1526.60025,34.99874354798327,-0.045723069966955174,0.48955,two-sided,0.9791010449477526,1.0,1.0,20001,CONVERGED,False
FL-S02,F-S007,87.0,83.29895,10.603781349004702,0.34903115013281416,0.7132,upper,0.31808409579521024,1.0,1.0,20001,CONVERGED,False
FL-S02,F-S008,4.0,5.0945,0.6462737423104856,-1.6935548024697182,0.13295,upper,1.0,1.0,1.0,20001,CONVERGED,False
FL-S02,F-S012,1267.819954482608,1268.6773859364284,36.05006479099617,-0.02378446360059339,0.4916,two-sided,0.9832008399580021,1.0,1.0,20001,CONVERGED,False
FL-S02,F-S013,1.3698010950147845,1.3550447218078037,0.0375239308263848,0.39325232943359395,0.6522,two-sided,0.695615219239038,1.0,1.0,20001,CONVERGED,False
MM-S01,F-S001,38.382352941176464,45.02447058823528,9.033009212276147,-0.7353161599826522,0.2416,upper,0.7627118644067796,1.0,1.0,20001,CONVERGED,False
MM-S01,F-S002,2.686811167232638,2.526302783088012,0.47277787740584787,0.3395006234753247,0.73945,upper,0.40697965101744915,1.0,1.0,20001,CONVERGED,False
MM-S01,F-S003,23.0,22.08705,1.8483972239483588,0.4939143968469328,0.8003,upper,0.35948202589870504,1.0,1.0,20001,CONVERGED,False
MM-S01,F-S004,7.0,6.31755,1.2598063333306433,0.5417102469994389,0.8357,lower,0.8357082145892706,1.0,1.0,20001,CONVERGED,False
MM-S01,F-S005,6.0,5.8579,0.7375009084740167,0.19267772875564737,0.84145,upper,0.6770661466926654,1.0,1.0,20001,CONVERGED,False
MM-S01,F-S006,76.0,65.55105,7.384307272689836,1.4150210187818772,0.92865,two-sided,0.17994100294985252,1.0,1.0,20001,CONVERGED,False
MM-S01,F-S007,40.0,48.70935,6.704645596711283,-1.2990022924212505,0.1097,upper,0.9222038898055097,1.0,1.0,20001,CONVERGED,False
MM-S01,F-S008,4.0,3.4875,0.6226907338318116,0.8230409931528323,0.94605,upper,0.4292785360731963,1.0,1.0,20001,CONVERGED,False
MM-S01,F-S009,33.85294117647059,24.09205882352941,6.979109489686427,1.398585645828539,0.91185,upper,0.09344532773361332,0.9219396173048492,1.0,20001,CONVERGED,False
MM-S01,F-S010,3.3081616985161726,2.287005696888642,0.5550115735826251,1.8398823560307433,0.96865,upper,0.08664566771661417,0.9219396173048492,1.0,20001,CONVERGED,False
MM-S01,F-S011,8.0,5.2503,2.238448103039246,1.2283956890787877,0.91795,two-sided,0.3104344782760862,1.0,1.0,20001,CONVERGED,False
MM-S01,F-S012,909.6343681917213,957.18762333878,109.47522658929765,-0.43437457613545205,0.34065,two-sided,0.6813159342032898,1.0,1.0,20001,CONVERGED,False
MM-S01,F-S013,1.1807734204793026,1.1473791557734205,0.12814121395202702,0.26060518451451564,0.6076,two-sided,0.7887105644717765,1.0,1.0,20001,CONVERGED,False
MM-S02,F-S001,43.97435897435897,45.01355677655678,9.077426513546122,-0.11448154393175543,0.48205,upper,0.51972401379931,1.0,1.0,20001,CONVERGED,False
MM-S02,F-S002,2.6831753948316908,2.5199071981938457,0.4511588522543251,0.3618862753596339,0.69945,upper,0.3466326683665817,1.0,1.0,20001,CONVERGED,False
MM-S02,F-S003,38.0,39.1235,2.5144279170419663,-0.44682131962713506,0.44565,upper,0.7242637868106595,1.0,1.0,20001,CONVERGED,False
MM-S02,F-S004,14.0,16.6923,1.9180773472412422,-1.4036451678407633,0.1254,lower,0.12544372781360932,1.0,1.0,20001,CONVERGED,False
MM-S02,F-S005,9.0,8.4973,0.883341785494154,0.5690888943046923,0.8833,upper,0.4392780360981951,1.0,1.0,20001,CONVERGED,False
MM-S02,F-S006,122.0,134.0836,10.482481149041003,-1.1527423544286999,0.13535,two-sided,0.27073646317684114,1.0,1.0,20001,CONVERGED,False
MM-S02,F-S007,65.0,63.254,9.587949937291079,0.18210357911957417,0.64835,upper,0.3881805909704515,1.0,1.0,20001,CONVERGED,False
MM-S02,F-S008,4.0,3.8112,0.6557854527206287,0.2878990365167963,0.8896,upper,0.687665616719164,1.0,1.0,20001,CONVERGED,False
MM-S02,F-S009,21.197802197802197,35.06996043956044,8.382041678294126,-1.6549855958937967,0.0304,upper,0.9713514324283786,1.0,1.0,20001,CONVERGED,False
MM-S02,F-S010,1.687985060235806,2.4293818583925764,0.5239235383384849,-1.4150858739959593,0.0908,upper,0.9741512924353782,1.0,1.0,20001,CONVERGED,False
MM-S02,F-S011,7.0,7.45305,2.7015543114103777,-0.16769975642780255,0.5306,two-sided,1.0,1.0,1.0,20001,CONVERGED,False
MM-S02,F-S012,1087.6482708468004,956.8777509090174,77.17974332493608,1.6943632396809514,0.9521,two-sided,0.09584520773961303,0.9219396173048492,1.0,20001,CONVERGED,False
MM-S02,F-S013,1.3594322344322347,1.1485250552143935,0.08964286801625347,2.3527491242203546,0.98805,two-sided,0.023948802559872008,0.6602544872756362,1.0,20001,CONVERGED,False
MM-S03,F-S001,48.1125,47.1776253125,9.310866132693423,0.10040684445213485,0.56515,upper,0.43647817609119544,1.0,1.0,20001,CONVERGED,False
MM-S03,F-S002,2.8376271177824735,2.538069097125329,0.4500785454198049,0.6655683184759136,0.8079,upper,0.27958602069896504,1.0,1.0,20001,CONVERGED,False
MM-S03,F-S003,38.0,35.99145,2.3677155440424,0.8483071393664134,0.8599,upper,0.2343382830858457,1.0,1.0,20001,CONVERGED,False
MM-S03,F-S004,15.0,14.47055,1.8239607170934358,0.29027489190869377,0.69505,lower,0.6950652467376631,1.0,1.0,20001,CONVERGED,False
MM-S03,F-S005,7.0,7.90465,0.8452563974913174,-1.070266965958448,0.33725,upper,0.991850407479626,1.0,1.0,20001,CONVERGED,False
MM-S03,F-S006,116.0,121.1013,10.03815412862345,-0.5081910413642499,0.32535,two-sided,0.6507174641267937,1.0,1.0,20001,CONVERGED,False
MM-S03,F-S007,69.0,66.95415,10.24409819249601,0.19971011225747762,0.65515,upper,0.37963101844907754,1.0,1.0,20001,CONVERGED,False
MM-S03,F-S008,4.0,3.73405,0.6546912230204405,0.4062220336069738,0.9065,upper,0.6296185190740463,1.0,1.0,20001,CONVERGED,False
MM-S03,F-S009,55.18749999999999,50.992765625,10.073489961655214,0.416413218355036,0.6805,upper,0.3261836908154592,1.0,1.0,20001,CONVERGED,False
MM-S03,F-S010,2.7655531659553194,2.5993854290839256,0.5669645689447671,0.2930831060231238,0.79115,upper,0.46767661616919154,1.0,1.0,20001,CONVERGED,False
MM-S03,F-S011,4.0,4.8347,2.1903597672528594,-0.38107894989638036,0.47045,two-sided,0.9409029548522574,1.0,1.0,20001,CONVERGED,False
MM-S03,F-S012,1111.0479013480392,1037.5289719316793,85.73599402424891,0.8575036687107913,0.80615,two-sided,0.3877306134693265,1.0,1.0,20001,CONVERGED,False
MM-S03,F-S013,1.1481464460784314,1.1516529733455885,0.09253853715371586,-0.03789261614685306,0.4936,two-sided,0.9872006399680016,1.0,1.0,20001,CONVERGED,False
MM-S04,F-S001,44.813525179856114,51.14957145323741,9.777741361178446,-0.6480071459588752,0.2703,upper,0.7303134843257837,1.0,1.0,20001,CONVERGED,False
MM-S04,F-S002,2.52030378346611,2.5580185499419335,0.4348673624332304,-0.08672705687728918,0.52995,upper,0.5475226238688066,1.0,1.0,20001,CONVERGED,False
MM-S04,F-S003,81.0,80.08485,3.6332286574753314,0.25188340351689265,0.6926,upper,0.40942952852357384,1.0,1.0,20001,CONVERGED,False
MM-S04,F-S004,48.0,45.31375,3.0296387470290913,0.886656867137766,0.86705,lower,0.8670566471676416,1.0,1.0,20001,CONVERGED,False
MM-S04,F-S005,11.0,13.12595,1.0921934798834865,-1.9464957804241723,0.02495,upper,1.0,1.0,1.0,20001,CONVERGED,False
MM-S04,F-S006,295.0,310.1298,16.267625885789236,-0.9300558118450949,0.18375,two-sided,0.36753162341882906,1.0,1.0,20001,CONVERGED,False
MM-S04,F-S007,90.0,91.6572,13.374108873491348,-0.1239110594713879,0.53605,upper,0.49627518624068795,1.0,1.0,20001,CONVERGED,False
MM-S04,F-S008,5.0,4.10085,0.5840199290263989,1.5395878724531613,0.9815,upper,0.1854907254637268,1.0,1.0,20001,CONVERGED,False
MM-S04,F-S009,30.608633093525178,44.949037122302165,9.452292128013802,-1.517135085814399,0.0497,upper,0.9514524273786311,1.0,1.0,20001,CONVERGED,False
MM-S04,F-S010,2.3692744102393855,2.501760955596111,0.478877904599564,-0.2766603847958081,0.52355,upper,0.5651217439128043,1.0,1.0,20001,CONVERGED,False
MM-S04,F-S011,16.0,15.1052,3.855701357729875,0.23207191558187285,0.65015,two-sided,0.8821058947052647,1.0,1.0,20001,CONVERGED,False
MM-S04,F-S012,1223.9808720170838,1210.7493288849957,61.06202101284211,0.21669022598032422,0.5913,two-sided,0.8174091295435228,1.0,1.0,20001,CONVERGED,False
MM-S04,F-S013,1.0432815707088507,1.1594323726494309,0.05673492260074652,-2.0472540829561616,0.01785,two-sided,0.03574821258937053,0.8023487714503165,1.0,20001,CONVERGED,False
MM-S05,F-S001,74.05882352941177,70.01787205882351,11.446867347390384,0.3530181094925937,0.6583,upper,0.34278286085695714,1.0,1.0,20001,CONVERGED,False
MM-S05,F-S002,2.2466127631532373,2.669943455541791,0.44194875088774654,-0.9578728111307144,0.1917,upper,0.9012049397530123,1.0,1.0,20001,CONVERGED,False
MM-S05,F-S003,33.0,34.47915,2.2684499724481473,-0.6520531719743746,0.366,upper,0.8124093795310234,1.0,1.0,20001,CONVERGED,False
MM-S05,F-S004,13.0,12.352,1.6408522175991354,0.3949167347612458,0.7482,lower,0.7482125893705315,1.0,1.0,20001,CONVERGED,False
MM-S05,F-S005,6.0,6.6466,0.7326721231219324,-0.8825229998444913,0.46575,upper,0.9889005549722514,1.0,1.0,20001,CONVERGED,False
MM-S05,F-S006,155.0,112.962,9.959043930016575,4.221087917214362,1.0,two-sided,4.999750012499375e-05,0.010099495025248737,0.010099495025248737,20001,CONVERGED,True
MM-S05,F-S007,96.0,111.1068,17.455105091634366,-0.8654660009603826,0.19465,upper,0.8271586420678966,1.0,1.0,20001,CONVERGED,False
MM-S05,F-S008,4.0,3.4011,0.5572421287016982,1.074757218007474,0.9706,upper,0.3703314834258287,1.0,1.0,20001,CONVERGED,False
MM-S05,F-S009,12.852941176470587,13.975735294117648,5.334087407718718,-0.2104941355145992,0.4638,upper,0.5403229838508075,1.0,1.0,20001,CONVERGED,False
MM-S05,F-S010,2.029198624783569,2.0407070798412708,0.5125954643615505,-0.022451340009486554,0.57045,upper,0.528173591320434,1.0,1.0,20001,CONVERGED,False
MM-S05,F-S011,27.0,22.57325,4.593488264652474,0.9637011667286604,0.8567,two-sided,0.38523073846307687,1.0,1.0,20001,CONVERGED,False
MM-S05,F-S012,1852.5775724449074,2213.919655606021,159.26089600517653,-2.268868832367794,0.0092,two-sided,0.018449077546122693,0.6602544872756362,1.0,20001,CONVERGED,False
MM-S05,F-S013,1.183368037480479,1.182553360662849,0.08275121016775684,0.009844893095560333,0.5151,two-sided,0.9709014549272537,1.0,1.0,20001,CONVERGED,False
MM-S06,F-S001,64.43317230273752,65.05080000000001,11.12609659889364,-0.05551162456417174,0.50175,upper,0.4992750362481876,1.0,1.0,20001,CONVERGED,False
MM-S06,F-S002,2.548695816572778,2.6333336640674996,0.42760011724021135,-0.19793691367763278,0.47425,upper,0.5824208789560522,1.0,1.0,20001,CONVERGED,False
MM-S06,F-S003,58.0,60.406,3.0578528414559125,-0.7868266148656284,0.2861,upper,0.8391580420978951,1.0,1.0,20001,CONVERGED,False
MM-S06,F-S004,28.0,29.76675,2.4476405858499732,-0.7218175782072483,0.2754,lower,0.2754362281885906,1.0,1.0,20001,CONVERGED,False
MM-S06,F-S005,9.0,9.71615,0.8996550324985684,-0.7960273372906858,0.4503,upper,0.9594520273986301,1.0,1.0,20001,CONVERGED,False
MM-S06,F-S006,222.0,221.36165,13.997266135838812,0.045605334199194915,0.54,two-sided,0.9774011299435028,1.0,1.0,20001,CONVERGED,False
MM-S06,F-S007,95.0,113.59595,16.689193916948177,-1.1142509394126867,0.10475,upper,0.9140542972851358,1.0,1.0,20001,CONVERGED,False
MM-S06,F-S008,3.0,3.72785,0.6042221259603128,-1.2046066648804046,0.34935,upper,1.0,1.0,1.0,20001,CONVERGED,False
MM-S06,F-S009,23.887278582930758,24.084210950080518,6.934898511798063,-0.028397296199032578,0.53315,upper,0.47002649867506624,1.0,1.0,20001,CONVERGED,False
MM-S06,F-S010,2.080569825741326,2.259512755828717,0.4819013569616909,-0.3713268856838185,0.4581,upper,0.6522673866306685,1.0,1.0,20001,CONVERGED,False
MM-S06,F-S011,24.0,24.8722,4.8686720119556215,-0.17914535993761857,0.4812,two-sided,0.9624018799060047,1.0,1.0,20001,CONVERGED,False
MM-S06,F-S012,1947.9705677627135,1922.3354027183004,103.39930389291614,0.24792396156710783,0.60405,two-sided,0.791910404479776,1.0,1.0,20001,CONVERGED,False
MM-S06,F-S013,1.1574463664225236,1.1770581107474936,0.06030585151013449,-0.32520466644392115,0.37885,two-sided,0.7577121143942803,1.0,1.0,20001,CONVERGED,False
MM-S07,F-S001,78.64516129032258,64.89494838709678,11.09249003273694,1.2395965975759458,0.88825,upper,0.1128443577821109,0.9910678379124522,1.0,20001,CONVERGED,False
MM-S07,F-S002,2.8393722439042923,2.669719752331011,0.49422851863184936,0.3432673048550956,0.79445,upper,0.40932953352332385,1.0,1.0,20001,CONVERGED,False
MM-S07,F-S003,17.0,16.3517,1.5437639424471605,0.4199476242282999,0.7994,upper,0.4056297185140743,1.0,1.0,20001,CONVERGED,False
MM-S07,F-S004,4.0,2.83055,0.9146238010788917,1.2786131288301428,0.9855,lower,0.9855007249637519,1.0,1.0,20001,CONVERGED,False
MM-S07,F-S005,4.0,4.37885,0.584741547608856,-0.6478930760935417,0.6471,upper,0.9877506124693766,1.0,1.0,20001,CONVERGED,False
MM-S07,F-S006,50.0,43.90735,6.166171095380017,0.988076702017707,0.8544,two-sided,0.3640317984100795,1.0,1.0,20001,CONVERGED,False
MM-S07,F-S007,90.0,82.71185,12.77092477377813,0.5706830264135905,0.75805,upper,0.26018699065046746,1.0,1.0,20001,CONVERGED,False
MM-S07,F-S008,3.0,3.14475,0.5132226003402421,-0.2820413596440176,0.8185,upper,0.9473026348682566,1.0,1.0,20001,CONVERGED,False
MM-S07,F-S009,18.06451612903226,23.062961290322583,6.791804793922694,-0.7359524180911282,0.2546,upper,0.760561971901405,1.0,1.0,20001,CONVERGED,False
MM-S07,F-S010,1.7227135384282177,2.2720269653620746,0.549237956283723,-1.0001374097497642,0.1874,upper,0.9453027348632569,1.0,1.0,20001,CONVERGED,False
MM-S07,F-S011,8.0,5.1232,2.207084447863289,1.303439024630468,0.9309,two-sided,0.27853607319634016,1.0,1.0,20001,CONVERGED,False
MM-S07,F-S012,1538.6343430369786,1922.321146626672,229.07191473071822,-1.674962223285776,0.04175,two-sided,0.08354582270886456,0.9219396173048492,1.0,20001,CONVERGED,False
MM-S07,F-S013,1.4200760555992658,1.1767309041437188,0.13669168857810018,1.7802483383363077,0.9561,two-sided,0.08794560271986401,0.9219396173048492,1.0,20001,CONVERGED,False
PB-S01,F-S001,42.389610389610404,39.95226623376624,8.470848224393276,0.2877331869582329,0.6338,upper,0.3666316684165792,1.0,1.0,20001,CONVERGED,False
PB-S01,F-S002,3.1581681358068905,2.4724262061312587,0.44319966628645907,1.5472528114053388,0.9268,upper,0.08354582270886456,0.9219396173048492,1.0,20001,CONVERGED,False
PB-S01,F-S003,68.0,66.9329,3.316096740144955,0.32179398962689815,0.72015,upper,0.3800809959502025,1.0,1.0,20001,CONVERGED,False
PB-S01,F-S004,30.0,36.86025,2.76052892350361,-2.4851215799952944,0.02295,lower,0.022998850057497126,0.6602544872756362,1.0,20001,CONVERGED,False
PB-S01,F-S005,12.0,12.99205,1.1400380684433307,-0.8701902396598029,0.36185,upper,0.9472526373681316,1.0,1.0,20001,CONVERGED,False
PB-S01,F-S006,275.0,256.17025,14.462536601077282,1.3019673186927252,0.90785,two-sided,0.2048397580120994,1.0,1.0,20001,CONVERGED,False
PB-S01,F-S007,77.0,68.9879,10.5143974430302,0.7620122830063911,0.81785,upper,0.2039898005099745,1.0,1.0,20001,CONVERGED,False
PB-S01,F-S008,5.0,4.2498,0.6222539353029438,1.2056171241966773,0.9658,upper,0.27008649567521625,1.0,1.0,20001,CONVERGED,False
PB-S01,F-S009,48.194805194805184,43.99104545454545,9.407677177631086,0.4468435364953996,0.69425,upper,0.30923453827308633,1.0,1.0,20001,CONVERGED,False
PB-S01,F-S010,3.387659910531381,2.501856280434908,0.49296083538585606,1.796904675810862,0.96545,upper,0.07984600769961502,0.9219396173048492,1.0,20001,CONVERGED,False
PB-S01,F-S011,9.0,10.2542,3.1711957303200315,-0.3954975052496773,0.4242,two-sided,0.848407579621019,1.0,1.0,20001,CONVERGED,False
PB-S01,F-S012,806.9960513095003,766.7281208341551,47.37231425885176,0.8500308905178926,0.80305,two-sided,0.3939303034848258,1.0,1.0,20001,CONVERGED,False
PB-S01,F-S013,1.1567972880337303,1.1354760012583225,0.06862572195698985,0.3106894349143691,0.6267,two-sided,0.7470126493675316,1.0,1.0,20001,CONVERGED,False
PB-S02,F-S001,27.34501216545012,43.95767888077858,8.978709808936479,-1.8502287153543964,0.01835,upper,0.9818509074546272,1.0,1.0,20001,CONVERGED,False
PB-S02,F-S002,1.619558761431553,2.5028697680572614,0.44115893827114383,-2.0022511843176356,0.0045,upper,0.9982500874956253,1.0,1.0,20001,CONVERGED,False
PB-S02,F-S003,51.0,56.3634,3.0204867885822644,-1.7756740470688948,0.02445,upper,0.9953002349882506,1.0,1.0,20001,CONVERGED,False
PB-S02,F-S004,32.0,28.68235,2.442160616646661,1.3584896822042265,0.96565,lower,0.9656517174141293,1.0,1.0,20001,CONVERGED,False
PB-S02,F-S005,11.0,11.0068,1.020075369764411,-0.006666174090224938,0.73495,upper,0.6670166491675417,1.0,1.0,20001,CONVERGED,False
PB-S02,F-S006,212.0,209.21685,13.04853731563427,0.2132921056726672,0.60575,two-sided,0.8478076096195191,1.0,1.0,20001,CONVERGED,False
PB-S02,F-S007,68.0,74.29265,11.45263751183543,-0.5494498532322375,0.3423,upper,0.6966151692415379,1.0,1.0,20001,CONVERGED,False
PB-S02,F-S008,4.0,4.0616,0.6291307018418351,-0.09791288172658073,0.8178,upper,0.856357182140893,1.0,1.0,20001,CONVERGED,False
PB-S02,F-S009,34.44525547445255,41.01597664233576,9.115382585967458,-0.7208387696198739,0.2465,upper,0.7579121043947803,1.0,1.0,20001,CONVERGED,False
PB-S02,F-S010,2.8425854377314534,2.482268089615885,0.5028136256807263,0.7166021955506051,0.79735,upper,0.21813909304534773,1.0,1.0,20001,CONVERGED,False
PB-S02,F-S011,11.0,9.7463,3.101441005403778,0.4042314517076492,0.7251,two-sided,0.7685115744212789,1.0,1.0,20001,CONVERGED,False
PB-S02,F-S012,829.8708207228057,916.2556550626075,60.4876669261267,-1.4281396312624064,0.07415,two-sided,0.14834258287085647,1.0,1.0,20001,CONVERGED,False
PB-S02,F-S013,1.1572725654263842,1.1449077550293751,0.07288848701312972,0.1696401023495215,0.5728,two-sided,0.8553072346382681,1.0,1.0,20001,CONVERGED,False
PB-S03,F-S001,51.56182572614108,47.928211701244805,9.429308606531812,0.3853531766241292,0.66925,upper,0.3320833958302085,1.0,1.0,20001,CONVERGED,False
PB-S03,F-S002,3.143457936863459,2.5433711930142535,0.45076746445826565,1.3312556720800433,0.92845,upper,0.12249387530623469,1.0,1.0,20001,CONVERGED,False
PB-S03,F-S003,37.0,33.72095,2.2842025079882915,1.435533841037533,0.93895,upper,0.11244437778111094,0.9910678379124522,1.0,20001,CONVERGED,False
PB-S03,F-S004,14.0,13.00465,1.7306150286820001,0.575142353154091,0.8089,lower,0.8089095545222739,1.0,1.0,20001,CONVERGED,False
PB-S03,F-S005,7.0,7.51215,0.8124976169195822,-0.6303403103404925,0.5538,upper,0.9431528423578821,1.0,1.0,20001,CONVERGED,False
PB-S03,F-S006,115.0,113.06445,9.645226601666753,0.20067439365971262,0.6002,two-sided,0.8796060196990151,1.0,1.0,20001,CONVERGED,False
PB-S03,F-S007,78.0,74.0429,12.068448930579274,0.3278880345570688,0.7042,upper,0.32183390830458475,1.0,1.0,20001,CONVERGED,False
PB-S03,F-S008,3.0,3.68615,0.6476481896060545,-1.0594486497636395,0.4052,upper,0.999950002499875,1.0,1.0,20001,CONVERGED,False
PB-S03,F-S009,38.36099585062241,40.95846058091287,8.999277445823559,-0.28863036459620534,0.4216,upper,0.591320433978301,1.0,1.0,20001,CONVERGED,False
PB-S03,F-S010,2.645789562429917,2.503069838611359,0.5368262676429069,0.26585830914200753,0.78705,upper,0.45807709614519276,1.0,1.0,20001,CONVERGED,False
PB-S03,F-S011,3.0,5.71765,2.364091469782842,-1.1495536592962854,0.1754,two-sided,0.35083245837708116,1.0,1.0,20001,CONVERGED,False
PB-S03,F-S012,1034.0490663900416,1080.9002648582295,92.27281575966164,-0.5077464915584552,0.3124,two-sided,0.6248187590620469,1.0,1.0,20001,CONVERGED,False
PB-S03,F-S013,1.1927040110650065,1.1552457952973723,0.09648542899502022,0.38822665927688915,0.6644,two-sided,0.6713164341782911,1.0,1.0,20001,CONVERGED,False
PB-S04,F-S001,46.10714285714285,50.129214285714276,9.640367111574038,-0.41721143832195023,0.3586,upper,0.6427178641067947,1.0,1.0,20001,CONVERGED,False
PB-S04,F-S002,2.1732957198030567,2.556017820616287,0.4517590112697175,-0.8471819958555971,0.1789,upper,0.8740062996850158,1.0,1.0,20001,CONVERGED,False
PB-S04,F-S003,34.0,37.16585,2.41965778107153,-1.3083875020532956,0.11515,upper,0.9668516574171292,1.0,1.0,20001,CONVERGED,False
PB-S04,F-S004,15.0,15.0429,1.819549282102576,-0.02357726741560223,0.5625,lower,0.5625218739063047,1.0,1.0,20001,CONVERGED,False
PB-S04,F-S005,7.0,7.87555,0.8332239779915123,-1.0507978924352541,0.34755,upper,0.9912504374781261,1.0,1.0,20001,CONVERGED,False
PB-S04,F-S006,124.0,126.8734,10.41837667009597,-0.2758011243966221,0.41615,two-sided,0.8323083845807709,1.0,1.0,20001,CONVERGED,False
PB-S04,F-S007,71.0,78.776,12.572144765313515,-0.6185102180380504,0.3103,upper,0.7256137193140343,1.0,1.0,20001,CONVERGED,False
PB-S04,F-S008,3.0,3.705,0.6309318505195312,-1.1173948492527024,0.3827,upper,1.0,1.0,1.0,20001,CONVERGED,False
PB-S04,F-S009,36.5,41.048435,9.143063849212417,-0.4974738309841071,0.3358,upper,0.6703664816759162,1.0,1.0,20001,CONVERGED,False
PB-S04,F-S010,2.482622531547303,2.499602363019649,0.5348125748346044,-0.03174912534096058,0.67075,upper,0.5786710664466777,1.0,1.0,20001,CONVERGED,False
PB-S04,F-S011,5.0,6.63825,2.5370035351768823,-0.6457421037396307,0.3485,two-sided,0.6970151492425378,1.0,1.0,20001,CONVERGED,False
PB-S04,F-S012,1144.7903225806451,1166.4884832526882,92.16276986982996,-0.23543303551628697,0.4173,two-sided,0.8346082695865207,1.0,1.0,20001,CONVERGED,False
PB-S04,F-S013,1.173783922171019,1.157359161546339,0.08846987617887689,0.18565370874342293,0.58015,two-sided,0.84040797960102,1.0,1.0,20001,CONVERGED,False
PB-S05,F-S001,85.76190476190476,53.98779658730158,9.948244054756076,3.1939413628893183,0.9975,upper,0.002599870006499675,0.1312934353282336,0.5173741312934353,20001,CONVERGED,False
PB-S05,F-S002,4.443255462654381,2.57758482385739,0.4478444382484165,4.16588993734944,0.9993,upper,0.0021498925053747312,0.1312934353282336,0.43212839358032096,20001,CONVERGED,False
PB-S05,F-S003,41.0,32.24755,2.211236983568247,3.9581691447093466,0.9993,upper,0.0021498925053747312,0.1312934353282336,0.43212839358032096,20001,CONVERGED,False
PB-S05,F-S004,11.0,11.75835,1.6436104397027902,-0.46139278607717443,0.39895,lower,0.39898005099745015,1.0,1.0,20001,CONVERGED,False
PB-S05,F-S005,7.0,6.9793,0.7830526866054416,0.026435002847298668,0.7925,upper,0.7311634418279086,1.0,1.0,20001,CONVERGED,False
PB-S05,F-S006,128.0,106.2527,9.430543076090581,2.306049590626048,0.9902,two-sided,0.02614869256537173,0.6602544872756362,1.0,20001,CONVERGED,False
PB-S05,F-S007,77.0,83.07785,13.441870754381624,-0.452158044892584,0.3845,upper,0.6501174941252937,1.0,1.0,20001,CONVERGED,False
PB-S05,F-S008,4.0,3.55775,0.6125070917956787,0.7220324563156676,0.94405,upper,0.4981250937453127,1.0,1.0,20001,CONVERGED,False
PB-S05,F-S009,51.33333333333333,38.01122738095237,8.771824473078935,1.5187383187234322,0.927,upper,0.07454627268636568,0.9219396173048492,1.0,20001,CONVERGED,False
PB-S05,F-S010,3.004382763476332,2.458766926600497,0.5405028669228181,1.0094596537149303,0.90705,upper,0.2152392380380981,1.0,1.0,20001,CONVERGED,False
PB-S05,F-S011,10.0,6.48205,2.5186261726385677,1.3967733831315343,0.93465,two-sided,0.24263786810659468,1.0,1.0,20001,CONVERGED,False
PB-S05,F-S012,1345.3402896351101,1350.1279557753114,113.44227933815054,-0.04220354323038706,0.49275,two-sided,0.9855007249637519,1.0,1.0,20001,CONVERGED,False
PB-S05,F-S013,1.0546385885031304,1.164039386896857,0.09411404608737879,-1.162427957800848,0.1192,two-sided,0.23843807809609519,1.0,1.0,20001,CONVERGED,False
PB-S06,F-S001,39.44180064308683,53.94095768488746,9.949560721208362,-1.457266049032135,0.06125,upper,0.9388030598470076,1.0,1.0,20001,CONVERGED,False
PB-S06,F-S002,1.9049211386511968,2.580237078156415,0.44599115899011305,-1.5141913149901451,0.03775,upper,0.9818009099545023,1.0,1.0,20001,CONVERGED,False
PB-S06,F-S003,35.0,38.42165,2.449828826163167,-1.3966894190558055,0.0914,upper,0.9771511424428778,1.0,1.0,20001,CONVERGED,False
PB-S06,F-S004,17.0,15.60615,1.857641563246258,0.7503331253873463,0.85665,lower,0.856657167141643,1.0,1.0,20001,CONVERGED,False
PB-S06,F-S005,7.0,7.8095,0.8328924000133512,-0.9719142592572866,0.38905,upper,0.9881505924703765,1.0,1.0,20001,CONVERGED,False
PB-S06,F-S006,138.0,131.41495,10.498893584444982,0.6272137103814744,0.75155,two-sided,0.5630218489075546,1.0,1.0,20001,CONVERGED,False
PB-S06,F-S007,93.0,86.15085,13.751101565965545,0.49808009686670335,0.75305,upper,0.2665866706664667,1.0,1.0,20001,CONVERGED,False
PB-S06,F-S008,3.0,3.65745,0.626266315156739,-1.049793009920159,0.4193,upper,0.999950002499875,1.0,1.0,20001,CONVERGED,False
PB-S06,F-S009,33.71061093247588,34.0476463022508,8.280374550163645,-0.04070291358598698,0.52305,upper,0.4834258287085646,1.0,1.0,20001,CONVERGED,False
PB-S06,F-S010,3.442576572776383,2.4125615521187207,0.517965350132575,1.9885790051284828,0.97195,upper,0.06424678766061696,0.9219396173048492,1.0,20001,CONVERGED,False
PB-S06,F-S011,15.0,8.86765,2.951852550094601,2.077458103320056,0.98195,two-sided,0.07104644767761611,0.9219396173048492,1.0,20001,CONVERGED,False
PB-S06,F-S012,1467.4127580126544,1350.1584787667255,101.05660413890361,1.1602831922272139,0.87305,two-sided,0.25393730313484325,1.0,1.0,20001,CONVERGED,False
PB-S06,F-S013,1.1327870552847215,1.1634075396743075,0.08524519094799972,-0.3592048307835317,0.3643,two-sided,0.7286135693215339,1.0,1.0,20001,CONVERGED,False
PB-S07,F-S001,76.29496021220159,64.0783119363395,10.981283966993828,1.1124972555651378,0.86655,upper,0.1335433228338583,1.0,1.0,20001,CONVERGED,False
PB-S07,F-S002,2.6429614749538413,2.629605044737773,0.42503371121878536,0.031424402026297794,0.6101,upper,0.4573771311434428,1.0,1.0,20001,CONVERGED,False
PB-S07,F-S003,105.0,103.5155,4.09784818532849,0.3622632984098695,0.72055,upper,0.360281985900705,1.0,1.0,20001,CONVERGED,False
PB-S07,F-S004,60.0,61.871,3.4629841177805014,-0.5402854695155705,0.31245,lower,0.31248437578121097,1.0,1.0,20001,CONVERGED,False
PB-S07,F-S005,14.0,14.06645,1.0984235965691924,-0.06049578706024623,0.7049,upper,0.6733663316834159,1.0,1.0,20001,CONVERGED,False
PB-S07,F-S006,402.0,409.27455,18.757904261870515,-0.3878125135112811,0.3601,two-sided,0.7202139893005349,1.0,1.0,20001,CONVERGED,False
PB-S07,F-S007,112.0,120.7637,16.770875418713242,-0.5225547135256462,0.3521,upper,0.6755662216889156,1.0,1.0,20001,CONVERGED,False
PB-S07,F-S008,4.0,4.0063,0.5532271775681307,-0.011387726878664711,0.8651,upper,0.8610069496525173,1.0,1.0,20001,CONVERGED,False
PB-S07,F-S009,19.183908045977013,25.013128735632186,7.01866867331125,-0.8305308258560491,0.21,upper,0.7927603619819009,1.0,1.0,20001,CONVERGED,False
PB-S07,F-S010,1.9327783587126708,2.267481452647661,0.4711526095004467,-0.7103921047786813,0.3158,upper,0.8111594420278986,1.0,1.0,20001,CONVERGED,False
PB-S07,F-S011,42.0,43.48425,6.494440078828967,-0.22854164207911712,0.45005,two-sided,0.9001049947502625,1.0,1.0,20001,CONVERGED,False
PB-S07,F-S012,1917.6008043629654,1866.6623399694058,73.46164942116174,0.6934021328805882,0.75765,two-sided,0.4847257637118144,1.0,1.0,20001,CONVERGED,False
PB-S07,F-S013,1.1803916965955417,1.1761755882882248,0.04461762792093856,0.09449422803892085,0.54285,two-sided,0.9144042797860107,1.0,1.0,20001,CONVERGED,False
