statistical_regime_id,statistic_id,statistic,observed,null_mean,null_sd,null_min,null_max,se_mean,empirical_percentile,z,convergence_status
FL-S01,F-S001,main_frequency_dispersion,58.1231732776618,43.035082707028536,8.784655398199469,15.738343771746695,88.43702157272095,0.06211844700512618,0.94685,1.717550647886059,CONVERGED
FL-S01,F-S002,max_abs_standardized_main_freq,2.878743052226977,2.5014048373673163,0.4413119168823475,1.3028303536758452,5.345017979381907,0.003120624507047315,0.83795,0.8550374472671627,CONVERGED
FL-S01,F-S003,max_main_occurrence,76.0,75.4064,3.48594880054197,66.0,97.0,0.024649996614942077,0.66815,0.1702836254817358,CONVERGED
FL-S01,F-S004,min_main_occurrence,38.0,42.9949,2.93096809774518,27.0,51.0,0.02072559231985543,0.0759,-1.7041809509433496,CONVERGED
FL-S01,F-S005,max_pair_cooccurrence,15.0,15.59165,1.2322744327056372,12.0,24.0,0.008713713922060775,0.52295,-0.48012843916670916,CONVERGED
FL-S01,F-S006,adjacent_overlap_aggregate,350.0,351.10465,16.70611260519634,276.0,426.0,0.11813300846613306,0.489,-0.06612250414596137,CONVERGED
FL-S01,F-S007,max_drought,68.0,63.9741,9.536997912865452,40.0,132.0,0.0674384449456898,0.7363,0.4221349356246627,CONVERGED
FL-S01,F-S008,max_streak,4.0,4.49475,0.672065798489999,3.0,9.0,0.004752341645184574,0.5732,-0.7361630380709846,CONVERGED
FL-S01,F-S012,draw_sum_dispersion,1148.7251508984025,1075.1795258938166,66.19716900153718,835.0660109537828,1333.6508590945225,0.46809637351901023,0.86635,1.111008614324248,CONVERGED
FL-S01,F-S013,odd_even_dispersion,1.4642779151125513,1.3419058712799503,0.08100657699206137,1.0414042504869803,1.7441409491531348,0.0005728173197299707,0.93265,1.5106433128830201,CONVERGED
FL-S02,F-S001,main_frequency_dispersion,30.929418742585998,47.04443653618031,9.212265545554763,16.241251482799523,88.43253262158954,0.06514218294846078,0.0281,-1.7493001817962535,CONVERGED
FL-S02,F-S002,max_abs_standardized_main_freq,1.7646298307906711,2.5338000097410833,0.4320749493076059,1.3639772215221837,4.826670775607508,0.003055307650008477,0.02035,-1.780177675616225,CONVERGED
FL-S02,F-S003,max_main_occurrence,281.0,289.6069,6.979045234844091,270.0,327.0,0.04935053589647901,0.1025,-1.233248920214553,CONVERGED
FL-S02,F-S004,min_main_occurrence,230.0,220.59815,6.429981848924614,186.0,238.0,0.0454679743963791,0.9647,1.462189197559308,CONVERGED
FL-S02,F-S005,max_pair_cooccurrence,43.0,42.39555,2.083864246418178,37.0,57.0,0.014735513789594585,0.7417,0.2900620810779544,CONVERGED
FL-S02,F-S006,adjacent_overlap_aggregate,1525.0,1526.60025,34.99874354798327,1391.0,1670.0,0.2474846761521236,0.48955,-0.045723069966955174,CONVERGED
FL-S02,F-S007,max_drought,87.0,83.29895,10.603781349004702,59.0,163.0,0.07498193155272788,0.7132,0.34903115013281416,CONVERGED
FL-S02,F-S008,max_streak,4.0,5.0945,0.6462737423104856,4.0,10.0,0.004569959707326349,0.13295,-1.6935548024697182,CONVERGED
FL-S02,F-S012,draw_sum_dispersion,1267.819954482608,1268.6773859364284,36.05006479099617,1138.9160159374223,1416.9628781435747,0.2549188258095872,0.4916,-0.02378446360059339,CONVERGED
FL-S02,F-S013,odd_even_dispersion,1.3698010950147845,1.3550447218078037,0.0375239308263848,1.2174136491993277,1.4959313089655326,0.00026534089304636345,0.6522,0.39325232943359395,CONVERGED
MM-S01,F-S001,main_frequency_dispersion,38.382352941176464,45.02447058823528,9.033009212276147,17.352941176470587,87.35294117647058,0.06387461757061076,0.2416,-0.7353161599826522,CONVERGED
MM-S01,F-S002,max_abs_standardized_main_freq,2.686811167232638,2.526302783088012,0.47277787740584787,1.3148224860925681,5.8309518948453,0.0033431280103315844,0.73945,0.3395006234753247,CONVERGED
MM-S01,F-S003,max_main_occurrence,23.0,22.08705,1.8483972239483588,17.0,34.0,0.013070468879609356,0.8003,0.4939143968469328,CONVERGED
MM-S01,F-S004,min_main_occurrence,7.0,6.31755,1.2598063333306433,1.0,10.0,0.008908398725550663,0.8357,0.5417102469994389,CONVERGED
MM-S01,F-S005,max_pair_cooccurrence,6.0,5.8579,0.7375009084740167,4.0,11.0,0.005215049312994734,0.84145,0.19267772875564737,CONVERGED
MM-S01,F-S006,adjacent_overlap_aggregate,76.0,65.55105,7.384307272689836,39.0,100.0,0.052216242891231494,0.92865,1.4150210187818772,CONVERGED
MM-S01,F-S007,max_drought,40.0,48.70935,6.704645596711283,32.0,61.0,0.04741018893841026,0.1097,-1.2990022924212505,CONVERGED
MM-S01,F-S008,max_streak,4.0,3.4875,0.6226907338318116,2.0,8.0,0.0044031984860832,0.94605,0.8230409931528323,CONVERGED
MM-S01,F-S009,special_frequency_dispersion,33.85294117647059,24.09205882352941,6.979109489686427,6.64705882352941,64.0,0.049350990258185595,0.91185,1.398585645828539,CONVERGED
MM-S01,F-S010,max_abs_standardized_special_freq,3.3081616985161726,2.287005696888642,0.5550115735826251,1.0677135640713575,5.496099329809938,0.003924622589964131,0.96865,1.8398823560307433,CONVERGED
MM-S01,F-S011,special_consecutive_repeats,8.0,5.2503,2.238448103039246,0.0,16.0,0.015828614050229967,0.91795,1.2283956890787877,CONVERGED
MM-S01,F-S012,draw_sum_dispersion,909.6343681917213,957.18762333878,109.47522658929765,566.7712418300654,1428.4426470588235,0.7741261043267906,0.34065,-0.43437457613545205,CONVERGED
MM-S01,F-S013,odd_even_dispersion,1.1807734204793026,1.1473791557734205,0.12814121395202702,0.680119825708061,1.7136710239651416,0.0009061178665793786,0.6076,0.26060518451451564,CONVERGED
MM-S02,F-S001,main_frequency_dispersion,43.97435897435897,45.01355677655678,9.077426513546122,18.260073260073263,89.61538461538461,0.064188703172149,0.48205,-0.11448154393175543,CONVERGED
MM-S02,F-S002,max_abs_standardized_main_freq,2.6831753948316908,2.5199071981938457,0.4511588522543251,1.3516748229603253,5.790010062531543,0.003190254595575599,0.69945,0.3618862753596339,CONVERGED
MM-S02,F-S003,max_main_occurrence,38.0,39.1235,2.5144279170419663,33.0,56.0,0.017780134818378292,0.44565,-0.44682131962713506,CONVERGED
MM-S02,F-S004,min_main_occurrence,14.0,16.6923,1.9180773472412422,7.0,22.0,0.01356319407483634,0.1254,-1.4036451678407633,CONVERGED
MM-S02,F-S005,max_pair_cooccurrence,9.0,8.4973,0.883341785494154,6.0,14.0,0.006246325826381174,0.8833,0.5690888943046923,CONVERGED
MM-S02,F-S006,adjacent_overlap_aggregate,122.0,134.0836,10.482481149041003,93.0,178.0,0.07412418816933908,0.13535,-1.1527423544286999,CONVERGED
MM-S02,F-S007,max_drought,65.0,63.254,9.587949937291079,41.0,122.0,0.06779873917302351,0.64835,0.18210357911957417,CONVERGED
MM-S02,F-S008,max_streak,4.0,3.8112,0.6557854527206287,3.0,8.0,0.004637219338155087,0.8896,0.2878990365167963,CONVERGED
MM-S02,F-S009,special_frequency_dispersion,21.197802197802197,35.06996043956044,8.382041678294126,9.065934065934066,86.86813186813187,0.05927146691429611,0.0304,-1.6549855958937967,CONVERGED
MM-S02,F-S010,max_abs_standardized_special_freq,1.687985060235806,2.4293818583925764,0.5239235383384849,0.9514097612238178,6.046055579390069,0.0037047914887689236,0.0908,-1.4150858739959593,CONVERGED
MM-S02,F-S011,special_consecutive_repeats,7.0,7.45305,2.7015543114103777,0.0,20.0,0.019103351323173347,0.5306,-0.16769975642780255,CONVERGED
MM-S02,F-S012,draw_sum_dispersion,1087.6482708468004,956.8777509090174,77.17974332493608,656.737906701142,1287.0289269553975,0.5457568428446192,0.9521,1.6943632396809514,CONVERGED
MM-S02,F-S013,odd_even_dispersion,1.3594322344322347,1.1485250552143935,0.08964286801625347,0.8096584787761258,1.5888817065287653,0.0006338866459572784,0.98805,2.3527491242203546,CONVERGED
MM-S03,F-S001,main_frequency_dispersion,48.1125,47.1776253125,9.310866132693423,19.918750000000003,93.69375,0.0658394118173476,0.56515,0.10040684445213485,CONVERGED
MM-S03,F-S002,max_abs_standardized_main_freq,2.8376271177824735,2.538069097125329,0.4500785454198049,1.3535807515858922,6.229733097660373,0.0031826154817108506,0.8079,0.6655683184759136,CONVERGED
MM-S03,F-S003,max_main_occurrence,38.0,35.99145,2.3677155440424,30.0,54.0,0.016742695743757585,0.8599,0.8483071393664134,CONVERGED
MM-S03,F-S004,min_main_occurrence,15.0,14.47055,1.8239607170934358,4.0,19.0,0.012897672362586151,0.69505,0.29027489190869377,CONVERGED
MM-S03,F-S005,max_pair_cooccurrence,7.0,7.90465,0.8452563974913174,6.0,13.0,0.005977014732310395,0.33725,-1.070266965958448,CONVERGED
MM-S03,F-S006,adjacent_overlap_aggregate,116.0,121.1013,10.03815412862345,85.0,160.0,0.07098224312771449,0.32535,-0.5081910413642499,CONVERGED
MM-S03,F-S007,max_drought,69.0,66.95415,10.24409819249601,42.0,129.0,0.07243852397628484,0.65515,0.19971011225747762,CONVERGED
MM-S03,F-S008,max_streak,4.0,3.73405,0.6546912230204405,2.0,7.0,0.004629481772301734,0.9065,0.4062220336069738,CONVERGED
MM-S03,F-S009,special_frequency_dispersion,55.18749999999999,50.992765625,10.073489961655214,20.656250000000004,104.34374999999999,0.0712321114460569,0.6805,0.416413218355036,CONVERGED
MM-S03,F-S010,max_abs_standardized_special_freq,2.7655531659553194,2.5993854290839256,0.5669645689447671,1.3302660798266095,6.861372411737248,0.0040091451438150115,0.79115,0.2930831060231238,CONVERGED
MM-S03,F-S011,special_consecutive_repeats,4.0,4.8347,2.1903597672528594,0.0,16.0,0.015488569665708787,0.47045,-0.38107894989638036,CONVERGED
MM-S03,F-S012,draw_sum_dispersion,1111.0479013480392,1037.5289719316793,85.73599402424891,701.5670955882352,1401.4768995098038,0.6062601843572271,0.80615,0.8575036687107913,CONVERGED
MM-S03,F-S013,odd_even_dispersion,1.1481464460784314,1.1516529733455885,0.09253853715371586,0.8147058823529412,1.5731464460784315,0.0006543626306950184,0.4936,-0.03789261614685306,CONVERGED
MM-S04,F-S001,main_frequency_dispersion,44.813525179856114,51.14957145323741,9.777741361178446,21.672230215827337,101.18417266187049,0.06914080075340051,0.2703,-0.6480071459588752,CONVERGED
MM-S04,F-S002,max_abs_standardized_main_freq,2.52030378346611,2.5580185499419335,0.4348673624332304,1.3373525260051087,5.18075641068764,0.0030750534862305874,0.52995,-0.08672705687728918,CONVERGED
MM-S04,F-S003,max_main_occurrence,81.0,80.08485,3.6332286574753314,71.0,101.0,0.02569144850726249,0.6926,0.25188340351689265,CONVERGED
MM-S04,F-S004,min_main_occurrence,48.0,45.31375,3.0296387470290913,29.0,53.0,0.02142331661530819,0.86705,0.886656867137766,CONVERGED
MM-S04,F-S005,max_pair_cooccurrence,11.0,13.12595,1.0921934798834865,11.0,21.0,0.007723167241528052,0.02495,-1.9464957804241723,CONVERGED
MM-S04,F-S006,adjacent_overlap_aggregate,295.0,310.1298,16.267625885789236,249.0,379.0,0.11503236162146291,0.18375,-0.9300558118450949,CONVERGED
MM-S04,F-S007,max_drought,90.0,91.6572,13.374108873491348,58.0,205.0,0.09457159508716063,0.53605,-0.1239110594713879,CONVERGED
MM-S04,F-S008,max_streak,5.0,4.10085,0.5840199290263989,3.0,7.0,0.004129747766611272,0.9815,1.5395878724531613,CONVERGED
MM-S04,F-S009,special_frequency_dispersion,30.608633093525178,44.949037122302165,9.452292128013802,17.23884892086331,96.26618705035969,0.06683946962237622,0.0497,-1.517135085814399,CONVERGED
MM-S04,F-S010,max_abs_standardized_special_freq,2.3692744102393855,2.501760955596111,0.478877904599564,1.2722833945199568,5.6941750145848715,0.0033862627946556626,0.52355,-0.2766603847958081,CONVERGED
MM-S04,F-S011,special_consecutive_repeats,16.0,15.1052,3.855701357729875,2.0,31.0,0.027264607386514792,0.65015,0.23207191558187285,CONVERGED
MM-S04,F-S012,draw_sum_dispersion,1223.9808720170838,1210.7493288849957,61.06202101284211,970.4649306491406,1460.3917525345719,0.43178448605844866,0.5913,0.21669022598032422,CONVERGED
MM-S04,F-S013,odd_even_dispersion,1.0432815707088507,1.1594323726494309,0.05673492260074652,0.9599776086911448,1.3980262475898244,0.00040118651479906166,0.01785,-2.0472540829561616,CONVERGED
MM-S05,F-S001,main_frequency_dispersion,74.05882352941177,70.01787205882351,11.446867347390384,34.79411764705882,124.3529411764706,0.08094359886209314,0.6583,0.3530181094925937,CONVERGED
MM-S05,F-S002,max_abs_standardized_main_freq,2.2466127631532373,2.669943455541791,0.44194875088774654,1.5943703480442328,5.072996561958923,0.0031251277160660265,0.1917,-0.9578728111307144,CONVERGED
MM-S05,F-S003,max_main_occurrence,33.0,34.47915,2.2684499724481473,29.0,46.0,0.01604076460713326,0.366,-0.6520531719743746,CONVERGED
MM-S05,F-S004,min_main_occurrence,13.0,12.352,1.6408522175991354,4.0,17.0,0.011602867375203697,0.7482,0.3949167347612458,CONVERGED
MM-S05,F-S005,max_pair_cooccurrence,6.0,6.6466,0.7326721231219324,5.0,12.0,0.005180903790672473,0.46575,-0.8825229998444913,CONVERGED
MM-S05,F-S006,adjacent_overlap_aggregate,155.0,112.962,9.959043930016575,73.0,152.0,0.07042283556339123,1.0,4.221087917214362,CONVERGED
MM-S05,F-S007,max_drought,96.0,111.1068,17.455105091634366,73.0,241.0,0.12342931753769601,0.19465,-0.8654660009603826,CONVERGED
MM-S05,F-S008,max_streak,4.0,3.4011,0.5572421287016982,2.0,7.0,0.003940395390794151,0.9706,1.074757218007474,CONVERGED
MM-S05,F-S009,special_frequency_dispersion,12.852941176470587,13.975735294117648,5.334087407718718,1.3823529411764706,49.205882352941174,0.03771863675210295,0.4638,-0.2104941355145992,CONVERGED
MM-S05,F-S010,max_abs_standardized_special_freq,2.029198624783569,2.0407070798412708,0.5125954643615505,0.7247137945655603,6.160067253807264,0.0036246879068856114,0.57045,-0.022451340009486554,CONVERGED
MM-S05,F-S011,special_consecutive_repeats,27.0,22.57325,4.593488264652474,6.0,43.0,0.0324816790644933,0.8567,0.9637011667286604,CONVERGED
MM-S05,F-S012,draw_sum_dispersion,1852.5775724449074,2213.919655606021,159.26089600517653,1651.9731389901094,2889.2124240846783,1.1261727501017489,0.0092,-2.268868832367794,CONVERGED
MM-S05,F-S013,odd_even_dispersion,1.183368037480479,1.182553360662849,0.08275121016775684,0.8937966336977269,1.5418705535311472,0.0005851540476441968,0.5151,0.009844893095560333,CONVERGED
MM-S06,F-S001,main_frequency_dispersion,64.43317230273752,65.05080000000001,11.12609659889364,31.157809983896946,121.83091787439616,0.07867535044049043,0.50175,-0.05551162456417174,CONVERGED
MM-S06,F-S002,max_abs_standardized_main_freq,2.548695816572778,2.6333336640674996,0.42760011724021135,1.5025062674119005,5.8653392809338625,0.003023665017937529,0.47425,-0.19793691367763278,CONVERGED
MM-S06,F-S003,max_main_occurrence,58.0,60.406,3.0578528414559125,53.0,82.0,0.021622825378032035,0.2861,-0.7868266148656284,CONVERGED
MM-S06,F-S004,min_main_occurrence,28.0,29.76675,2.4476405858499732,16.0,36.0,0.017307865263659735,0.2754,-0.7218175782072483,CONVERGED
MM-S06,F-S005,max_pair_cooccurrence,9.0,9.71615,0.8996550324985684,8.0,16.0,0.006361680786091142,0.4503,-0.7960273372906858,CONVERGED
MM-S06,F-S006,adjacent_overlap_aggregate,222.0,221.36165,13.997266135838812,168.0,284.0,0.09897809251048865,0.54,0.045605334199194915,CONVERGED
MM-S06,F-S007,max_drought,95.0,113.59595,16.689193916948177,77.0,231.0,0.11801337228330053,0.10475,-1.1142509394126867,CONVERGED
MM-S06,F-S008,max_streak,3.0,3.72785,0.6042221259603128,3.0,7.0,0.004272602442491178,0.34935,-1.2046066648804046,CONVERGED
MM-S06,F-S009,special_frequency_dispersion,23.887278582930758,24.084210950080518,6.934898511798063,6.173913043478262,65.43317230273753,0.04903836361974443,0.53315,-0.028397296199032578,CONVERGED
MM-S06,F-S010,max_abs_standardized_special_freq,2.080569825741326,2.259512755828717,0.4819013569616909,0.991137594152364,5.152277245635016,0.0034076423658301676,0.4581,-0.3713268856838185,CONVERGED
MM-S06,F-S011,special_consecutive_repeats,24.0,24.8722,4.8686720119556215,9.0,46.0,0.03442757065029485,0.4812,-0.17914535993761857,CONVERGED
MM-S06,F-S012,draw_sum_dispersion,1947.9705677627135,1922.3354027183004,103.39930389291614,1542.2256661991585,2343.943338008415,0.7311617687992096,0.60405,0.24792396156710783,CONVERGED
MM-S06,F-S013,odd_even_dispersion,1.1574463664225236,1.1770581107474936,0.06030585151013449,0.9310321541738091,1.4429640018700327,0.00042643742654937974,0.37885,-0.32520466644392115,CONVERGED
MM-S07,F-S001,main_frequency_dispersion,78.64516129032258,64.89494838709678,11.09249003273694,32.58064516129032,122.90322580645162,0.07843771019119196,0.88825,1.2395965975759458,CONVERGED
MM-S07,F-S002,max_abs_standardized_main_freq,2.8393722439042923,2.669719752331011,0.49422851863184936,1.4445928960214824,6.326320613611318,0.0034948107411643115,0.79445,0.3432673048550956,CONVERGED
MM-S07,F-S003,max_main_occurrence,17.0,16.3517,1.5437639424471605,13.0,27.0,0.010916332434278959,0.7994,0.4199476242282999,CONVERGED
MM-S07,F-S004,min_main_occurrence,4.0,2.83055,0.9146238010788917,0.0,6.0,0.006467528610011405,0.9855,1.2786131288301428,CONVERGED
MM-S07,F-S005,max_pair_cooccurrence,4.0,4.37885,0.584741547608856,3.0,8.0,0.00413485050811226,0.6471,-0.6478930760935417,CONVERGED
MM-S07,F-S006,adjacent_overlap_aggregate,50.0,43.90735,6.166171095380017,19.0,69.0,0.043602504031223815,0.8544,0.988076702017707,CONVERGED
MM-S07,F-S007,max_drought,90.0,82.71185,12.77092477377813,53.0,124.0,0.0903063327821589,0.75805,0.5706830264135905,CONVERGED
MM-S07,F-S008,max_streak,3.0,3.14475,0.5132226003402421,2.0,6.0,0.003629122538785384,0.8185,-0.2820413596440176,CONVERGED
MM-S07,F-S009,special_frequency_dispersion,18.06451612903226,23.062961290322583,6.791804793922694,4.516129032258064,54.838709677419345,0.04802651294061256,0.2546,-0.7359524180911282,CONVERGED
MM-S07,F-S010,max_abs_standardized_special_freq,1.7227135384282177,2.2720269653620746,0.549237956283723,0.9737076521550798,6.2167488560670465,0.0038837959298445726,0.1874,-1.0001374097497642,CONVERGED
MM-S07,F-S011,special_consecutive_repeats,8.0,5.1232,2.207084447863289,0.0,16.0,0.015606833973081572,0.9309,1.303439024630468,CONVERGED
MM-S07,F-S012,draw_sum_dispersion,1538.6343430369786,1922.321146626672,229.07191473071822,1062.0536978756886,2941.257474429583,1.6198235389494557,0.04175,-1.674962223285776,CONVERGED
MM-S07,F-S013,odd_even_dispersion,1.4200760555992658,1.1767309041437188,0.13669168857810018,0.6909913453973251,1.7798977183320224,0.0009665803640653091,0.9561,1.7802483383363077,CONVERGED
PB-S01,F-S001,main_frequency_dispersion,42.389610389610404,39.95226623376624,8.470848224393276,15.740259740259742,85.36363636363637,0.05989943972341724,0.6338,0.2877331869582329,CONVERGED
PB-S01,F-S002,max_abs_standardized_main_freq,3.1581681358068905,2.4724262061312587,0.44319966628645907,1.2830058051715503,5.132023220686199,0.0031339732448182125,0.9268,1.5472528114053388,CONVERGED
PB-S01,F-S003,max_main_occurrence,68.0,66.9329,3.316096740144955,58.0,86.0,0.02344893115087777,0.72015,0.32179398962689815,CONVERGED
PB-S01,F-S004,min_main_occurrence,30.0,36.86025,2.76052892350361,23.0,44.0,0.01952037523019105,0.02295,-2.4851215799952944,CONVERGED
PB-S01,F-S005,max_pair_cooccurrence,12.0,12.99205,1.1400380684433307,10.0,21.0,0.008061488029790948,0.36185,-0.8701902396598029,CONVERGED
PB-S01,F-S006,adjacent_overlap_aggregate,275.0,256.17025,14.462536601077282,196.0,315.0,0.1022681337731078,0.90785,1.3019673186927252,CONVERGED
PB-S01,F-S007,max_drought,77.0,68.9879,10.5143974430302,44.0,144.0,0.07434987609070869,0.81785,0.7620122830063911,CONVERGED
PB-S01,F-S008,max_streak,5.0,4.2498,0.6222539353029438,3.0,8.0,0.004400109776846757,0.9658,1.2056171241966773,CONVERGED
PB-S01,F-S009,special_frequency_dispersion,48.194805194805184,43.99104545454545,9.407677177631086,16.44155844155844,95.33766233766231,0.06652398639561777,0.69425,0.4468435364953996,CONVERGED
PB-S01,F-S010,max_abs_standardized_special_freq,3.387659910531381,2.501856280434908,0.49296083538585606,1.1783164906196106,5.597003330443152,0.003485846642862668,0.96545,1.796904675810862,CONVERGED
PB-S01,F-S011,special_consecutive_repeats,9.0,10.2542,3.1711957303200315,1.0,25.0,0.022424300668315682,0.4242,-0.3954975052496773,CONVERGED
PB-S01,F-S012,draw_sum_dispersion,806.9960513095003,766.7281208341551,47.37231425885176,587.1204186269263,995.3456207566837,0.3349812211645559,0.80305,0.8500308905178926,CONVERGED
PB-S01,F-S013,odd_even_dispersion,1.1567972880337303,1.1354760012583225,0.06862572195698985,0.8789334309941683,1.4061329126405053,0.00048526926547938807,0.6267,0.3106894349143691,CONVERGED
PB-S02,F-S001,main_frequency_dispersion,27.34501216545012,43.95767888077858,8.978709808936479,17.71192214111922,89.1493917274939,0.06349065320822307,0.01835,-1.8502287153543964,CONVERGED
PB-S02,F-S002,max_abs_standardized_main_freq,1.619558761431553,2.5028697680572614,0.44115893827114383,1.3136051555759003,4.898583276362787,0.0031195427578696614,0.0045,-2.0022511843176356,CONVERGED
PB-S02,F-S003,max_main_occurrence,51.0,56.3634,3.0204867885822644,48.0,72.0,0.021358600878605662,0.02445,-1.7756740470688948,CONVERGED
PB-S02,F-S004,min_main_occurrence,32.0,28.68235,2.442160616646661,15.0,36.0,0.017269115061049004,0.96565,1.3584896822042265,CONVERGED
PB-S02,F-S005,max_pair_cooccurrence,11.0,11.0068,1.020075369764411,9.0,17.0,0.007213202445133209,0.73495,-0.006666174090224938,CONVERGED
PB-S02,F-S006,adjacent_overlap_aggregate,212.0,209.21685,13.04853731563427,159.0,268.0,0.09226939896831614,0.60575,0.2132921056726672,CONVERGED
PB-S02,F-S007,max_drought,68.0,74.29265,11.45263751183543,47.0,157.0,0.08098440110623852,0.3423,-0.5494498532322375,CONVERGED
PB-S02,F-S008,max_streak,4.0,4.0616,0.6291307018418351,3.0,8.0,0.004448737075067277,0.8178,-0.09791288172658073,CONVERGED
PB-S02,F-S009,special_frequency_dispersion,34.44525547445255,41.01597664233576,9.115382585967458,15.029197080291969,83.2919708029197,0.06445709984411302,0.2465,-0.7208387696198739,CONVERGED
PB-S02,F-S010,max_abs_standardized_special_freq,2.8425854377314534,2.482268089615885,0.5028136256807263,1.3635165920825667,6.540257551853669,0.003555518132982811,0.79735,0.7166021955506051,CONVERGED
PB-S02,F-S011,special_consecutive_repeats,11.0,9.7463,3.101441005403778,0.0,24.0,0.021931047946762646,0.7251,0.4042314517076492,CONVERGED
PB-S02,F-S012,draw_sum_dispersion,829.8708207228057,916.2556550626075,60.4876669261267,699.7591240875911,1168.4446264316657,0.4277230878270369,0.07415,-1.4281396312624064,CONVERGED
PB-S02,F-S013,odd_even_dispersion,1.1572725654263842,1.1449077550293751,0.07288848701312972,0.8895970565545072,1.4499554922556526,0.0005154123198431828,0.5728,0.1696401023495215,CONVERGED
PB-S03,F-S001,main_frequency_dispersion,51.56182572614108,47.928211701244805,9.429308606531812,21.829045643153524,89.38755186721993,0.06667694752031826,0.66925,0.3853531766241292,CONVERGED
PB-S03,F-S002,max_abs_standardized_main_freq,3.143457936863459,2.5433711930142535,0.45076746445826565,1.2640359957757832,5.34720490318308,0.00318748699673809,0.92845,1.3312556720800433,CONVERGED
PB-S03,F-S003,max_main_occurrence,37.0,33.72095,2.2842025079882915,28.0,47.0,0.016152154638932048,0.93895,1.435533841037533,CONVERGED
PB-S03,F-S004,min_main_occurrence,14.0,13.00465,1.7306150286820001,4.0,18.0,0.012237602167922482,0.8089,0.575142353154091,CONVERGED
PB-S03,F-S005,max_pair_cooccurrence,7.0,7.51215,0.8124976169195822,6.0,14.0,0.005745369382247492,0.5538,-0.6303403103404925,CONVERGED
PB-S03,F-S006,adjacent_overlap_aggregate,115.0,113.06445,9.645226601666753,79.0,159.0,0.06820375647642052,0.6002,0.20067439365971262,CONVERGED
PB-S03,F-S007,max_drought,78.0,74.0429,12.068448930579274,48.0,163.0,0.08533895427268731,0.7042,0.3278880345570688,CONVERGED
PB-S03,F-S008,max_streak,3.0,3.68615,0.6476481896060545,2.0,8.0,0.0045796787603365145,0.4052,-1.0594486497636395,CONVERGED
PB-S03,F-S009,special_frequency_dispersion,38.36099585062241,40.95846058091287,8.999277445823559,13.265560165975106,88.55186721991701,0.06363609199939668,0.4216,-0.28863036459620534,CONVERGED
PB-S03,F-S010,max_abs_standardized_special_freq,2.645789562429917,2.503069838611359,0.5368262676429069,1.1569041812906482,5.603440251990357,0.003796029843626019,0.78705,0.26585830914200753,CONVERGED
PB-S03,F-S011,special_consecutive_repeats,3.0,5.71765,2.364091469782842,0.0,18.0,0.01671706902823712,0.1754,-1.1495536592962854,CONVERGED
PB-S03,F-S012,draw_sum_dispersion,1034.0490663900416,1080.9002648582295,92.27281575966164,764.1410442600278,1451.6275933609961,0.652483649723486,0.3124,-0.5077464915584552,CONVERGED
PB-S03,F-S013,odd_even_dispersion,1.1927040110650065,1.1552457952973723,0.09648542899502022,0.8091632088520058,1.5427040110650065,0.0006822720682956419,0.6644,0.38822665927688915,CONVERGED
PB-S04,F-S001,main_frequency_dispersion,46.10714285714285,50.129214285714276,9.640367111574038,21.985714285714288,97.41428571428573,0.06816939383336702,0.3586,-0.41721143832195023,CONVERGED
PB-S04,F-S002,max_abs_standardized_main_freq,2.1732957198030567,2.556017820616287,0.4517590112697175,1.341773879182757,5.518281305934717,0.003194498466769447,0.1789,-0.8471819958555971,CONVERGED
PB-S04,F-S003,max_main_occurrence,34.0,37.16585,2.41965778107153,31.0,52.0,0.017109992006611906,0.11515,-1.3083875020532956,CONVERGED
PB-S04,F-S004,min_main_occurrence,15.0,15.0429,1.819549282102576,6.0,20.0,0.012866478026750002,0.5625,-0.02357726741560223,CONVERGED
PB-S04,F-S005,max_pair_cooccurrence,7.0,7.87555,0.8332239779915123,6.0,13.0,0.005891930550955338,0.34755,-1.0507978924352541,CONVERGED
PB-S04,F-S006,adjacent_overlap_aggregate,124.0,126.8734,10.41837667009597,86.0,170.0,0.07367088971907153,0.41615,-0.2758011243966221,CONVERGED
PB-S04,F-S007,max_drought,71.0,78.776,12.572144765313515,51.0,201.0,0.08890071072167163,0.3103,-0.6185102180380504,CONVERGED
PB-S04,F-S008,max_streak,3.0,3.705,0.6309318505195312,3.0,8.0,0.00446147343791957,0.3827,-1.1173948492527024,CONVERGED
PB-S04,F-S009,special_frequency_dispersion,36.5,41.048435,9.143063849212417,12.499999999999998,89.59999999999998,0.06465284082722196,0.3358,-0.4974738309841071,CONVERGED
PB-S04,F-S010,max_abs_standardized_special_freq,2.482622531547303,2.499602363019649,0.5348125748346044,1.3066434376564755,6.4025528445167295,0.003781790529238937,0.67075,-0.03174912534096058,CONVERGED
PB-S04,F-S011,special_consecutive_repeats,5.0,6.63825,2.5370035351768823,0.0,18.0,0.017939772536097895,0.3485,-0.6457421037396307,CONVERGED
PB-S04,F-S012,draw_sum_dispersion,1144.7903225806451,1166.4884832526882,92.16276986982996,809.1203149001537,1564.906797235023,0.6517054883197908,0.4173,-0.23543303551628697,CONVERGED
PB-S04,F-S013,odd_even_dispersion,1.173783922171019,1.157359161546339,0.08846987617887689,0.8153609831029186,1.5337301587301588,0.0006255921337670271,0.58015,0.18565370874342293,CONVERGED
PB-S05,F-S001,main_frequency_dispersion,85.76190476190476,53.98779658730158,9.948244054756076,24.60793650793651,104.21111111111111,0.07034646700382668,0.9975,3.1939413628893183,CONVERGED
PB-S05,F-S002,max_abs_standardized_main_freq,4.443255462654381,2.57758482385739,0.4478444382484165,1.437636581963238,5.348008084903245,0.0031668175634500945,0.9993,4.16588993734944,CONVERGED
PB-S05,F-S003,max_main_occurrence,41.0,32.24755,2.211236983568247,27.0,45.0,0.01563619756874159,0.9993,3.9581691447093466,CONVERGED
PB-S05,F-S004,min_main_occurrence,11.0,11.75835,1.6436104397027902,3.0,16.0,0.0116223714383465,0.39895,-0.46139278607717443,CONVERGED
PB-S05,F-S005,max_pair_cooccurrence,7.0,6.9793,0.7830526866054416,5.0,11.0,0.005537157077907874,0.7925,0.026435002847298668,CONVERGED
PB-S05,F-S006,adjacent_overlap_aggregate,128.0,106.2527,9.430543076090581,74.0,145.0,0.06668567675651364,0.9902,2.306049590626048,CONVERGED
PB-S05,F-S007,max_drought,77.0,83.07785,13.441870754381624,54.0,179.0,0.09505075592116592,0.3845,-0.452158044892584,CONVERGED
PB-S05,F-S008,max_streak,4.0,3.55775,0.6125070917956787,2.0,7.0,0.004331187462375845,0.94405,0.7220324563156676,CONVERGED
PB-S05,F-S009,special_frequency_dispersion,51.33333333333333,38.01122738095237,8.771824473078935,12.952380952380953,87.54761904761907,0.06202771639521631,0.927,1.5187383187234322,CONVERGED
PB-S05,F-S010,max_abs_standardized_special_freq,3.004382763476332,2.458766926600497,0.5405028669228181,1.0116799101501934,5.794166758132927,0.003822027976412772,0.90705,1.0094596537149303,CONVERGED
PB-S05,F-S011,special_consecutive_repeats,10.0,6.48205,2.5186261726385677,0.0,17.0,0.017809821710574988,0.93465,1.3967733831315343,CONVERGED
PB-S05,F-S012,draw_sum_dispersion,1345.3402896351101,1350.1279557753114,113.44227933815054,940.8868652374628,1844.8662492885599,0.802178104635951,0.49275,-0.04220354323038706,CONVERGED
PB-S05,F-S013,odd_even_dispersion,1.0546385885031304,1.164039386896857,0.09411404608737879,0.8157212420160629,1.5330898627711376,0.0006655034397268563,0.1192,-1.162427957800848,CONVERGED
PB-S06,F-S001,main_frequency_dispersion,39.44180064308683,53.94095768488746,9.949560721208362,23.581993569131832,105.08167202572349,0.07035577747436109,0.06125,-1.457266049032135,CONVERGED
PB-S06,F-S002,max_abs_standardized_main_freq,1.9049211386511968,2.580237078156415,0.44599115899011305,1.4977097358235858,5.628489813659605,0.0031537125725114384,0.03775,-1.5141913149901451,CONVERGED
PB-S06,F-S003,max_main_occurrence,35.0,38.42165,2.449828826163167,32.0,54.0,0.01732333884614738,0.0914,-1.3966894190558055,CONVERGED
PB-S06,F-S004,min_main_occurrence,17.0,15.60615,1.857641563246258,6.0,21.0,0.013135837863905726,0.85665,0.7503331253873463,CONVERGED
PB-S06,F-S005,max_pair_cooccurrence,7.0,7.8095,0.8328924000133512,6.0,12.0,0.005889585881969382,0.38905,-0.9719142592572866,CONVERGED
PB-S06,F-S006,adjacent_overlap_aggregate,138.0,131.41495,10.498893584444982,90.0,172.0,0.07424024451448337,0.75155,0.6272137103814744,CONVERGED
PB-S06,F-S007,max_drought,93.0,86.15085,13.751101565965545,57.0,178.0,0.09723740262624499,0.75305,0.49808009686670335,CONVERGED
PB-S06,F-S008,max_streak,3.0,3.65745,0.626266315156739,2.0,8.0,0.004428482296201757,0.4193,-1.049793009920159,CONVERGED
PB-S06,F-S009,special_frequency_dispersion,33.71061093247588,34.0476463022508,8.280374550163645,12.10289389067524,82.32797427652731,0.05855255378399494,0.52305,-0.04070291358598698,CONVERGED
PB-S06,F-S010,max_abs_standardized_special_freq,3.442576572776383,2.4125615521187207,0.517965350132575,1.322571790671153,6.1655184947464035,0.003662659682620757,0.97195,1.9885790051284828,CONVERGED
PB-S06,F-S011,special_consecutive_repeats,15.0,8.86765,2.951852550094601,0.0,24.0,0.02087327139065478,0.98195,2.077458103320056,CONVERGED
PB-S06,F-S012,draw_sum_dispersion,1467.4127580126544,1350.1584787667255,101.05660413890361,994.0663416658022,1819.299242817135,0.714595965825495,0.87305,1.1602831922272139,CONVERGED
PB-S06,F-S013,odd_even_dispersion,1.1327870552847215,1.1634075396743075,0.08524519094799972,0.8649102790166995,1.5345503578466964,0.0006027895957569973,0.3643,-0.3592048307835317,CONVERGED
PB-S07,F-S001,main_frequency_dispersion,76.29496021220159,64.0783119363395,10.981283966993828,31.441909814323605,117.68275862068964,0.07765134489985362,0.86655,1.1124972555651378,CONVERGED
PB-S07,F-S002,max_abs_standardized_main_freq,2.6429614749538413,2.629605044737773,0.42503371121878536,1.4960159292191555,5.6250198938640255,0.0030055173332294567,0.6101,0.031424402026297794,CONVERGED
PB-S07,F-S003,max_main_occurrence,105.0,103.5155,4.09784818532849,93.0,131.0,0.028976886832413944,0.72055,0.3622632984098695,CONVERGED
PB-S07,F-S004,min_main_occurrence,60.0,61.871,3.4629841177805014,45.0,72.0,0.024487607726084784,0.31245,-0.5402854695155705,CONVERGED
PB-S07,F-S005,max_pair_cooccurrence,14.0,14.06645,1.0984235965691924,11.0,21.0,0.007767221920469254,0.7049,-0.06049578706024623,CONVERGED
PB-S07,F-S006,adjacent_overlap_aggregate,402.0,409.27455,18.757904261870515,337.0,485.0,0.13264172912884659,0.3601,-0.3878125135112811,CONVERGED
PB-S07,F-S007,max_drought,112.0,120.7637,16.770875418713242,82.0,265.0,0.11859096216118375,0.3521,-0.5225547135256462,CONVERGED
PB-S07,F-S008,max_streak,4.0,4.0063,0.5532271775681307,3.0,7.0,0.003912004689290959,0.8651,-0.011387726878664711,CONVERGED
PB-S07,F-S009,special_frequency_dispersion,19.183908045977013,25.013128735632186,7.01866867331125,7.0,61.62068965517241,0.049630722921582764,0.21,-0.8305308258560491,CONVERGED
PB-S07,F-S010,max_abs_standardized_special_freq,1.9327783587126708,2.267481452647661,0.4711526095004467,1.0050447465305887,5.179846001349958,0.0033316353434397804,0.3158,-0.7103921047786813,CONVERGED
PB-S07,F-S011,special_consecutive_repeats,42.0,43.48425,6.494440078828967,21.0,69.0,0.045923774306205783,0.45005,-0.22854164207911712,CONVERGED
PB-S07,F-S012,draw_sum_dispersion,1917.6008043629654,1866.6623399694058,73.46164942116174,1539.5886591081585,2195.8775537350452,0.5194652914231453,0.75765,0.6934021328805882,CONVERGED
PB-S07,F-S013,odd_even_dispersion,1.1803916965955417,1.1761755882882248,0.04461762792093856,1.0011502077416023,1.3808971620384498,0.000315502160286143,0.54285,0.09449422803892085,CONVERGED
