statistical_regime_id,max_triple_count,ball_a,ball_b,ball_c
FL-S01,5,19,34,49
FL-S01,5,34,40,47
FL-S01,5,34,48,49
FL-S01,5,42,44,48
FL-S02,9,1,12,33
FL-S02,9,1,22,26
FL-S02,9,2,36,43
FL-S02,9,6,46,48
MM-S01,2,2,13,17
MM-S01,2,2,17,29
MM-S01,2,2,40,49
MM-S01,2,3,8,20
MM-S01,2,3,8,47
MM-S01,2,3,10,46
MM-S01,2,3,35,36
MM-S01,2,3,37,42
MM-S01,2,3,42,46
MM-S01,2,4,5,33
MM-S01,2,4,11,43
MM-S01,2,4,13,24
MM-S01,2,4,30,47
MM-S01,2,4,33,47
MM-S01,2,5,11,47
MM-S01,2,5,14,49
MM-S01,2,6,8,30
MM-S01,2,6,18,20
MM-S01,2,7,31,35
MM-S01,2,8,11,20
MM-S01,2,8,18,36
MM-S01,2,8,20,22
MM-S01,2,8,22,35
MM-S01,2,8,35,48
MM-S01,2,9,11,12
MM-S01,2,9,18,24
MM-S01,2,9,24,37
MM-S01,2,11,14,23
MM-S01,2,11,23,25
MM-S01,2,11,33,35
MM-S01,2,12,21,31
MM-S01,2,12,21,50
MM-S01,2,13,24,39
MM-S01,2,13,24,44
MM-S01,2,13,29,36
MM-S01,2,14,25,26
MM-S01,2,17,20,25
MM-S01,2,18,24,42
MM-S01,2,19,24,28
MM-S01,2,19,24,29
MM-S01,2,19,28,29
MM-S01,2,21,31,43
MM-S01,2,21,31,45
MM-S01,2,21,43,45
MM-S01,2,24,28,29
MM-S01,2,24,29,42
MM-S01,2,25,30,47
MM-S01,2,25,35,40
MM-S01,2,29,47,50
MM-S01,2,31,32,45
MM-S01,2,32,46,47
MM-S01,2,33,35,40
MM-S01,2,35,39,44
MM-S01,2,36,38,46
MM-S01,2,37,41,42
MM-S02,4,7,16,36
MM-S03,3,8,10,24
MM-S03,3,13,36,51
MM-S03,3,14,28,42
MM-S03,3,16,26,48
MM-S03,3,34,38,44
MM-S04,4,2,4,36
MM-S04,4,8,28,53
MM-S04,4,9,51,53
MM-S04,4,12,18,28
MM-S05,2,1,4,36
MM-S05,2,1,69,72
MM-S05,2,2,30,38
MM-S05,2,2,31,46
MM-S05,2,2,31,58
MM-S05,2,2,31,65
MM-S05,2,2,46,58
MM-S05,2,2,46,65
MM-S05,2,2,58,65
MM-S05,2,3,50,58
MM-S05,2,4,23,26
MM-S05,2,4,23,62
MM-S05,2,4,23,69
MM-S05,2,4,26,62
MM-S05,2,4,26,69
MM-S05,2,4,62,69
MM-S05,2,5,8,59
MM-S05,2,6,38,70
MM-S05,2,6,46,68
MM-S05,2,7,12,59
MM-S05,2,7,38,46
MM-S05,2,7,46,66
MM-S05,2,7,49,56
MM-S05,2,7,53,60
MM-S05,2,7,60,64
MM-S05,2,7,61,66
MM-S05,2,8,17,20
MM-S05,2,9,17,23
MM-S05,2,9,17,57
MM-S05,2,9,17,71
MM-S05,2,9,22,38
MM-S05,2,9,22,47
MM-S05,2,9,22,49
MM-S05,2,9,23,57
MM-S05,2,9,23,71
MM-S05,2,9,38,47
MM-S05,2,9,38,49
MM-S05,2,9,47,49
MM-S05,2,9,57,71
MM-S05,2,10,31,35
MM-S05,2,11,46,68
MM-S05,2,11,50,70
MM-S05,2,11,51,57
MM-S05,2,11,51,75
MM-S05,2,12,29,37
MM-S05,2,12,44,66
MM-S05,2,14,25,48
MM-S05,2,14,31,47
MM-S05,2,15,17,20
MM-S05,2,15,17,35
MM-S05,2,15,17,55
MM-S05,2,15,20,35
MM-S05,2,15,20,55
MM-S05,2,15,29,31
MM-S05,2,15,35,55
MM-S05,2,15,62,74
MM-S05,2,17,20,35
MM-S05,2,17,20,55
MM-S05,2,17,21,36
MM-S05,2,17,23,57
MM-S05,2,17,23,71
MM-S05,2,17,35,55
MM-S05,2,17,57,71
MM-S05,2,18,41,50
MM-S05,2,19,24,26
MM-S05,2,19,38,70
MM-S05,2,19,51,57
MM-S05,2,19,62,74
MM-S05,2,20,27,38
MM-S05,2,20,35,55
MM-S05,2,20,38,66
MM-S05,2,20,54,69
MM-S05,2,20,62,74
MM-S05,2,20,65,74
MM-S05,2,21,25,40
MM-S05,2,22,38,47
MM-S05,2,22,38,49
MM-S05,2,22,45,65
MM-S05,2,22,47,49
MM-S05,2,23,26,62
MM-S05,2,23,26,69
MM-S05,2,23,32,45
MM-S05,2,23,57,71
MM-S05,2,23,62,69
MM-S05,2,24,25,40
MM-S05,2,25,44,49
MM-S05,2,25,45,53
MM-S05,2,25,58,69
MM-S05,2,26,45,58
MM-S05,2,26,61,73
MM-S05,2,26,62,69
MM-S05,2,27,45,51
MM-S05,2,28,30,38
MM-S05,2,28,33,36
MM-S05,2,28,36,45
MM-S05,2,29,31,64
MM-S05,2,29,32,46
MM-S05,2,29,37,72
MM-S05,2,29,46,64
MM-S05,2,31,34,41
MM-S05,2,31,35,41
MM-S05,2,31,35,59
MM-S05,2,31,39,45
MM-S05,2,31,46,58
MM-S05,2,31,46,64
MM-S05,2,31,46,65
MM-S05,2,31,58,65
MM-S05,2,33,40,46
MM-S05,2,33,41,69
MM-S05,2,33,49,51
MM-S05,2,35,41,66
MM-S05,2,38,46,49
MM-S05,2,38,47,49
MM-S05,2,44,45,58
MM-S05,2,44,54,63
MM-S05,2,46,48,74
MM-S05,2,46,58,65
MM-S05,2,49,51,52
MM-S05,2,54,65,66
MM-S06,3,6,37,46
MM-S06,3,8,10,17
MM-S06,3,10,38,43
MM-S06,3,14,48,58
MM-S06,3,23,24,43
MM-S06,3,25,38,59
MM-S06,3,30,35,66
MM-S06,3,30,44,56
MM-S07,3,2,22,42
PB-S01,4,1,19,37
PB-S01,4,6,9,22
PB-S01,4,6,11,23
PB-S01,4,9,15,26
PB-S01,4,10,24,31
PB-S01,4,11,23,34
PB-S01,4,19,33,36
PB-S01,4,24,30,36
PB-S01,4,40,43,44
PB-S02,5,5,12,40
PB-S03,3,2,9,48
PB-S04,3,2,31,55
PB-S04,3,22,48,50
PB-S04,3,30,34,36
PB-S05,3,5,25,30
PB-S05,3,18,51,53
PB-S05,3,23,31,42
PB-S06,3,8,17,59
PB-S06,3,9,33,54
PB-S06,3,11,26,34
PB-S06,3,12,46,47
PB-S06,3,28,38,39
PB-S07,4,1,3,13
PB-S07,4,2,12,65
PB-S07,4,7,15,36
PB-S07,4,12,20,21
