statistical_regime_id,statistic_id,method,observed,null_mean,null_sd,z,tail,raw_p,n_replicates,bh_q,holm_p,bh_flag
FL-S01,P3-S001,monte_carlo,5.0,5.2639,0.5463119896176543,-0.4830573097703649,upper,0.9732013399330034,20000,1.0,1.0,False
FL-S01,P3-S002,monte_carlo,1.1026793985319385,1.5782998696996131,0.5570513124184668,-0.8538180604992095,upper,0.8005599720013999,20000,1.0,1.0,False
FL-S01,P3-S003,monte_carlo,40.0,34.0148,9.545091982794089,0.6270447692687379,upper,0.23083845807709613,20000,0.757553031439337,1.0,False
FL-S01,P3-S004,monte_carlo,3.8299614425164634,4.1508240748070735,0.4636579763082386,-0.6920243987721274,upper,0.8828058597070146,20000,1.0,1.0,False
FL-S01,P3-S005,monte_carlo,0.00030927880361633235,0.0003489745796093393,0.0003138458320602994,-0.1264817688749175,upper,0.39893005349732513,20000,0.821326580729787,1.0,False
FL-S01,P3-S006,monte_carlo,0.0003278954780031858,0.00034708492448046375,0.00030963702195384584,-0.06197400542154267,upper,0.37143142842857857,20000,0.821326580729787,1.0,False
FL-S01,P3-S007,monte_carlo,0.0004146157867206195,0.00033870295485602484,0.00039913276631160246,0.19019443721974355,upper,0.2702364881755912,20000,0.7636110129977373,1.0,False
FL-S01,P3-S008,monte_carlo,0.0007526035373881112,0.0003843979778592221,0.0004370230939727896,0.842531126173883,upper,0.13889305534723265,20000,0.6582363189532832,1.0,False
FL-S01,P3-S009,monte_carlo,0.000102413059541725,0.0003539182796300712,0.0003184021686044296,-0.7898979494728456,upper,0.8800559972001399,20000,1.0,1.0,False
FL-S01,P3-S010,monte_carlo,0.00023483742434159634,0.0003279944200694175,0.0003206029258161739,-0.2905681396720476,upper,0.48927553622318887,20000,0.9425830791793742,1.0,False
FL-S01,P3-S011,monte_carlo,3.3040708427047525,3.232275559626866,0.48285042473345186,0.14869052485046375,upper,0.5127743612819359,20000,0.9425830791793742,1.0,False
FL-S02,P3-S001,monte_carlo,9.0,9.6642,0.7804731641767063,-0.851022213813899,upper,0.9830008499575021,20000,1.0,1.0,False
FL-S02,P3-S002,monte_carlo,1.0270301168203155,1.574064936060752,0.5566677677997541,-0.9826953362193176,upper,0.8405579721013949,20000,1.0,1.0,False
FL-S02,P3-S003,monte_carlo,28.0,37.76575,10.510279584173771,-0.9291617717482153,upper,0.8631568421578921,20000,1.0,1.0,False
FL-S02,P3-S004,monte_carlo,4.614992527444524,4.7973240357267,0.4324396282193406,-0.4216345967943882,upper,0.8196090195490225,20000,1.0,1.0,False
FL-S02,P3-S005,monte_carlo,1.8832792094332818e-05,7.424885633304234e-05,6.569153694735907e-05,-0.843579961953339,upper,0.9244037798110094,20000,1.0,1.0,False
FL-S02,P3-S006,monte_carlo,6.634233674733272e-05,7.389622062759028e-05,6.671591561471632e-05,-0.11322461530590626,upper,0.3897305134743263,20000,0.821326580729787,1.0,False
FL-S02,P3-S007,monte_carlo,3.468578184955177e-05,7.337820521946976e-05,8.824291266191319e-05,-0.43847627194901223,upper,0.5608219589020549,20000,0.9799510024498777,1.0,False
FL-S02,P3-S008,monte_carlo,1.765968516765329e-05,8.371779594840136e-05,9.256202405235852e-05,-0.713663205370074,upper,0.8231588420578971,20000,1.0,1.0,False
FL-S02,P3-S009,monte_carlo,8.823824928981908e-05,7.452902812368588e-05,6.786682779078715e-05,0.2020017969367093,upper,0.27053647317634116,20000,0.7636110129977373,1.0,False
FL-S02,P3-S010,monte_carlo,2.9269049749565457e-05,6.961167879080512e-05,6.82815516742014e-05,-0.5908276547921829,upper,0.6915654217289136,20000,1.0,1.0,False
FL-S02,P3-S011,monte_carlo,3.329088789418535,3.2562887724739435,0.4804143755323958,0.15153588371271035,upper,0.5085745712714365,20000,0.9425830791793742,1.0,False
FL-S02,P3-S012:machine_id,permutation_year_blocked,150.23128637632297,137.12569843110322,13.139366658056867,0.9974291977904124,upper,0.15908409159084091,10000,0.6628503816285038,1.0,False
FL-S02,P3-S012:ball_set_id,permutation_year_blocked,288.9649123114996,280.4086479918596,20.43214624766484,0.41876483341136334,upper,0.32886711328867113,10000,0.7993297892432979,1.0,False
MM-S01,P3-S001,monte_carlo,2.0,2.6466,0.5134281254469801,-1.2593778329480547,upper,1.0,20000,1.0,1.0,False
MM-S01,P3-S002,monte_carlo,2.2775483741680254,1.5679727775442902,0.5653018303375046,1.255215459323905,upper,0.11309434528273586,20000,0.6143253443388437,1.0,False
MM-S01,P3-S003,monte_carlo,27.0,26.9129,0.5559798467570565,0.15666035470177597,upper,0.9650017499125044,20000,1.0,1.0,False
MM-S01,P3-S004,monte_carlo,2.8284271247461903,2.8855142122139843,0.563192248605118,-0.10136341117830369,upper,0.6603669816509175,20000,0.9962432912837117,1.0,False
MM-S01,P3-S005,monte_carlo,0.0005016038567796505,0.0012258458328988934,0.001089375071696587,-0.664823342240898,upper,0.7632618369081546,20000,1.0,1.0,False
MM-S01,P3-S006,monte_carlo,0.0020415703192659465,0.001200184291156914,0.0010731598426383072,0.7840267541511141,upper,0.1511424428778561,20000,0.6612481875906205,1.0,False
MM-S01,P3-S007,monte_carlo,0.0005206283568275151,0.001187417250525865,0.0015504905761641815,-0.4300502717971655,upper,0.535973201339933,20000,0.9669619611802914,1.0,False
MM-S01,P3-S008,monte_carlo,0.0037361935963472013,0.001381396369675753,0.001391040187247159,1.692831916906402,upper,0.06434678266086696,20000,0.5540063905895615,1.0,False
MM-S01,P3-S009,monte_carlo,0.0005052338020355011,0.0012274014338856684,0.0010869959275758717,-0.664370135645941,upper,0.7638618069096546,20000,1.0,1.0,False
MM-S01,P3-S010,monte_carlo,0.0012652375927956208,0.0011423082768834978,0.0011249769672227045,0.10927274023716742,upper,0.3128343582820859,20000,0.7808060301210291,1.0,False
MM-S02,P3-S001,monte_carlo,4.0,3.23885,0.44463544336905936,1.7118518358155836,upper,0.231988400579971,20000,0.757553031439337,1.0,False
MM-S02,P3-S002,monte_carlo,1.3908351382619566,1.5761911455640705,0.5562964296621645,-0.3331964711955449,upper,0.6027198640067997,20000,0.9799510024498777,1.0,False
MM-S02,P3-S003,monte_carlo,24.0,23.98445,0.19418598687855929,0.08007786890269161,upper,0.9911504424778761,20000,1.0,1.0,False
MM-S02,P3-S004,monte_carlo,3.771236166328254,3.645172401935846,0.5302791132441795,0.23773096326794002,upper,0.5170741462926853,20000,0.9425830791793742,1.0,False
MM-S02,P3-S005,monte_carlo,0.00031164892294004046,0.0006181380953410147,0.000557323650473177,-0.5499303181208258,upper,0.6670666466676666,20000,0.9977492578362535,1.0,False
MM-S02,P3-S006,monte_carlo,0.00029697626939349705,0.0006007649329741138,0.000533609765091112,-0.5693086660974915,upper,0.6848157592120394,20000,1.0,1.0,False
MM-S02,P3-S007,monte_carlo,0.0012087571095464706,0.0005904359670063062,0.0007826705562670401,0.7900145694623509,upper,0.1462926853657317,20000,0.6582363189532832,1.0,False
MM-S02,P3-S008,monte_carlo,0.0007617624816222565,0.0006859642734386314,0.0006961475516342082,0.10888238851905556,upper,0.30198490075496226,20000,0.7808060301210291,1.0,False
MM-S02,P3-S009,monte_carlo,0.00012140249703659947,0.0006157099474834607,0.0005581900287517833,-0.8855540675855939,upper,0.959502024898755,20000,1.0,1.0,False
MM-S02,P3-S010,monte_carlo,0.000523194816824684,0.0005615922936319016,0.0005530859681300084,-0.06942406609417351,upper,0.3814809259537023,20000,0.821326580729787,1.0,False
MM-S03,P3-S001,monte_carlo,3.0,3.1366,0.3709992452822512,-0.36819481909208907,upper,0.9937003149842508,20000,1.0,1.0,False
MM-S03,P3-S002,monte_carlo,0.5369469683708513,1.574473787327417,0.5603297735350384,-1.8516360685439954,upper,0.9884005799710015,20000,1.0,1.0,False
MM-S03,P3-S003,monte_carlo,31.0,30.72475,1.0958957238259488,0.2511644073571686,upper,0.9145042747862607,20000,1.0,1.0,False
MM-S03,P3-S004,monte_carlo,3.522571594488587,3.7356701688138694,0.5339791517606285,-0.39907658121605843,upper,0.512424378781061,20000,0.9425830791793742,1.0,False
MM-S03,P3-S005,monte_carlo,0.0009389439568116122,0.0006563329036364024,0.0005921965416272207,0.4772250989488375,upper,0.20488975551222438,20000,0.7342632868356582,1.0,False
MM-S03,P3-S006,monte_carlo,0.00016300632832833977,0.0006425918484343963,0.0005833021416414696,-0.8221905696359278,upper,0.9170041497925103,20000,1.0,1.0,False
MM-S03,P3-S007,monte_carlo,1.9863456123757866e-05,0.0006249915560585589,0.0008326745058496318,-0.7267282661876979,upper,0.9382030898455077,20000,1.0,1.0,False
MM-S03,P3-S008,monte_carlo,6.430659705247711e-05,0.0007309931193653453,0.0007490013051016876,-0.8901006150080819,upper,0.9734013299335034,20000,1.0,1.0,False
MM-S03,P3-S009,monte_carlo,0.0007466418332601697,0.0006541702363621615,0.0005911940598705799,0.1564149628266755,upper,0.2862856857157142,20000,0.7707691538499999,1.0,False
MM-S03,P3-S010,monte_carlo,0.0028876526157959213,0.0006102814685145275,0.0006103118786543446,3.7314875016076865,upper,0.00999950002499875,20000,0.17499125043747812,1.0,False
MM-S04,P3-S001,monte_carlo,4.0,4.15165,0.4443560256145966,-0.34128039512967173,upper,0.9744512774361281,20000,1.0,1.0,False
MM-S04,P3-S002,monte_carlo,2.420286489853313,1.5735821845613909,0.5607957901018286,1.5098264292215506,upper,0.07914604269786511,20000,0.5771065613385998,1.0,False
MM-S04,P3-S003,monte_carlo,57.0,49.1606,13.470115353626339,0.5819846225659474,upper,0.23808809559522023,20000,0.757553031439337,1.0,False
MM-S04,P3-S004,monte_carlo,3.737294816979202,4.4614003354220175,0.4814971692118747,-1.5038624622197627,upper,0.9967001649917504,20000,1.0,1.0,False
MM-S04,P3-S005,monte_carlo,0.00021207706902393885,0.00023803483139846505,0.0002103269341289682,-0.12341625423308566,upper,0.39708014599270036,20000,0.821326580729787,1.0,False
MM-S04,P3-S006,monte_carlo,0.00014302846518093586,0.00023848185117804444,0.0002158986601297332,-0.4421212523493697,upper,0.5816209189540523,20000,0.9799510024498777,1.0,False
MM-S04,P3-S007,monte_carlo,0.0013410172467022698,0.00022827428132039373,0.0002988642134714357,3.723239234490107,upper,0.0127993600319984,20000,0.20362618232724727,1.0,False
MM-S04,P3-S008,monte_carlo,0.0006969061131389339,0.0002677291638305973,0.0002664467221508188,1.6107420869880564,upper,0.0696465176741163,20000,0.5540063905895615,1.0,False
MM-S04,P3-S009,monte_carlo,0.00010970235229621735,0.0002422623858099704,0.0002204085079507823,-0.6014288411378114,upper,0.7144142792860357,20000,1.0,1.0,False
MM-S04,P3-S010,monte_carlo,0.00033213492013242136,0.00022169330231361028,0.00021731686744849683,0.508205456463177,upper,0.2073896305184741,20000,0.7342632868356582,1.0,False
MM-S04,P3-S011,monte_carlo,14.505702491370164,3.1926334599755277,0.4664984251939225,24.251033702186273,upper,4.999750012499375e-05,20000,0.0017499125043747813,0.008749562521873906,True
MM-S05,P3-S001,monte_carlo,2.0,2.76645,0.46615919759241053,-1.644180794798241,upper,1.0,20000,1.0,1.0,False
MM-S05,P3-S002,monte_carlo,4.2049275771651,1.5715031924386835,0.5542973277222808,4.750923832787878,upper,0.00014999250037498125,20000,0.004374781260936953,0.025498725063746813,True
MM-S05,P3-S003,monte_carlo,45.0,70.7502,18.065253941198833,-1.4253992821698023,upper,0.9771011449427529,20000,1.0,1.0,False
MM-S05,P3-S004,monte_carlo,4.3465914396061125,4.364348845213954,0.5354167737056227,-0.03316557582785837,upper,0.6590170491475427,20000,0.9962432912837117,1.0,False
MM-S05,P3-S005,monte_carlo,0.0015434287975869302,0.0004909657020351314,0.00044432641966200734,2.3686709792147678,upper,0.03529823508824559,20000,0.44122793860306986,1.0,False
MM-S05,P3-S006,monte_carlo,0.0005800816032916149,0.0004835258845384479,0.00043607840803993404,0.22141825179366562,upper,0.2680865956702165,20000,0.7636110129977373,1.0,False
MM-S05,P3-S007,monte_carlo,0.0011310149566919787,0.0004293022578410161,0.000587636157244985,1.194127846286387,upper,0.103994800259987,20000,0.6143253443388437,1.0,False
MM-S05,P3-S008,monte_carlo,0.0007137105269194296,0.00053971699800899,0.0005205816258247299,0.3342291012188356,upper,0.2366881655917204,20000,0.757553031439337,1.0,False
MM-S05,P3-S009,monte_carlo,0.0007162284967323604,0.0004906019610406249,0.00044030004056153544,0.5124381442345163,upper,0.19799010049497526,20000,0.7342632868356582,1.0,False
MM-S05,P3-S010,monte_carlo,0.00045416337831963565,0.0004501813004943634,0.00044784684836570625,0.008891606226109978,upper,0.3471826408679566,20000,0.821326580729787,1.0,False
MM-S05,P3-S011,monte_carlo,11.23315123554796,3.484686031394989,0.5390795889496309,14.373508778639643,upper,4.999750012499375e-05,20000,0.0017499125043747813,0.008749562521873906,True
MM-S06,P3-S001,monte_carlo,3.0,3.3024,0.4765020881381319,-0.6346247110512936,upper,0.999950002499875,20000,1.0,1.0,False
MM-S06,P3-S002,monte_carlo,0.8577926790314626,1.5724365397047644,0.553399761675579,-1.29137001886215,upper,0.9209039548022598,20000,1.0,1.0,False
MM-S06,P3-S003,monte_carlo,68.0,65.1291,17.059455829246136,0.16828790019657222,upper,0.3674816259187041,20000,0.821326580729787,1.0,False
MM-S06,P3-S004,monte_carlo,5.177465967648058,4.595672420691102,0.5019437772752539,1.1590811028979344,upper,0.20978951052447378,20000,0.7342632868356582,1.0,False
MM-S06,P3-S005,monte_carlo,0.0008745995042252011,0.0002674192461590057,0.00023794173989855337,2.5518022114365775,upper,0.031048447577621117,20000,0.41795987123720735,1.0,False
MM-S06,P3-S006,monte_carlo,0.00010117390725998554,0.00026855101686338613,0.00024186205414280677,-0.6920354257165667,upper,0.791710414479276,20000,1.0,1.0,False
MM-S06,P3-S007,monte_carlo,8.791950547571795e-05,0.00023387015089188369,0.00031839628200910376,-0.4583930581576095,upper,0.5469226538673067,20000,0.976647596191619,1.0,False
MM-S06,P3-S008,monte_carlo,0.00021017260078374047,0.00029198504839022697,0.00028100673190487626,-0.29114052553794645,upper,0.4854257287135643,20000,0.9425830791793742,1.0,False
MM-S06,P3-S009,monte_carlo,0.00013540465100154062,0.0002706315864802368,0.00024212713743510474,-0.5584955776175229,upper,0.6762161891905405,20000,1.0,1.0,False
MM-S06,P3-S010,monte_carlo,0.00048781877858017353,0.0002464710054250614,0.00024289297689766409,0.9936383350301521,upper,0.127943602819859,20000,0.6582363189532832,1.0,False
MM-S06,P3-S011,monte_carlo,14.279050831243648,3.321494965526957,0.4933227996514487,22.21173615624216,upper,4.999750012499375e-05,20000,0.0017499125043747813,0.008749562521873906,True
MM-S07,P3-S001,monte_carlo,3.0,2.09595,0.2962154579018455,3.0520014262711688,upper,0.09549522523873806,20000,0.6143253443388437,1.0,False
MM-S07,P3-S002,monte_carlo,1.1199323732753066,1.5641068068784665,0.5560260410065732,-0.7988374659558598,upper,0.7816109194540273,20000,1.0,1.0,False
MM-S07,P3-S003,monte_carlo,90.0,65.0306,16.608252877410074,1.503433274065958,upper,0.08349582520873956,20000,0.584470776461177,1.0,False
MM-S07,P3-S004,monte_carlo,4.079215610874228,3.7340026689180084,0.5765989734689949,0.5987054397258351,upper,0.37588120593970303,20000,0.821326580729787,1.0,False
MM-S07,P3-S005,monte_carlo,0.0008406148934791715,0.001328433840125409,0.0011697238026354988,-0.41703771911551707,upper,0.559622018899055,20000,0.9799510024498777,1.0,False
MM-S07,P3-S006,monte_carlo,0.0007563699111092617,0.0013304125190592702,0.001204331626586745,-0.47664828796112463,upper,0.6093695315234239,20000,0.9799510024498777,1.0,False
MM-S07,P3-S007,monte_carlo,7.576325725953246e-05,0.0011817182061370014,0.0016245538092491763,-0.68077458720103,upper,0.8743062846857658,20000,1.0,1.0,False
MM-S07,P3-S008,monte_carlo,0.0021759607118500626,0.0014824216210608796,0.0014257740059807867,0.48642988852367175,upper,0.20613969301534923,20000,0.7342632868356582,1.0,False
MM-S07,P3-S009,monte_carlo,0.0006207676538347317,0.0013516770532421177,0.0012081165481072841,-0.604999079395508,upper,0.7144642767861606,20000,1.0,1.0,False
MM-S07,P3-S010,monte_carlo,0.0006663311421055562,0.001240932073840843,0.001224746780790291,-0.46915896473270563,upper,0.5997200139993001,20000,0.9799510024498777,1.0,False
MM-S07,P3-S011,monte_carlo,6.227118000927511,3.7082920134273403,0.6461190516398704,3.898392999103357,upper,0.00439978001099945,20000,0.09624518774061297,0.7391630418479076,True
PB-S01,P3-S001,monte_carlo,4.0,4.2853,0.5045829069637615,-0.5654174885089601,upper,0.9930503474826259,20000,1.0,1.0,False
PB-S01,P3-S002,monte_carlo,1.8809024742519374,1.5706745749958104,0.54953443533572,0.5645285887618733,upper,0.2674366281685916,20000,0.7636110129977373,1.0,False
PB-S01,P3-S003,monte_carlo,37.0,37.1881,10.673556969914014,-0.017622991148143367,upper,0.45167741612919354,20000,0.9085465266966537,1.0,False
PB-S01,P3-S004,monte_carlo,5.1499999999999995,4.125989857655583,0.4814415535901166,2.126966678942352,upper,0.0527973601319934,20000,0.5540063905895615,1.0,False
PB-S01,P3-S005,monte_carlo,0.0005088222469400452,0.000355790922360262,0.0003163863221446672,0.4836850200806399,upper,0.2047397630118494,20000,0.7342632868356582,1.0,False
PB-S01,P3-S006,monte_carlo,0.0004867613283306797,0.0003556704010496633,0.00031059725894008494,0.4220607990178825,upper,0.22053897305134743,20000,0.7567513781173687,1.0,False
PB-S01,P3-S007,monte_carlo,0.00023551056760042795,0.00035102360184135144,0.00044558647439665964,-0.2592381970241183,upper,0.43472826358682065,20000,0.8846214666010886,1.0,False
PB-S01,P3-S008,monte_carlo,0.00018457198929650072,0.0004065983914901251,0.00041696673816004243,-0.5324798883799815,upper,0.640317984100795,20000,0.9962432912837117,1.0,False
PB-S01,P3-S009,monte_carlo,0.0017299948797718963,0.0003672864914480925,0.00033270456649795317,4.09585117110855,upper,0.008199590020498975,20000,0.1594364726208134,1.0,False
PB-S01,P3-S010,monte_carlo,0.0003115980391049951,0.0003370165865967651,0.00033715856397499263,-0.07539048450110071,upper,0.3790310484475776,20000,0.821326580729787,1.0,False
PB-S01,P3-S011,monte_carlo,15.381238475766708,3.1269479183671356,0.4856490831198373,25.23280900414207,upper,4.999750012499375e-05,20000,0.0017499125043747813,0.008749562521873906,True
PB-S02,P3-S001,monte_carlo,5.0,3.86155,0.5105698752374644,2.2297633589731682,upper,0.06584670766461677,20000,0.5540063905895615,1.0,False
PB-S02,P3-S002,monte_carlo,1.3894300329530531,1.5542966873042487,0.5528878633784073,-0.29819184914601327,upper,0.5827708614569271,20000,0.9799510024498777,1.0,False
PB-S02,P3-S003,monte_carlo,31.0,41.49735,11.691941369058434,-0.8978278002471168,upper,0.8497075146242687,20000,1.0,1.0,False
PB-S02,P3-S004,monte_carlo,4.1570968891107825,4.135341639440668,0.490756320867908,0.04433004475956652,upper,0.6019199040047998,20000,0.9799510024498777,1.0,False
PB-S02,P3-S005,monte_carlo,0.00012159862849680137,0.00040690807233268193,0.0003604670419082025,-0.7914993901399126,upper,0.8775061246937653,20000,1.0,1.0,False
PB-S02,P3-S006,monte_carlo,0.0004634348791663922,0.00039889501758782185,0.00035411796734581476,0.18225525821891939,upper,0.28203589820508973,20000,0.7707691538499999,1.0,False
PB-S02,P3-S007,monte_carlo,0.0006328116160252945,0.0003908516458140752,0.0005123220639905915,0.47228098732765644,upper,0.1975901204939753,20000,0.7342632868356582,1.0,False
PB-S02,P3-S008,monte_carlo,0.0004900094789508667,0.00044974072563847055,0.0004562858765604814,0.0882533415584659,upper,0.31478426078696065,20000,0.7808060301210291,1.0,False
PB-S02,P3-S009,monte_carlo,0.0004805636451805509,0.0004097703200460984,0.0003682334843931673,0.19225118881059064,upper,0.2760861956902155,20000,0.7669060991394875,1.0,False
PB-S02,P3-S010,monte_carlo,0.00019063651164144936,0.00037127811413682635,0.00036872283010615703,-0.48991162940295674,upper,0.6103694815259237,20000,0.9799510024498777,1.0,False
PB-S02,P3-S011,monte_carlo,12.423784272631234,3.187962623386831,0.5019767562090941,18.39890300696971,upper,4.999750012499375e-05,20000,0.0017499125043747813,0.008749562521873906,True
PB-S03,P3-S001,monte_carlo,3.0,3.07195,0.3375991669124792,-0.21312256383219344,upper,0.9784010799460027,20000,1.0,1.0,False
PB-S03,P3-S002,monte_carlo,1.8813380403168605,1.56461474051659,0.555520708824251,0.5701377010239804,upper,0.2694365281735913,20000,0.7636110129977373,1.0,False
PB-S03,P3-S003,monte_carlo,59.0,45.9724,12.690821023085936,1.0265372095549552,upper,0.14574271286435678,20000,0.6582363189532832,1.0,False
PB-S03,P3-S004,monte_carlo,4.299011514290233,3.9313542339612586,0.5228152832963268,0.7032259615880232,upper,0.2445877706114694,20000,0.7636110129977373,1.0,False
PB-S03,P3-S005,monte_carlo,0.000493094781380366,0.0006953036277314333,0.00063002309415999,-0.3209546574172371,upper,0.5019249037548122,20000,0.9425830791793742,1.0,False
PB-S03,P3-S006,monte_carlo,0.00027278030460686683,0.0006861511221012984,0.0006193723493363276,-0.6674027633577255,upper,0.7751112444377781,20000,1.0,1.0,False
PB-S03,P3-S007,monte_carlo,0.0008153584823693009,0.0006624382695895127,0.0008643673773171879,0.17691576150689534,upper,0.2656367181640918,20000,0.7636110129977373,1.0,False
PB-S03,P3-S008,monte_carlo,0.0014156859821677162,0.0007776140574197002,0.0007725356505805953,0.8259449570624684,upper,0.14669266536673167,20000,0.6582363189532832,1.0,False
PB-S03,P3-S009,monte_carlo,0.0016658194924117518,0.0006972149588164445,0.000625918856269942,1.5474921771290657,upper,0.07289635518224089,20000,0.5546461807344415,1.0,False
PB-S03,P3-S010,monte_carlo,0.00013407343432835143,0.0006409462512510986,0.0006397445211692657,-0.7923050532677202,upper,0.8660566971651418,20000,1.0,1.0,False
PB-S03,P3-S011,monte_carlo,5.422237022201093,3.3228196498930194,0.5499383111777006,3.8175506772971355,upper,0.004349782510874456,20000,0.09624518774061297,0.7351132443377831,True
PB-S04,P3-S001,monte_carlo,3.0,3.11375,0.3497298064220435,-0.32525108787190393,upper,0.9926003699815009,20000,1.0,1.0,False
PB-S04,P3-S002,monte_carlo,1.3648384519788415,1.5736359094275802,0.5561382731756978,-0.3754416257964942,upper,0.6253187340632969,20000,0.9858628690187113,1.0,False
PB-S04,P3-S003,monte_carlo,40.0,47.9905,13.055382405352974,-0.6120464151799743,upper,0.7253637318134093,20000,1.0,1.0,False
PB-S04,P3-S004,monte_carlo,4.1590864381496075,4.04121699647053,0.5173332460201064,0.22784045407067638,upper,0.5116244187790611,20000,0.9425830791793742,1.0,False
PB-S04,P3-S005,monte_carlo,0.000225354126572355,0.0005915468969647213,0.000527552460638746,-0.6941352713036163,upper,0.7894605269736513,20000,1.0,1.0,False
PB-S04,P3-S006,monte_carlo,0.0005272747372972195,0.000586052397543912,0.0005211963870701143,-0.11277449672494637,upper,0.38893055347232636,20000,0.821326580729787,1.0,False
PB-S04,P3-S007,monte_carlo,0.001077787816714187,0.0005641310341252437,0.0007463911258990776,0.6881871511671707,upper,0.15509224538773062,20000,0.6619790961671429,1.0,False
PB-S04,P3-S008,monte_carlo,0.0017247712321497336,0.0006659142480438762,0.0006574373183003583,1.6105824154358481,upper,0.06954652267386631,20000,0.5540063905895615,1.0,False
PB-S04,P3-S009,monte_carlo,0.0008786527881472492,0.0006035280502701811,0.000545073698244502,0.5047477777099717,upper,0.19804009799510025,20000,0.7342632868356582,1.0,False
PB-S04,P3-S010,monte_carlo,0.0012113070715213316,0.0005490301335963773,0.0005436610526300547,1.2181798470224687,upper,0.10064496775161241,20000,0.6143253443388437,1.0,False
PB-S04,P3-S011,monte_carlo,2.643062697568944,3.322610382115135,0.5488736036536086,-1.2380768177276937,upper,0.9879506024698765,20000,1.0,1.0,False
PB-S05,P3-S001,monte_carlo,3.0,2.95075,0.37097767789989744,0.1327573138060591,upper,0.9059047047647618,20000,1.0,1.0,False
PB-S05,P3-S002,monte_carlo,2.2735487408579855,1.5672256059992797,0.5553908492856442,1.2717586826776026,upper,0.10704464776761162,20000,0.6143253443388437,1.0,False
PB-S05,P3-S003,monte_carlo,72.0,52.47625,14.130188814644338,1.3817048205163294,upper,0.09264536773161341,20000,0.6143253443388437,1.0,False
PB-S05,P3-S004,monte_carlo,5.465209832981578,4.026410199239451,0.5280834498951144,2.724568690853491,upper,0.022748862556872158,20000,0.3317542456210523,1.0,False
PB-S05,P3-S005,monte_carlo,0.0002437993672158661,0.0006590017937815959,0.0005909758231437798,-0.7025709179725858,upper,0.8048097595120244,20000,1.0,1.0,False
PB-S05,P3-S006,monte_carlo,0.0012889755459223988,0.0006582199454506303,0.0005906484824537412,1.0679035318120342,upper,0.11234438278086095,20000,0.6143253443388437,1.0,False
PB-S05,P3-S007,monte_carlo,8.895124202055297e-05,0.0006157329870491264,0.0008170235969785745,-0.6447570755320395,upper,0.7637118144092795,20000,1.0,1.0,False
PB-S05,P3-S008,monte_carlo,0.000376603695371169,0.0007380039841103563,0.0007231973856295435,-0.49972565708957634,upper,0.6215189240537973,20000,0.9858628690187113,1.0,False
PB-S05,P3-S009,monte_carlo,0.0016649748608275796,0.000669284659174449,0.0006043180919761127,1.6476260017257403,upper,0.06809659517024148,20000,0.5540063905895615,1.0,False
PB-S05,P3-S010,monte_carlo,0.001977267742776889,0.0006078955935354921,0.0006088982122599807,2.2489344223213408,upper,0.03819809009549523,20000,0.4456443844474443,1.0,False
PB-S05,P3-S011,monte_carlo,4.276602092408588,3.390916555872487,0.551590762128099,1.605693201095368,upper,0.11584420778961052,20000,0.6143253443388437,1.0,False
PB-S06,P3-S001,monte_carlo,3.0,3.08735,0.3286639278959588,-0.2657730057545322,upper,0.9872006399680016,20000,1.0,1.0,False
PB-S06,P3-S002,monte_carlo,0.6279939397285369,1.5705141272006455,0.5568320137157304,-1.692647269295254,upper,0.9779011049447528,20000,1.0,1.0,False
PB-S06,P3-S003,monte_carlo,52.0,52.6995,14.164028372959438,-0.04938566780446562,upper,0.4598770061496925,20000,0.9145281372295021,1.0,False
PB-S06,P3-S004,monte_carlo,3.4340452336372436,4.130742631811192,0.5177605711106399,-1.3455976315065368,upper,0.991900404979751,20000,1.0,1.0,False
PB-S06,P3-S005,monte_carlo,0.00023200772177838544,0.0005303216429155236,0.0004725649079900756,-0.6312654962170892,upper,0.7351132443377831,20000,1.0,1.0,False
PB-S06,P3-S006,monte_carlo,0.00020107417302639617,0.0005381993514056702,0.0004894240233130751,-0.6888202505818183,upper,0.7986600669966502,20000,1.0,1.0,False
PB-S06,P3-S007,monte_carlo,0.0001821236170542673,0.0005012213165095042,0.0006803026931580859,-0.46905253009352166,upper,0.5768711564421779,20000,0.9799510024498777,1.0,False
PB-S06,P3-S008,monte_carlo,0.0006516338342715687,0.0005879209551709112,0.0005810220291846687,0.1096565636075174,upper,0.3069846507674616,20000,0.7808060301210291,1.0,False
PB-S06,P3-S009,monte_carlo,0.00031432271810706444,0.0005427765176987876,0.0004910134225555358,-0.46526996839049556,upper,0.5974201289935503,20000,0.9799510024498777,1.0,False
PB-S06,P3-S010,monte_carlo,0.0005441089124529419,0.0004980985662194608,0.0004999053450454269,0.09203811619437693,upper,0.3167841607919604,20000,0.7808060301210291,1.0,False
PB-S06,P3-S011,monte_carlo,2.9681662897267937,3.3443355020685552,0.5377282965451152,-0.6995525709891687,upper,0.8978051097445128,20000,1.0,1.0,False
PB-S07,P3-S001,monte_carlo,4.0,4.13855,0.41527568854918534,-0.3336337855077459,upper,0.9795510224488776,20000,1.0,1.0,False
PB-S07,P3-S002,monte_carlo,1.8161352427375967,1.5662066779940045,0.5524454490309821,0.4524040612190396,upper,0.3031348432578371,20000,0.7808060301210291,1.0,False
PB-S07,P3-S003,monte_carlo,66.0,63.85485,16.60221314998395,0.12920867721795723,upper,0.3863306834658267,20000,0.821326580729787,1.0,False
PB-S07,P3-S004,monte_carlo,4.569491218943308,4.821949740713359,0.4841044811395167,-0.5214959406609864,upper,0.8569071546422679,20000,1.0,1.0,False
PB-S07,P3-S005,monte_carlo,0.000381718501013439,0.00014638188257704346,0.00013329614847866765,1.7655170169756116,upper,0.059947002649867506,20000,0.5540063905895615,1.0,False
PB-S07,P3-S006,monte_carlo,7.648426213754535e-05,0.0001470330321986768,0.00013185350927121512,-0.5350541707313733,upper,0.6546172691365432,20000,0.9962432912837117,1.0,False
PB-S07,P3-S007,monte_carlo,3.220831409344008e-05,0.00013456449560367525,0.0001835503526454615,-0.557646335378839,upper,0.6509174541272936,20000,0.9962432912837117,1.0,False
PB-S07,P3-S008,monte_carlo,0.00030121778966601194,0.0001642646634890891,0.00015647987186626132,0.8752124125841092,upper,0.13889305534723265,20000,0.6582363189532832,1.0,False
PB-S07,P3-S009,monte_carlo,4.384235665886601e-05,0.00014727998951060518,0.00013199866480369872,-0.7836263571723701,upper,0.8788060596970152,20000,1.0,1.0,False
PB-S07,P3-S010,monte_carlo,0.00013382300329299547,0.00013516263923802065,0.00013507966225218164,-0.009917377069867096,upper,0.3530823458827059,20000,0.821326580729787,1.0,False
PB-S07,P3-S011,monte_carlo,3.391049860543077,3.2272388839048034,0.4408415878201186,0.37158693998968895,upper,0.39238038098095096,20000,0.821326580729787,1.0,False
