statistical_regime_id,game_id,main_pool_N,main_count_K,special_pool_M,main_sample_space,jackpot_sample_space,jackpot_prob,inclusion_prob,pair_prob,triple_prob,overlap_pmf,overlap_mean,overlap_var,odd_even_pmf,special_repeat_prob,ticket_match_pmf,inclusion_var,inclusion_cov_ij
FL-S01,florida_lotto,49,6,0,13983816,13983816,7.151123842018516e-08,0.12244897959183673,0.012755102040816327,0.0010855405992184109,"[0.4359649755116915, 0.4130194504847604, 0.13237802900152576, 0.017650403866870102, 0.000968619724401408, 1.8449899512407772e-05, 7.151123842018516e-08]",0.7346938775510203,0.5775718450645565,"[0.009625126646403243, 0.07598784194528875, 0.22796352583586627, 0.33289911709364595, 0.2496743378202345, 0.0911854103343465, 0.012664640324214792]",,"[0.4359649755116915, 0.4130194504847604, 0.13237802900152576, 0.017650403866870102, 0.000968619724401408, 1.8449899512407772e-05, 7.151123842018516e-08]",0.10745522698875468,-0.002238650562265722
FL-S02,florida_lotto,53,6,0,22957480,22957480,4.355878781120576e-08,0.11320754716981132,0.01088534107402032,0.0008537522410996329,"[0.46771566391433206, 0.4008991404979989, 0.11654044781918572, 0.014126114887174027, 0.0007063057443587014, 1.2283578162760024e-05, 4.355878781120576e-08]",0.679245283018868,0.5444313607360954,"[0.010028539717773902, 0.0773630206799701, 0.22857256109991167, 0.3312645813042198, 0.24844843597816485, 0.09142902443996466, 0.012893836779995017]",,"[0.46771566391433206, 0.4008991404979989, 0.11654044781918572, 0.014126114887174027, 0.0007063057443587014, 1.2283578162760024e-05, 4.355878781120576e-08]",0.10039159843360627,-0.0019306076621847367
MM-S01,mega_millions,50,5,25,2118760,52969000,1.887896694292888e-08,0.1,0.00816326530612245,0.0005102040816326531,"[0.5766386943306462, 0.35160895995771113, 0.06697313523004021, 0.004672544318374898, 0.00010619418905397497, 4.719741735732221e-07]",0.5,0.413265306122449,"[0.02507598784194529, 0.1492618323925315, 0.32566217976552325, 0.32566217976552325, 0.1492618323925315, 0.02507598784194529]",0.04,"[0.5766386943306462, 0.35160895995771113, 0.06697313523004021, 0.004672544318374898, 0.00010619418905397497, 4.719741735732221e-07]",0.09000000000000001,-0.0018367346938775522
MM-S02,mega_millions,50,5,36,2118760,76275360,1.311039371036728e-08,0.1,0.00816326530612245,0.0005102040816326531,"[0.5766386943306462, 0.35160895995771113, 0.06697313523004021, 0.004672544318374898, 0.00010619418905397497, 4.719741735732221e-07]",0.5,0.413265306122449,"[0.02507598784194529, 0.1492618323925315, 0.32566217976552325, 0.32566217976552325, 0.1492618323925315, 0.02507598784194529]",0.027777777777777776,"[0.5766386943306462, 0.35160895995771113, 0.06697313523004021, 0.004672544318374898, 0.00010619418905397497, 4.719741735732221e-07]",0.09000000000000001,-0.0018367346938775522
MM-S03,mega_millions,52,5,52,2598960,135145920,7.399409467929183e-09,0.09615384615384616,0.007541478129713424,0.00045248868778280545,"[0.5902126235109428, 0.3431468741342691, 0.06239034075168529, 0.004159356050112353, 9.042078369809462e-05, 3.8476929233231754e-07]",0.4807692307692308,0.4004597401090613,"[0.025310124049619846, 0.14955982392957182, 0.3251300520208083, 0.3251300520208083, 0.14955982392957182, 0.025310124049619846]",0.019230769230769232,"[0.5902126235109428, 0.3431468741342691, 0.06239034075168529, 0.004159356050112353, 9.042078369809462e-05, 3.8476929233231754e-07]",0.08690828402366864,-0.0017040840004640912
MM-S04,mega_millions,56,5,46,3819816,175711536,5.691145970063115e-09,0.08928571428571429,0.006493506493506494,0.00036075036075036075,"[0.6149667942120772, 0.3271099969213177, 0.05451833282021961, 0.003337857111442017, 6.675714222884034e-05, 2.617927146229033e-07]",0.44642857142857145,0.37700023191094617,"[0.025728987993138937, 0.15008576329331047, 0.3241852487135506, 0.3241852487135506, 0.15008576329331047, 0.025728987993138937]",0.021739130434782608,"[0.6149667942120772, 0.3271099969213177, 0.05451833282021961, 0.003337857111442017, 6.675714222884034e-05, 2.617927146229033e-07]",0.08131377551020408,-0.0014784322820037103
MM-S05,mega_millions,75,5,15,17259390,258890850,3.862631684356554e-09,0.06666666666666667,0.0036036036036036037,0.00014809329877823029,"[0.7012422802891644, 0.2656220758671077, 0.03171606876025167, 0.0013992383276581618, 2.027881634287191e-05, 5.7939475265348313e-08]",0.33333333333333326,0.2942942942942943,"[0.02525564344973953, 0.14541128046819732, 0.31648337513666475, 0.3255257572834266, 0.15824168756833237, 0.02908225609363946]",0.06666666666666667,"[0.7012422802891644, 0.2656220758671077, 0.03171606876025167, 0.0013992383276581618, 2.027881634287191e-05, 5.7939475265348313e-08]",0.06222222222222222,-0.0008408408408408408
MM-S06,mega_millions,70,5,25,12103014,302575350,3.304961888005748e-09,0.07142857142857142,0.004140786749482402,0.00018268176835951772,"[0.6824653759799005, 0.27969892458192647, 0.03609018381702277, 0.001718580181762989, 2.6852815340046702e-05, 8.26240472001437e-08]",0.3571428571428572,0.3124075717243419,"[0.02682240969067705, 0.15141682889898334, 0.3217607614103396, 0.3217607614103396, 0.15141682889898334, 0.02682240969067705]",0.04,"[0.6824653759799005, 0.27969892458192647, 0.03609018381702277, 0.001718580181762989, 2.6852815340046702e-05, 8.26240472001437e-08]",0.0663265306122449,-0.0009612540668441283
MM-S07,mega_millions,70,5,24,12103014,290472336,3.4426686333393206e-09,0.07142857142857142,0.004140786749482402,0.00018268176835951772,"[0.6824653759799005, 0.27969892458192647, 0.03609018381702277, 0.001718580181762989, 2.6852815340046702e-05, 8.26240472001437e-08]",0.3571428571428572,0.3124075717243419,"[0.02682240969067705, 0.15141682889898334, 0.3217607614103396, 0.3217607614103396, 0.15141682889898334, 0.02682240969067705]",0.041666666666666664,"[0.6824653759799005, 0.27969892458192647, 0.03609018381702277, 0.001718580181762989, 2.6852815340046702e-05, 8.26240472001437e-08]",0.0663265306122449,-0.0009612540668441283
PB-S01,powerball,45,5,45,1221759,54979155,1.818871170355383e-08,0.1111111111111111,0.010101010101010102,0.0007047216349541931,"[0.5385743014784421, 0.3740099315822515, 0.08086701223400032, 0.006384237807947394, 0.00016369840533198447, 8.184920266599223e-07]",0.5555555555555556,0.44893378226711556,"[0.021554169030062395, 0.13770719102539863, 0.31890086342723895, 0.33484590659860086, 0.15945043171361947, 0.027541438205079725]",0.022222222222222223,"[0.5385743014784421, 0.3740099315822515, 0.08086701223400032, 0.006384237807947394, 0.00016369840533198447, 8.184920266599223e-07]",0.09876543209876543,-0.0022446689113355765
PB-S02,powerball,49,5,42,1906884,80089128,1.2486089247968838e-08,0.10204081632653061,0.008503401360544218,0.0005427702996092054,"[0.569519698104342, 0.3559498113152137, 0.0694536217200417, 0.004960972980002979, 0.00011537146465123206, 5.244157484146912e-07]",0.510204081632653,0.4199639039289185,"[0.022289766970618033, 0.1393110435663627, 0.3184252424374005, 0.33289911709364595, 0.15921262121870025, 0.027862208713272545]",0.023809523809523808,"[0.569519698104342, 0.3559498113152137, 0.0694536217200417, 0.004960972980002979, 0.00011537146465123206, 5.244157484146912e-07]",0.09162848812994585,-0.001908926836040539
PB-S03,powerball,53,5,42,2869685,120526770,8.296911964039193e-09,0.09433962264150944,0.00725689404934688,0.00042687612054981646,"[0.5966870928342309, 0.3390267572921767, 0.06027142351860919, 0.003930745012083208, 8.363287259751505e-05, 3.4847030248964606e-07]",0.4716981132075472,0.3943368841909247,"[0.022922376497768918, 0.14066003759994564, 0.318013998052051, 0.3312645813042198, 0.1590069990260255, 0.02813200751998913]",0.023809523809523808,"[0.5966870928342309, 0.3390267572921767, 0.06027142351860919, 0.003930745012083208, 8.363287259751505e-05, 3.4847030248964606e-07]",0.08543965824136704,-0.0016430703507955202
PB-S04,powerball,55,5,42,3478761,146107962,6.844253977069367e-09,0.09090909090909091,0.006734006734006734,0.0003811701924909472,"[0.6090559253711307, 0.3310086550930058, 0.056341898739235036, 0.0035213686712021897, 7.186466675922836e-05, 2.874586670369134e-07]",0.45454545454545453,0.3826140189776553,"[0.023206538189890023, 0.14125718898193926, 0.3178286752093633, 0.33054182221773787, 0.15891433760468165, 0.028251437796387852]",0.023809523809523808,"[0.6090559253711307, 0.3310086550930058, 0.056341898739235036, 0.0035213686712021897, 7.186466675922836e-05, 2.874586670369134e-07]",0.08264462809917356,-0.0015304560759106219
PB-S05,powerball,59,5,39,5006386,195249054,5.121663739277323e-09,0.0847457627118644,0.0058445353594389245,0.00030760712418099605,"[0.6316951988919751, 0.31584759944598756, 0.04954472148172354, 0.0028583493162532814, 5.3931119174590216e-05, 1.997448858318156e-07]",0.423728813559322,0.3610734133077098,"[0.023720703916957263, 0.14232422350174356, 0.3174924985808126, 0.3292514800097316, 0.1587462492904063, 0.028464844700348716]",0.02564102564102564,"[0.6316951988919751, 0.31584759944598756, 0.04954472148172354, 0.0028583493162532814, 5.3931119174590216e-05, 1.997448858318156e-07]",0.07756391841424877,-0.0013373089381767027
PB-S06,powerball,59,5,35,5006386,175223510,5.706996738051874e-09,0.0847457627118644,0.0058445353594389245,0.00030760712418099605,"[0.6316951988919751, 0.31584759944598756, 0.04954472148172354, 0.0028583493162532814, 5.3931119174590216e-05, 1.997448858318156e-07]",0.423728813559322,0.3610734133077098,"[0.023720703916957263, 0.14232422350174356, 0.3174924985808126, 0.3292514800097316, 0.1587462492904063, 0.028464844700348716]",0.02857142857142857,"[0.6316951988919751, 0.31584759944598756, 0.04954472148172354, 0.0028583493162532814, 5.3931119174590216e-05, 1.997448858318156e-07]",0.07756391841424877,-0.0013373089381767027
PB-S07,powerball,69,5,26,11238513,292201338,3.4222978130237033e-09,0.07246376811594203,0.004262574595055414,0.00019086154903233196,"[0.6784271193172976, 0.2826779663822073, 0.03707252018127309, 0.0017938316216745045, 2.8473517804357212e-05, 8.89797431386163e-08]",0.3623188405797102,0.316295390241793,"[0.024759147406778814, 0.14442835987287642, 0.3168105958501805, 0.3267109269704987, 0.15840529792509025, 0.028885671974575283]",0.038461538461538464,"[0.6784271193172976, 0.2826779663822073, 0.03707252018127309, 0.0017938316216745045, 2.8473517804357212e-05, 8.89797431386163e-08]",0.06721277042638102,-0.0009884230945056034
