statistical_regime_id,statistic_id,statistic,sequential,n_draws_per_replicate,replicates,mean,var,std,se_mean,min,max,convergence_status
FL-S01,F-S001,main_frequency_dispersion,False,599,20000,43.0388806065665,76.47047920665544,8.744740087998924,0.061836196083605244,15.884808013355594,87.68057874234837,CONVERGED
FL-S01,F-S002,max_abs_standardized_main_freq,False,599,20000,2.502584954659074,0.1900733909694291,0.4359740714416731,0.0030828792963249856,1.2032001477047953,5.067176943399474,CONVERGED
FL-S01,F-S003,max_main_occurrence,False,599,20000,92.05725,14.820772437499999,3.849775634696131,0.02722270514953984,81.0,114.0,CONVERGED
FL-S01,F-S004,min_main_occurrence,False,599,20000,55.78795,10.8677847975,3.2966323418755694,0.023311293629816748,37.0,65.0,CONVERGED
FL-S01,F-S005,max_pair_cooccurrence,False,599,20000,18.08295,1.7668692974999995,1.3292363587789793,0.009399355417746124,15.0,28.0,CONVERGED
FL-S01,F-S006,adjacent_overlap_aggregate,True,599,20000,439.2755,351.06739974999994,18.73679267510851,0.1324924439350599,369.0,524.0,CONVERGED
FL-S01,F-S007,max_drought,True,599,20000,65.86335,92.22817677750001,9.603550217367534,0.06790905256919759,44.0,151.0,CONVERGED
FL-S01,F-S008,max_streak,True,599,20000,4.5998,0.4731399600000001,0.6878516991328872,0.004863967609785807,3.0,9.0,CONVERGED
FL-S01,F-S012,draw_sum_dispersion,False,599,20000,1074.6948024500143,3527.4101655125037,59.3920042220542,0.41997538885271274,850.2771899654385,1347.0465491538296,CONVERGED
FL-S01,F-S013,odd_even_dispersion,False,599,20000,1.3432007733066818,0.005270350871218325,0.07259718225398507,0.000513352432639528,1.0745501141813838,1.6364956086230675,CONVERGED
FL-S02,F-S001,main_frequency_dispersion,False,2810,20000,46.992830225385525,85.94836621251339,9.270834170262857,0.0655563360193756,17.161565836298934,94.3479240806643,CONVERGED
FL-S02,F-S002,max_abs_standardized_main_freq,False,2810,20000,2.530276533435915,0.18441992553077602,0.4294414110571732,0.003036685256888878,1.3761265521837904,5.113573931053567,CONVERGED
FL-S02,F-S003,max_main_occurrence,False,2810,20000,357.22615,60.022606177499995,7.747425777476026,0.05478394265561438,336.0,404.0,CONVERGED
FL-S02,F-S004,min_main_occurrence,False,2810,20000,280.1652,52.03550896000001,7.213564234135578,0.05100887710268835,239.0,301.0,CONVERGED
FL-S02,F-S005,max_pair_cooccurrence,False,2810,20000,50.4443,5.041797510000002,2.245394733671566,0.01587773537454354,45.0,64.0,CONVERGED
FL-S02,F-S006,adjacent_overlap_aggregate,True,2810,20000,1907.8733,1549.6070471100002,39.36504854702964,0.2783598867775821,1743.0,2066.0,CONVERGED
FL-S02,F-S007,max_drought,True,2810,20000,85.1904,112.23624783999999,10.594161025772639,0.07491390389406917,62.0,162.0,CONVERGED
FL-S02,F-S008,max_streak,True,2810,20000,5.1965,0.39838775,0.6311796495451988,0.0044632256854405155,4.0,10.0,CONVERGED
FL-S02,F-S012,draw_sum_dispersion,False,2810,20000,1268.7892822331055,1039.0373935199434,32.23410295820163,0.22793522632398688,1142.078272684774,1421.8020684657477,CONVERGED
FL-S02,F-S013,odd_even_dispersion,False,2810,20000,1.3555671529298936,0.0011210405958543778,0.03348194432607488,0.00023675901785221533,1.2302748283668785,1.4901959765826416,CONVERGED
MM-S01,F-S001,main_frequency_dispersion,False,171,20000,44.95520467836257,81.95495928319825,9.052897838990466,0.06401525491477014,18.39181286549707,94.0643274853801,CONVERGED
MM-S01,F-S002,max_abs_standardized_main_freq,False,171,20000,2.5204963526786037,0.20856792170890182,0.4566923709773372,0.0032293834599380817,1.3000224919331838,6.602075008052832,CONVERGED
MM-S01,F-S003,max_main_occurrence,False,171,20000,26.55115,4.030883677499999,2.007706073482869,0.014196980720846224,21.0,43.0,CONVERGED
MM-S01,F-S004,min_main_occurrence,False,171,20000,8.8544,2.1038006400000007,1.450448427211392,0.010256475601520643,2.0,13.0,CONVERGED
MM-S01,F-S005,max_pair_cooccurrence,False,171,20000,6.59625,0.5857359375,0.7653338732213543,0.005411863014532463,5.0,11.0,CONVERGED
MM-S01,F-S006,adjacent_overlap_aggregate,True,171,20000,83.01105,68.91252789749998,8.30135699132979,0.05870092575768495,54.0,117.0,CONVERGED
MM-S01,F-S007,max_drought,True,171,20000,52.3933,33.50921511,5.788714460914444,0.04093341584484046,35.0,61.0,CONVERGED
MM-S01,F-S008,max_streak,True,171,20000,3.57075,0.3927944375,0.6267331469612885,0.00443178337807654,2.0,7.0,CONVERGED
MM-S01,F-S009,special_frequency_dispersion,False,171,20000,24.036783625730994,48.73017632433911,6.980700274638577,0.04936223908768061,6.046783625730995,68.91228070175438,CONVERGED
MM-S01,F-S010,max_abs_standardized_special_freq,False,171,20000,2.2777626449795063,0.2837204569176414,0.5326541625836049,0.0037665278682748648,0.8429272304235246,5.916100376491033,CONVERGED
MM-S01,F-S011,special_consecutive_repeats,True,171,20000,6.6399,6.379427989999999,2.5257529550611237,0.017860216932261582,0.0,19.0,CONVERGED
MM-S01,F-S012,draw_sum_dispersion,False,171,20000,956.3430107327141,9349.015287131446,96.69030606597254,0.683720804176292,596.5281733746131,1365.0432060543517,CONVERGED
MM-S01,F-S013,odd_even_dispersion,False,171,20000,1.1470892535259718,0.012839441435424476,0.11331125908498448,0.0008012516283788898,0.748469212246302,1.695424836601307,CONVERGED
MM-S02,F-S001,main_frequency_dispersion,False,342,20000,45.00386842105263,81.83303554658696,9.046161370801814,0.06396761970050047,16.257309941520468,91.40350877192982,CONVERGED
MM-S02,F-S002,max_abs_standardized_main_freq,False,342,20000,2.516494042035415,0.19376520878492517,0.44018769722122536,0.0031126748748447988,1.2977713690461008,5.731823546620276,CONVERGED
MM-S02,F-S003,max_main_occurrence,False,342,20000,47.361,7.454078999999999,2.73021592552677,0.019306024607083312,40.0,66.0,CONVERGED
MM-S02,F-S004,min_main_occurrence,False,342,20000,22.2025,4.78779375,2.188102774094489,0.015472609915036285,12.0,28.0,CONVERGED
MM-S02,F-S005,max_pair_cooccurrence,False,342,20000,9.6593,0.91182351,0.9548945020262709,0.006752292586430082,7.0,15.0,CONVERGED
MM-S02,F-S006,adjacent_overlap_aggregate,True,342,20000,167.3866,137.23274044000001,11.714637870630062,0.08283706972730295,120.0,211.0,CONVERGED
MM-S02,F-S007,max_drought,True,342,20000,62.89895,90.76213889750001,9.526916547209806,0.06736715714328519,40.0,121.0,CONVERGED
MM-S02,F-S008,max_streak,True,342,20000,3.90285,0.4029118775,0.6347533989668744,0.004488496541723103,3.0,8.0,CONVERGED
MM-S02,F-S009,special_frequency_dispersion,False,342,20000,34.938421052631575,68.24167063711911,8.260851689572881,0.058414502861559844,10.631578947368421,76.52631578947368,CONVERGED
MM-S02,F-S010,max_abs_standardized_special_freq,False,342,20000,2.4147139058671048,0.2606815648421052,0.510569843255656,0.0036103642445886523,1.1516578439248717,5.429244121360109,CONVERGED
MM-S02,F-S011,special_consecutive_repeats,True,342,20000,9.29035,9.1235468775,3.020520961274727,0.02135884252207254,0.0,26.0,CONVERGED
MM-S02,F-S012,draw_sum_dispersion,False,342,20000,956.1632279861434,4679.487890030165,68.40678248558518,0.4837210909255441,694.931693848502,1250.1636826670783,CONVERGED
MM-S02,F-S013,odd_even_dispersion,False,342,20000,1.1485045720361509,0.006469563726733397,0.0804335982455926,0.0005687656468658445,0.8070604174169539,1.4750904632059132,CONVERGED
MM-S03,F-S001,main_frequency_dispersion,False,320,20000,47.054864,86.676721304004,9.31003336750218,0.06583352313098997,18.109999999999996,94.48500000000001,CONVERGED
MM-S03,F-S002,max_abs_standardized_main_freq,False,320,20000,2.5353494324208246,0.19811544701276593,0.4451016142554034,0.0031474223841139433,1.473236414128735,5.732494165867256,CONVERGED
MM-S03,F-S003,max_main_occurrence,False,320,20000,43.43065,6.866890577500002,2.6204752579446353,0.018530021504570577,36.0,61.0,CONVERGED
MM-S03,F-S004,min_main_occurrence,False,320,20000,19.37805,4.206928197499999,2.0510797638073464,0.014503686694126635,9.0,25.0,CONVERGED
MM-S03,F-S005,max_pair_cooccurrence,False,320,20000,8.94435,0.8234530775,0.9074431538669516,0.006416752497224007,7.0,15.0,CONVERGED
MM-S03,F-S006,adjacent_overlap_aggregate,True,320,20000,151.023,124.28297099999999,11.148227258178764,0.07883184174534835,111.0,193.0,CONVERGED
MM-S03,F-S007,max_drought,True,320,20000,66.7512,101.10969856,10.055331847333532,0.07110371097830087,45.0,128.0,CONVERGED
MM-S03,F-S008,max_streak,True,320,20000,3.8179,0.40933959,0.6397965223412831,0.004524157700627268,2.0,7.0,CONVERGED
MM-S03,F-S009,special_frequency_dispersion,False,320,20000,51.05820375,102.61709279223592,10.13000951590056,0.07163177503853688,19.3,97.62499999999999,CONVERGED
MM-S03,F-S010,max_abs_standardized_special_freq,False,320,20000,2.598909086039756,0.29592450367647066,0.5439894334235461,0.0038466823409368154,1.2837597967245566,6.857155987382387,CONVERGED
MM-S03,F-S011,special_consecutive_repeats,True,320,20000,5.99685,5.8565400775,2.420028941459172,0.017112616572496967,0.0,17.0,CONVERGED
MM-S03,F-S012,draw_sum_dispersion,False,320,20000,1037.602113744612,5970.080721378751,77.266297448362,0.5463688882220861,744.2613538401255,1340.0371375391849,CONVERGED
MM-S03,F-S013,odd_even_dispersion,False,320,20000,1.1510070224333857,0.006858143339865062,0.08281390788910437,0.0005855973985674061,0.8462382445141066,1.4834541536050156,CONVERGED
MM-S04,F-S001,main_frequency_dispersion,False,869,20000,50.88392469505177,94.70784862100933,9.731795755204141,0.06881590813548195,19.997008055235902,104.1838895281933,CONVERGED
MM-S04,F-S002,max_abs_standardized_main_freq,False,869,20000,2.5506150083485775,0.18476886993136113,0.4298474961324785,0.003039556783782818,1.35744074144954,5.164222914653886,CONVERGED
MM-S04,F-S003,max_main_occurrence,False,869,20000,97.6441,15.89613519,3.9869957599676478,0.02819302221871737,87.0,121.0,CONVERGED
MM-S04,F-S004,min_main_occurrence,False,869,20000,58.8357,11.598905509999996,3.405716592730522,0.0240826550490952,41.0,68.0,CONVERGED
MM-S04,F-S005,max_pair_cooccurrence,False,869,20000,15.12185,1.4107025775000004,1.187730010355889,0.00839872941627425,12.0,22.0,CONVERGED
MM-S04,F-S006,adjacent_overlap_aggregate,True,869,20000,387.68755,325.7833249975,18.04946882868025,0.12763220890085875,321.0,465.0,CONVERGED
MM-S04,F-S007,max_drought,True,869,20000,94.3284,186.39695343999998,13.652726959842125,0.0965417717243908,63.0,202.0,CONVERGED
MM-S04,F-S008,max_streak,True,869,20000,4.1916,0.33388944000000004,0.5778316709907826,0.004085989080423278,3.0,8.0,CONVERGED
MM-S04,F-S009,special_frequency_dispersion,False,869,20000,44.97884349827388,88.73891780822235,9.420133640677417,0.06661206909260932,18.762945914844646,94.2474108170311,CONVERGED
MM-S04,F-S010,max_abs_standardized_special_freq,False,869,20000,2.5020121132119346,0.22396184742999622,0.47324607492296883,0.0033464387494940074,1.370418288567845,5.608095505615279,CONVERGED
MM-S04,F-S011,special_consecutive_repeats,True,869,20000,18.8993,18.20605951,4.266855927963821,0.03017198191906932,4.0,38.0,CONVERGED
MM-S04,F-S012,draw_sum_dispersion,False,869,20000,1211.358523524179,2990.6753878442364,54.68706783001112,0.3867056328197645,996.2725973495675,1420.9802092558318,CONVERGED
MM-S04,F-S013,odd_even_dispersion,False,869,20000,1.1590533333244948,0.002579811097258031,0.05079184085321215,0.00035916153011303586,0.969086242463131,1.358487164122117,CONVERGED
MM-S05,F-S001,main_frequency_dispersion,False,426,20000,69.99232746478873,133.87539664698232,11.570453605930163,0.08181750752483231,35.98591549295775,120.98591549295777,CONVERGED
MM-S05,F-S002,max_abs_standardized_main_freq,False,426,20000,2.665885175795633,0.19645021840669022,0.4432270506260761,0.0031341668861817225,1.6315550346175625,5.555056427388369,CONVERGED
MM-S05,F-S003,max_main_occurrence,False,426,20000,41.52715,6.5073628775,2.550953327189661,0.018038414927472282,35.0,57.0,CONVERGED
MM-S05,F-S004,min_main_occurrence,False,426,20000,16.7245,3.604599750000001,1.8985783497132798,0.01342531189395511,6.0,22.0,CONVERGED
MM-S05,F-S005,max_pair_cooccurrence,False,426,20000,7.43885,0.5818606774999998,0.7627979270422802,0.005393930718819992,6.0,12.0,CONVERGED
MM-S05,F-S006,adjacent_overlap_aggregate,True,426,20000,141.57745,124.7522014975,11.16925250397268,0.07898051640103113,100.0,185.0,CONVERGED
MM-S05,F-S007,max_drought,True,426,20000,115.03965,307.98327787750003,17.549452352637676,0.12409647009713663,76.0,263.0,CONVERGED
MM-S05,F-S008,max_streak,True,426,20000,3.473,0.331271,0.5755614650061277,0.004069935898624319,2.0,7.0,CONVERGED
MM-S05,F-S009,special_frequency_dispersion,False,426,20000,13.97580633802817,27.897653855373438,5.281822967061035,0.037349062108581674,1.746478873239436,42.732394366197184,CONVERGED
MM-S05,F-S010,max_abs_standardized_special_freq,False,426,20000,2.0425126705989727,0.25362941498993974,0.5036163370959482,0.0035611943017391963,0.6992378719789557,4.972358200739239,CONVERGED
MM-S05,F-S011,special_consecutive_repeats,True,426,20000,28.35025,26.6445749375,5.161838329267975,0.03650062138708165,10.0,53.0,CONVERGED
MM-S05,F-S012,draw_sum_dispersion,False,426,20000,2216.0344410684893,19896.7265952761,141.0557570440714,0.9974397596183483,1691.1601933167633,2863.6017508975424,CONVERGED
MM-S05,F-S013,odd_even_dispersion,False,426,20000,1.18234756614195,0.005307460527399404,0.0728523199863903,0.0005151565739508275,0.8999116266224799,1.4833913283623303,CONVERGED
MM-S06,F-S001,main_frequency_dispersion,False,777,20000,65.008609009009,123.09284535578605,11.094721508707917,0.07845348950359103,28.89189189189189,124.53153153153153,CONVERGED
MM-S06,F-S002,max_abs_standardized_main_freq,False,777,20000,2.6294297400709357,0.18453777286902287,0.42957859917484587,0.0030376553476244945,1.6019305747071457,5.7808799000301345,CONVERGED
MM-S06,F-S003,max_main_occurrence,False,777,20000,73.34315,11.730398077499997,3.4249668724675275,0.0242187784856414,64.0,97.0,CONVERGED
MM-S06,F-S004,min_main_occurrence,False,777,20000,39.05165,7.792682277500001,2.791537618858109,0.01973964529962045,26.0,47.0,CONVERGED
MM-S06,F-S005,max_pair_cooccurrence,False,777,20000,11.0519,0.9520063900000001,0.975708147962289,0.006899470967761351,9.0,17.0,CONVERGED
MM-S06,F-S006,adjacent_overlap_aggregate,True,777,20000,277.0628,243.43775616000002,15.602491985577176,0.11032903712451061,213.0,346.0,CONVERGED
MM-S06,F-S007,max_drought,True,777,20000,117.1432,289.15339376,17.00451098267751,0.12024305638011028,79.0,251.0,CONVERGED
MM-S06,F-S008,max_streak,True,777,20000,3.82615,0.3525261775000001,0.5937391493745381,0.0041984747509675145,3.0,8.0,CONVERGED
MM-S06,F-S009,special_frequency_dispersion,False,777,20000,23.971817889317887,48.236226791314905,6.945230506708536,0.049111423682912644,6.236808236808236,69.36422136422136,CONVERGED
MM-S06,F-S010,max_abs_standardized_special_freq,False,777,20000,2.2558745852103064,0.2327541694015445,0.4824460274492314,0.0034114938640713477,0.9300099407632638,5.1113932177382555,CONVERGED
MM-S06,F-S011,special_consecutive_repeats,True,777,20000,31.0452,29.669856959999997,5.447004402421573,0.03851710044060063,10.0,56.0,CONVERGED
MM-S06,F-S012,draw_sum_dispersion,False,777,20000,1923.1308152234342,8366.763818115602,91.47001595121542,0.6468068559169909,1573.9354011596279,2289.7223195212887,CONVERGED
MM-S06,F-S013,odd_even_dispersion,False,777,20000,1.177125120739296,0.0029421531555099234,0.054241618297299385,0.00038355575021914673,0.962487892900264,1.4163051121814008,CONVERGED
MM-S07,F-S001,main_frequency_dispersion,False,155,20000,64.93595225806453,123.91076090444287,11.131521050801767,0.07871370806672764,31.85161290322581,112.05806451612901,CONVERGED
MM-S07,F-S002,max_abs_standardized_main_freq,False,155,20000,2.661328202297198,0.23631701355334994,0.4861244835979257,0.0034375051272314467,1.5371334217716899,5.591601287894119,CONVERGED
MM-S07,F-S003,max_main_occurrence,False,155,20000,19.38595,2.925492597500001,1.7104071437818542,0.0120947072710421,15.0,29.0,CONVERGED
MM-S07,F-S004,min_main_occurrence,False,155,20000,4.21595,1.1242155975,1.060290336417342,0.0074975723107235,0.0,7.0,CONVERGED
MM-S07,F-S005,max_pair_cooccurrence,False,155,20000,4.8244,0.41836464000000007,0.6468111316296281,0.004573759718644848,4.0,9.0,CONVERGED
MM-S07,F-S006,adjacent_overlap_aggregate,True,155,20000,54.9774,48.270789240000006,6.947718275808253,0.049129015306713104,31.0,83.0,CONVERGED
MM-S07,F-S007,max_drought,True,155,20000,88.10715,197.36946887750003,14.048824466036296,0.09934267407423464,55.0,154.0,CONVERGED
MM-S07,F-S008,max_streak,True,155,20000,3.2164,0.26417103999999997,0.513975719270862,0.0036344480269530654,2.0,7.0,CONVERGED
MM-S07,F-S009,special_frequency_dispersion,False,155,20000,22.985409032258065,46.065398758186895,6.787149531149796,0.047993594438890515,5.877419354838709,59.761290322580656,CONVERGED
MM-S07,F-S010,max_abs_standardized_special_freq,False,155,20000,2.250335850816461,0.2963435655427771,0.5443744717956355,0.0038494050414443924,1.0216451271250704,5.845149989617206,CONVERGED
MM-S07,F-S011,special_consecutive_repeats,True,155,20000,6.4038,6.20124556,2.4902300215040376,0.017609025580340738,0.0,19.0,CONVERGED
MM-S07,F-S012,draw_sum_dispersion,False,155,20000,1922.8474414076247,41888.790277605614,204.6675115342091,1.4472540347472989,1246.995810640972,2778.2478424801006,CONVERGED
MM-S07,F-S013,odd_even_dispersion,False,155,20000,1.1776074821952243,0.015112876215430357,0.12293443868757996,0.0008692994851322876,0.7363217427733556,1.684373690825304,CONVERGED
PB-S01,F-S001,main_frequency_dispersion,False,578,20000,40.00692889273356,72.73899346803796,8.528715815879783,0.06030863561695286,15.816608996539793,83.11418685121107,CONVERGED
PB-S01,F-S002,max_abs_standardized_main_freq,False,578,20000,2.476732352941176,0.19629144532006937,0.4430479040917239,0.003132900097218937,1.2941176470588247,5.397058823529413,CONVERGED
PB-S01,F-S003,max_main_occurrence,False,578,20000,81.6279,13.744541589999999,3.707363158634449,0.026215671697901018,72.0,105.0,CONVERGED
PB-S01,F-S004,min_main_occurrence,False,578,20000,47.9377,9.75801871,3.1237827565309337,0.022089031933667628,31.0,57.0,CONVERGED
PB-S01,F-S005,max_pair_cooccurrence,False,578,20000,15.002,1.514396,1.2306079798213565,0.008701930026109667,12.0,23.0,CONVERGED
PB-S01,F-S006,adjacent_overlap_aggregate,True,578,20000,320.59435,255.99369807750006,15.99980306370988,0.11313852093836568,262.0,381.0,CONVERGED
PB-S01,F-S007,max_drought,True,578,20000,71.032,112.978176,10.629119248554886,0.07516110203797559,47.0,142.0,CONVERGED
PB-S01,F-S008,max_streak,True,578,20000,4.34205,0.3940517975,0.6277354518425736,0.00443887092105106,3.0,9.0,CONVERGED
PB-S01,F-S009,special_frequency_dispersion,False,578,20000,44.04992474048443,87.25990714732747,9.341301148519271,0.06605462525851066,16.34256055363322,92.48442906574394,CONVERGED
PB-S01,F-S010,max_abs_standardized_special_freq,False,578,20000,2.501934861809376,0.23874782804301667,0.4886182845975135,0.0034551394040712616,1.1726039399558572,5.405265220545182,CONVERGED
PB-S01,F-S011,special_consecutive_repeats,True,578,20000,12.8115,12.495667749999999,3.5349211801679536,0.024996292289685914,1.0,29.0,CONVERGED
PB-S01,F-S012,draw_sum_dispersion,False,578,20000,766.8221239694337,1824.8514525284838,42.718280074559225,0.30207140709304703,609.9837154354045,943.0152530988946,CONVERGED
PB-S01,F-S013,odd_even_dispersion,False,578,20000,1.136185110762625,0.003737137835616413,0.0611321342308316,0.0004322802737722082,0.9018728298741253,1.4089131829712207,CONVERGED
PB-S02,F-S001,main_frequency_dispersion,False,514,20000,43.87643509727626,79.04791516104419,8.89088944712756,0.0628696539494341,13.501167315175095,88.31673151750971,CONVERGED
PB-S02,F-S002,max_abs_standardized_main_freq,False,514,20000,2.501898914127185,0.19155589671170845,0.4376709913984573,0.003094878632397866,1.3768546356296147,5.180304050252241,CONVERGED
PB-S02,F-S003,max_main_occurrence,False,514,20000,68.5258,11.094734359999999,3.330875914830812,0.023553438309996507,60.0,88.0,CONVERGED
PB-S02,F-S004,min_main_occurrence,False,514,20000,37.5341,7.75383719,2.7845712757981254,0.019690384583909305,23.0,45.0,CONVERGED
PB-S02,F-S005,max_pair_cooccurrence,False,514,20000,12.6287,1.1859363099999998,1.0890070293620697,0.007700635070500643,10.0,19.0,CONVERGED
PB-S02,F-S006,adjacent_overlap_aggregate,True,514,20000,261.8668,217.93645776000005,14.76267109164192,0.10439045816734316,203.0,319.0,CONVERGED
PB-S02,F-S007,max_drought,True,514,20000,76.5884,135.69728543999997,11.648917779776797,0.0823723468900614,49.0,161.0,CONVERGED
PB-S02,F-S008,max_streak,True,514,20000,4.16665,0.38527777750000003,0.6207074814274435,0.004389174423237914,3.0,8.0,CONVERGED
PB-S02,F-S009,special_frequency_dispersion,False,514,20000,40.95336225680935,82.43356295782208,9.079293086899556,0.06420190216888601,15.821011673151755,89.52529182879377,CONVERGED
PB-S02,F-S010,max_abs_standardized_special_freq,False,514,20000,2.470686772949866,0.24203871015279493,0.4919742982644469,0.0034788705975749485,1.2261582214609101,5.717479347261548,CONVERGED
PB-S02,F-S011,special_consecutive_repeats,True,514,20000,12.19965,11.914089877499999,3.45167928369656,0.024407668479169194,1.0,28.0,CONVERGED
PB-S02,F-S012,draw_sum_dispersion,False,514,20000,916.1379829620527,2850.7329000826953,53.392255057102574,0.3775496949975518,730.5048050303017,1135.3233212733521,CONVERGED
PB-S02,F-S013,odd_even_dispersion,False,514,20000,1.1447344028033768,0.00432490509187525,0.0657640106127603,0.00046503340460351053,0.8818994091367633,1.4024772263559893,CONVERGED
PB-S03,F-S001,main_frequency_dispersion,False,302,20000,48.073986357615894,88.79534503103532,9.423128197739608,0.06663324433805033,19.278145695364238,94.4609271523179,CONVERGED
PB-S03,F-S002,max_abs_standardized_main_freq,False,302,20000,2.539352239596098,0.20417628769536417,0.45185870324180344,0.003195203413088243,1.277760181598137,5.021894667211282,CONVERGED
PB-S03,F-S003,max_main_occurrence,False,302,20000,40.7446,6.5403708400000005,2.5574148744386394,0.018084106108533185,33.0,54.0,CONVERGED
PB-S03,F-S004,min_main_occurrence,False,302,20000,17.511,3.8150789999999994,1.9532227215553273,0.01381171561300075,8.0,23.0,CONVERGED
PB-S03,F-S005,max_pair_cooccurrence,False,302,20000,8.50815,0.7809335774999999,0.8837044627589021,0.006248890406029323,6.0,14.0,CONVERGED
PB-S03,F-S006,adjacent_overlap_aggregate,True,302,20000,141.9528,117.67007216,10.847583701451674,0.07670591761976317,99.0,188.0,CONVERGED
PB-S03,F-S007,max_drought,True,302,20000,76.7541,150.41853318999998,12.264523357636039,0.08672544450526748,46.0,184.0,CONVERGED
PB-S03,F-S008,max_streak,True,302,20000,3.78365,0.41514267750000006,0.6443156660364545,0.004556113671056637,3.0,7.0,CONVERGED
PB-S03,F-S009,special_frequency_dispersion,False,302,20000,41.0488655629139,80.10873573906015,8.95034835853109,0.0632901024553322,15.364238410596025,89.90728476821191,CONVERGED
PB-S03,F-S010,max_abs_standardized_special_freq,False,302,20000,2.4951014013762514,0.26799737675658214,0.5176846305972219,0.0036606746461236273,1.4378864224671435,6.344673839136271,CONVERGED
PB-S03,F-S011,special_consecutive_repeats,True,302,20000,7.1614,6.862750039999999,2.619685103213743,0.018524434127200392,0.0,21.0,CONVERGED
PB-S03,F-S012,draw_sum_dispersion,False,302,20000,1080.6611381179732,6947.731701683043,83.35305454320822,0.5894098364312528,774.1791819761942,1452.612439770302,CONVERGED
PB-S03,F-S013,odd_even_dispersion,False,302,20000,1.1542512771996214,0.007269310552669812,0.08526025189189751,0.000602896095375133,0.859519042485314,1.5205055994367562,CONVERGED
PB-S04,F-S001,main_frequency_dispersion,False,350,20000,49.87836914285714,93.19090959826414,9.653543888037396,0.06826257004271556,18.988571428571433,94.41714285714286,CONVERGED
PB-S04,F-S002,max_abs_standardized_main_freq,False,350,20000,2.545055264976718,0.19390749821428566,0.4403492911477043,0.0031138175450240286,1.453665318133049,5.239956379316802,CONVERGED
PB-S04,F-S003,max_main_occurrence,False,350,20000,44.7696,7.001315839999998,2.6459999697656835,0.018710512985078954,38.0,60.0,CONVERGED
PB-S04,F-S004,min_main_occurrence,False,350,20000,20.0958,4.383922359999999,2.093781831996829,0.014805643463014958,8.0,26.0,CONVERGED
PB-S04,F-S005,max_pair_cooccurrence,False,350,20000,8.91545,0.8123012975000001,0.9012775918106475,0.006373154299857057,7.0,15.0,CONVERGED
PB-S04,F-S006,adjacent_overlap_aggregate,True,350,20000,158.7504,130.03829983999998,11.403433686394637,0.08063646882152764,114.0,201.0,CONVERGED
PB-S04,F-S007,max_drought,True,350,20000,81.65655,167.02519209750002,12.923822658079924,0.09138751112014395,52.0,174.0,CONVERGED
PB-S04,F-S008,max_streak,True,350,20000,3.81055,0.40005869749999995,0.6325019347796494,0.004472575887757924,3.0,8.0,CONVERGED
PB-S04,F-S009,special_frequency_dispersion,False,350,20000,41.060475999999994,81.672052733424,9.037259138335251,0.06390466983728614,15.279999999999998,104.79999999999998,CONVERGED
PB-S04,F-S010,max_abs_standardized_special_freq,False,350,20000,2.490605227383154,0.2647824793804878,0.5145701889737568,0.0036386516676266646,1.2855671615397104,5.843487097907775,CONVERGED
PB-S04,F-S011,special_consecutive_repeats,True,350,20000,8.2884,8.109225440000001,2.847670177531099,0.020136572351751026,0.0,22.0,CONVERGED
PB-S04,F-S012,draw_sum_dispersion,False,350,20000,1167.1103758489562,6873.4483775029485,82.9062625951921,0.5862504612836693,887.4825706099059,1502.4781334424888,CONVERGED
PB-S04,F-S013,odd_even_dispersion,False,350,20000,1.1566131031518623,0.00639137621675843,0.07994608318584738,0.0005653183086345473,0.7901841997544004,1.579934506753991,CONVERGED
PB-S05,F-S001,main_frequency_dispersion,False,316,20000,53.93423360759493,98.88766934299842,9.944227941021788,0.07031806808128943,23.38101265822785,99.11012658227848,CONVERGED
PB-S05,F-S002,max_abs_standardized_main_freq,False,316,20000,2.5782914628542706,0.19864963280719644,0.4457012820344995,0.003151662781655786,1.369413383362935,5.700183208248217,CONVERGED
PB-S05,F-S003,max_main_occurrence,False,316,20000,38.9315,6.088707750000001,2.4675306988971792,0.017448513118042512,33.0,55.0,CONVERGED
PB-S05,F-S004,min_main_occurrence,False,316,20000,15.9378,3.48263116,1.8661809022707312,0.013196221618829029,7.0,21.0,CONVERGED
PB-S05,F-S005,max_pair_cooccurrence,False,316,20000,7.88225,0.6772849375000001,0.8229732301235564,0.005819445005497397,6.0,12.0,CONVERGED
PB-S05,F-S006,adjacent_overlap_aggregate,True,316,20000,133.37555,116.6603121975,10.800940338577007,0.07637609099213419,93.0,181.0,CONVERGED
PB-S05,F-S007,max_drought,True,316,20000,86.2533,188.53133910999998,13.730671473383957,0.09709293644449822,53.0,192.0,CONVERGED
PB-S05,F-S008,max_streak,True,316,20000,3.65685,0.3878980775,0.6228146413661131,0.004404074666565434,2.0,8.0,CONVERGED
PB-S05,F-S009,special_frequency_dispersion,False,316,20000,38.02521518987343,75.78863609774068,8.70566689563417,0.06155989998327915,12.784810126582277,92.26582278481014,CONVERGED
PB-S05,F-S010,max_abs_standardized_special_freq,False,316,20000,2.4569857022218753,0.26971436367421725,0.5193403158567773,0.003672382401566594,1.1042058170207392,6.013815152203862,CONVERGED
PB-S05,F-S011,special_consecutive_repeats,True,316,20000,8.102,7.877395999999999,2.8066699129039026,0.019846649452104594,0.0,20.0,CONVERGED
PB-S05,F-S012,draw_sum_dispersion,False,316,20000,1350.1719504063694,10182.51060589461,100.9084268329192,0.7135481678514232,992.3490054249547,1778.802812939522,CONVERGED
PB-S05,F-S013,odd_even_dispersion,False,316,20000,1.1635957991762105,0.007037688911646959,0.0838909346213699,0.0005932133180268142,0.857092626079968,1.5265420936307013,CONVERGED
PB-S06,F-S001,main_frequency_dispersion,False,389,20000,54.07144951156812,101.0795489737069,10.053832551505266,0.07109310909077866,22.566580976863747,109.56503856041132,CONVERGED
PB-S06,F-S002,max_abs_standardized_main_freq,False,389,20000,2.57597612013049,0.19783735318661344,0.44478911091281614,0.0031452125965416937,1.4625868315869144,5.285677726810937,CONVERGED
PB-S06,F-S003,max_main_occurrence,False,389,20000,46.406,7.362363999999999,2.71336764925065,0.019186886324527527,39.0,62.0,CONVERGED
PB-S06,F-S004,min_main_occurrence,False,389,20000,20.86485,4.488984477500001,2.1187223691413655,0.0149820041014994,10.0,27.0,CONVERGED
PB-S06,F-S005,max_pair_cooccurrence,False,389,20000,8.81995,0.7566319975,0.8698459619380894,0.006150893557002712,7.0,14.0,CONVERGED
PB-S06,F-S006,adjacent_overlap_aggregate,True,389,20000,164.37135,137.74344917750003,11.736415516566378,0.08299106478842609,122.0,211.0,CONVERGED
PB-S06,F-S007,max_drought,True,389,20000,89.13785,192.7175473775,13.88227457506514,0.09816495905787534,60.0,185.0,CONVERGED
PB-S06,F-S008,max_streak,True,389,20000,3.75585,0.3852407774999999,0.6206776760122761,0.004388963661857004,3.0,9.0,CONVERGED
PB-S06,F-S009,special_frequency_dispersion,False,389,20000,33.97031233933162,68.13915980695178,8.254644741413877,0.058370612012937875,10.215938303341902,81.47557840616966,CONVERGED
PB-S06,F-S010,max_abs_standardized_special_freq,False,389,20000,2.3931503929997895,0.24509783038787242,0.4950735605825385,0.0035007862394908305,0.9477902543539359,5.443272469959303,CONVERGED
PB-S06,F-S011,special_consecutive_repeats,True,389,20000,11.0842,10.80001036,3.286336921254423,0.023238492192394256,0.0,28.0,CONVERGED
PB-S06,F-S012,draw_sum_dispersion,False,389,20000,1349.1308418499718,8373.60641454816,91.50741180116592,0.6470712911188361,1019.4612143216814,1740.9475260382158,CONVERGED
PB-S06,F-S013,odd_even_dispersion,False,389,20000,1.1637429736570108,0.005750116169815179,0.07582952043772385,0.0005362090865511176,0.8530066520022261,1.5522486947764553,CONVERGED
PB-S07,F-S001,main_frequency_dispersion,False,1414,20000,63.976661612446954,121.45087496828027,11.020475260544814,0.07792847612255453,31.124752475247522,116.18896746817536,CONVERGED
PB-S07,F-S002,max_abs_standardized_main_freq,False,1414,20000,2.620278145146992,0.17889975133837963,0.42296542570094264,0.002990891980440102,1.4836479040706334,5.286424796468108,CONVERGED
PB-S07,F-S003,max_main_occurrence,False,1414,20000,126.40025,20.3721499375,4.5135518095508775,0.03191642883839747,114.0,154.0,CONVERGED
PB-S07,F-S004,min_main_occurrence,False,1414,20000,79.90465,15.479058377500001,3.9343434493572116,0.027820704851889047,54.0,90.0,CONVERGED
PB-S07,F-S005,max_pair_cooccurrence,False,1414,20000,16.1954,1.4342188400000002,1.1975887608023048,0.008468443052083798,13.0,23.0,CONVERGED
PB-S07,F-S006,adjacent_overlap_aggregate,True,1414,20000,512.0887,447.88153230999995,21.16321176735705,0.14965024682678865,426.0,596.0,CONVERGED
PB-S07,F-S007,max_drought,True,1414,20000,123.97925,281.4340194375,16.775995333735047,0.11862716633260952,86.0,259.0,CONVERGED
PB-S07,F-S008,max_streak,True,1414,20000,4.09585,0.2823627775,0.531378186887644,0.003757505132031207,3.0,8.0,CONVERGED
PB-S07,F-S009,special_frequency_dispersion,False,1414,20000,24.967986562942002,49.03782380174362,7.002701178955419,0.049517812863420364,5.96039603960396,61.96888260254597,CONVERGED
PB-S07,F-S010,max_abs_standardized_special_freq,False,1414,20000,2.2666129371250965,0.2196933123519094,0.46871453183351314,0.0033143950999148224,0.8829037856791758,5.201686159001407,CONVERGED
PB-S07,F-S011,special_consecutive_repeats,True,1414,20000,54.41115,52.64210567749999,7.255487969633744,0.05130533009073994,27.0,85.0,CONVERGED
PB-S07,F-S012,draw_sum_dispersion,False,1414,20000,1866.535830874227,4318.291947036272,65.71371201687113,0.4646777309291835,1632.9620386970455,2165.401518131795,CONVERGED
PB-S07,F-S013,odd_even_dispersion,False,1414,20000,1.1761614210488385,0.0016298259165610969,0.04037110249375284,0.0002854739403108183,0.9833441942920405,1.3579942161641094,CONVERGED
