statistical_regime_id,statistic_id,q01,q05,q10,q25,q50,q75,q90,q95,q99,batch1_mean,batch1_var,batch2_mean,batch2_var,batch3_mean,batch3_var,batch4_mean,batch4_var
FL-S01,F-S001,25.210350584307186,29.709515859766277,32.29994435169728,36.90818030050084,42.4571508069004,48.55147468002227,54.523094045631616,58.258764607679474,65.83917640511966,43.114792431830836,76.20894749769248,42.97727067334447,79.6349020072875,43.262904952698946,74.53309405418602,42.800554368391765,75.38842857490661
FL-S01,F-S002,1.7017777987621732,1.912910171403816,1.951066624290862,2.200355449819551,2.44964427534824,2.7854210607542274,3.072866339169962,3.322155164698651,3.782576362868983,2.5031742174798257,0.1951077357549405,2.501162100530916,0.18673160948635328,2.508107083709063,0.19035326904116692,2.49789641691649,0.18804610155530546
FL-S01,F-S003,85.0,87.0,88.0,89.0,92.0,94.0,97.0,99.0,103.0,92.0456,14.835120640000003,92.061,14.414079000000001,92.1344,14.935936639999998,91.988,15.087056
FL-S01,F-S004,47.0,50.0,51.0,54.0,56.0,58.0,60.0,61.0,62.0,55.7668,11.179217759999998,55.804,11.143984,55.7416,10.39842944,55.8394,10.74400764
FL-S01,F-S005,16.0,16.0,17.0,17.0,18.0,19.0,20.0,20.0,22.0,18.069,1.775439,18.0936,1.8192390400000005,18.0962,1.74374556,18.073,1.7284709999999999
FL-S01,F-S006,396.0,409.0,415.0,426.0,439.0,452.0,463.0,470.0,483.0,439.2618,348.09486076,439.8082,350.48101276,439.1218,355.25616476,438.9102,349.99653595999996
FL-S01,F-S007,50.0,53.0,55.0,59.0,64.0,71.0,78.0,84.0,96.0,65.8578,91.64677916,65.5924,88.90826224,66.0918,92.67097275999998,65.9628,95.50581616
FL-S01,F-S008,4.0,4.0,4.0,4.0,5.0,5.0,5.0,6.0,7.0,4.6036,0.4724670399999999,4.5954,0.46649884,4.5934,0.48287644,4.6096,0.47118784
FL-S01,F-S012,940.836417496273,978.9363777980022,999.5892736500633,1034.0809906142345,1073.7449344224767,1114.1907373493168,1151.4486965455246,1174.587314420355,1217.1429417479521,1074.686934554246,3559.613293605578,1075.3605849559747,3611.5840009845006,1074.996114616892,3413.498506854446,1073.7355756729442,3523.490627324708
FL-S01,F-S013,1.1810411443822202,1.2245978526083048,1.2508193700761023,1.2939723954640119,1.3418015533134935,1.3909023400204354,1.4364420075823139,1.465206782765032,1.5172790213343303,1.344876225146705,0.005144975978347016,1.3432655127553728,0.005349877638756109,1.3431452956711576,0.005224082946778092,1.3415160596534916,0.005356814253066339
FL-S02,F-S001,28.170225385527875,32.841518386714114,35.47580071174377,40.49916963226572,46.383867141162526,52.84697508896797,59.272360616844615,63.07006524317911,71.20540806642941,46.73231290628708,84.47841327093904,46.85354647686833,87.46983737999139,47.10304256227758,86.87486711197593,47.28241895610913,84.78706945883063
FL-S02,F-S002,1.7333577714445623,1.9119733810749484,2.0175700307935434,2.2096660637922585,2.4938783231412396,2.7915710058585494,3.0892636885758593,3.3274178347497076,3.7576680139222702,2.5263369358749515,0.18265425148784742,2.5208254647808093,0.18294253508386973,2.533945960845206,0.18427348322510798,2.539997772242695,0.18759662201716268
FL-S02,F-S003,343.0,346.0,348.0,352.0,356.0,362.0,367.0,371.0,380.0,357.0876,57.49232623999999,357.067,60.08491100000001,357.3202,60.50047196,357.4298,61.91787195999999
FL-S02,F-S004,259.0,267.0,271.0,276.0,281.0,285.0,289.0,291.0,294.0,280.178,53.098316000000004,280.3344,51.808176640000006,280.0584,51.72498944,280.09,51.4647
FL-S02,F-S005,46.0,47.0,48.0,49.0,50.0,52.0,53.0,55.0,57.0,50.4158,4.99091036,50.4662,5.051657560000001,50.3994,4.932279640000001,50.4958,5.1863823600000005
FL-S02,F-S006,1816.0,1843.0,1857.9,1881.0,1908.0,1935.0,1958.0,1972.0,1999.0,1907.9636,1532.59267504,1907.8142,1509.5252783600001,1907.5998,1599.4728399599999,1908.1156,1556.6922366399997
FL-S02,F-S007,68.0,71.0,73.0,78.0,83.0,91.0,99.0,105.0,118.0,85.2142,113.73191835999998,85.367,112.25191099999999,84.994,110.71436400000002,85.2016,112.27615743999998
FL-S02,F-S008,4.0,4.0,5.0,5.0,5.0,5.0,6.0,6.0,7.0,5.1904,0.38974783999999996,5.2012,0.40191856000000004,5.2008,0.39527936,5.1936,0.40651903999999994
FL-S02,F-S012,1194.8871617741142,1216.936890808522,1228.0317136200495,1246.7850765333594,1268.3657271555967,1290.2686787131856,1310.1918374467427,1322.5826000818417,1344.9493542553232,1268.7829325466566,1023.677241928272,1268.6994931020652,1043.092004531687,1268.677857906247,1039.7743024685324,1268.9968453774534,1049.5424249052037
FL-S02,F-S013,1.278283535762654,1.3011337477781761,1.3131565291532428,1.3329199864695205,1.3552452779512723,1.3780328291498223,1.3988684692948061,1.4104097277561067,1.4351745089816792,1.35626792442695,0.0010988735314169322,1.3558011812564847,0.0011165837019730925,1.3549594316185012,0.0011115755025112326,1.3552400744176383,0.0011561074920220212
MM-S01,F-S001,26.538461538461533,31.035502958579876,33.8757396449704,38.60946745562129,44.408284023668635,50.79881656804733,56.95266272189348,60.85798816568047,68.3136094674556,44.80984615384615,81.40187519708691,44.96447337278106,83.5598148518609,45.0661775147929,82.96014978971323,45.16418934911242,81.62277400987358
MM-S01,F-S002,1.7692307692307696,1.8205128205128198,2.025641025641026,2.2820512820512824,2.5384615384615388,2.8461538461538454,3.1025641025641018,3.358974358974358,3.871794871794871,2.5152102564102563,0.20990671516107814,2.5167282051282047,0.21548611061143974,2.5300512820512817,0.2182856120973043,2.522164102564102,0.2102280161998684
MM-S01,F-S003,23.0,23.0,24.0,25.0,26.0,27.0,29.0,30.0,32.0,26.2736,4.060343039999999,26.276,4.100624,26.3308,4.122571359999999,26.3152,4.01384896
MM-S01,F-S004,5.0,6.0,7.0,8.0,9.0,10.0,10.0,11.0,11.0,8.7124,2.03688624,8.6944,2.12020864,8.6598,2.13286396,8.683,2.0305109999999997
MM-S01,F-S005,5.0,6.0,6.0,6.0,6.0,7.0,7.0,8.0,9.0,6.5362,0.5862895600000001,6.5464,0.57424704,6.5478,0.5677151599999999,6.5392,0.54006336
MM-S01,F-S006,63.0,68.0,71.0,76.0,81.0,87.0,92.0,95.0,101.0,81.3748,66.18192496,81.4498,70.03747996,81.5486,68.53283804,81.6038,66.98602556
MM-S01,F-S007,39.0,42.0,44.0,47.0,51.0,54.0,60.0,62.0,62.0,50.8352,32.53044095999999,50.903,31.851591000000003,50.8704,31.666003840000002,50.904,32.024784
MM-S01,F-S008,3.0,3.0,3.0,3.0,3.0,4.0,4.0,5.0,5.0,3.5556,0.38890863999999997,3.5722,0.38478716,3.5706,0.41141563999999997,3.5664,0.38879104000000003
MM-S01,F-S009,11.029585798816566,13.988165680473374,15.763313609467456,19.01775147928994,23.455621301775146,28.485207100591712,33.218934911242606,36.473372781065095,43.278106508875744,24.00840236686391,48.44990384090193,24.0012426035503,47.79156247680404,24.16449704142012,50.450402997093946,24.10668639053255,47.1687580651938
MM-S01,F-S010,1.2718504433681888,1.6643968765065185,1.6643968765065185,1.8685210217384498,2.2610674548767795,2.4494897427831783,2.842036175921508,3.2345826090598377,4.019675475336498,2.2817059761454606,0.28251359779092705,2.273710590395299,0.27488019057199214,2.294663148810491,0.2941906587376726,2.2864824811438877,0.2830148752564103
MM-S01,F-S011,2.0,3.0,3.0,5.0,6.0,8.0,10.0,11.0,13.0,6.5856,6.33187264,6.5028,6.14079216,6.4972,6.10159216,6.5226,6.21828924
MM-S01,F-S012,741.1143941955479,801.1651345449424,833.6358199492815,888.8583932093546,953.4711890673428,1019.5875774866159,1081.5513877148492,1121.254004649197,1202.5177761341217,955.8578116511693,9448.208466765465,955.4724270921387,9494.071643390895,956.9976076500424,9923.108095752808,955.8584575936884,9381.871009011775
MM-S01,F-S013,0.8936284868977176,0.9653423499577345,1.0048816568047336,1.0709354747816289,1.1437728937728937,1.2237954353338971,1.2965624119470274,1.3412228796844181,1.4289940828402368,1.1463111721611723,0.012763755984646895,1.146409819667512,0.013300261277993252,1.146631713158636,0.012870570225282825,1.151401775147929,0.012969035766704846
MM-S02,F-S001,26.54912280701754,31.286549707602337,33.91812865497076,38.65497076023391,44.44444444444444,50.76023391812865,56.783625730994146,60.64327485380117,69.29883040935661,45.003906432748536,81.30494011066651,45.03488888888889,81.26999647221365,45.000479532163745,81.38706313997467,44.97619883040935,83.3684031018091
MM-S02,F-S002,1.766411030090525,1.9466570535691499,2.018755462960601,2.1990014864392258,2.487395124005025,2.739739556875101,3.100231603832351,3.2804776273109764,3.7491172883554,2.5204017758244315,0.1979972405977907,2.522492629696783,0.19842924371669907,2.5071861373829787,0.18775516439246256,2.5158956252374653,0.1907409378037686
MM-S02,F-S003,42.0,44.0,44.0,45.0,47.0,49.0,51.0,52.0,55.0,47.3968,7.552549760000001,47.4014,7.6362780400000005,47.298,7.244395999999999,47.3478,7.37603516
MM-S02,F-S004,16.0,18.0,19.0,21.0,22.0,24.0,25.0,25.0,26.0,22.1968,4.68806976,22.2004,4.68183984,22.193,4.819351,22.2198,4.96148796
MM-S02,F-S005,8.0,8.0,9.0,9.0,10.0,10.0,11.0,11.0,12.0,9.661,0.9228790000000001,9.6688,0.9203065600000002,9.6592,0.90825536,9.6482,0.8956367600000001
MM-S02,F-S006,141.0,148.0,153.0,159.0,167.0,175.0,183.0,187.0,195.0,167.326,133.850524,167.2036,138.42254704,167.4248,139.44794496,167.592,137.129136
MM-S02,F-S007,47.0,50.0,52.0,56.0,62.0,68.0,76.0,80.0,92.0,63.1192,89.80099136,62.9758,90.34641436000001,63.242,91.48943600000001,62.9754,93.74399484
MM-S02,F-S008,3.0,3.0,3.0,4.0,4.0,4.0,5.0,5.0,6.0,3.9052,0.40861296,3.9254,0.40863484,3.9192,0.39027135999999996,3.9054,0.4024508400000001
MM-S02,F-S009,18.63157894736842,22.63157894736842,24.94736842105263,29.157894736842106,34.21052631578947,40.10526315789474,45.78947368421053,49.36842105263158,56.94736842105263,34.88854736842106,68.71997055468145,35.11738947368421,69.49361915745153,34.937515789473686,67.80373672066482,34.81023157894737,66.89840567490305
MM-S02,F-S010,1.4807029421891207,1.80974804045337,1.80974804045337,2.138793138717619,2.467838236981868,2.796883335246117,3.125928433510366,3.454973531774615,3.7840186300388643,2.41637558361334,0.2575476855338345,2.420982214989039,0.26540631771428563,2.4146645491023655,0.26858549124812026,2.4068332757636766,0.2510826052330826
MM-S02,F-S011,3.0,5.0,6.0,7.0,9.0,11.0,13.0,14.0,17.0,9.28,8.9212,9.2746,9.303194840000002,9.3066,8.92459644,9.3002,9.34447996
MM-S02,F-S012,803.9922700691122,847.351559311279,869.8819956783453,909.1652625576648,953.9290442626605,1001.6087016171905,1045.0573622472602,1071.6149975990809,1121.4672785580765,957.4303873042821,4610.708029852911,955.7986139064672,4681.818152536865,955.5983661178851,4730.65968726289,955.8255446159385,4692.593955314623
MM-S02,F-S013,0.9699438356399307,1.0189844111745638,1.0464577866954778,1.094073159438185,1.1473992900138912,1.200802592992746,1.253245528287973,1.2829140299428923,1.3428684124779202,1.1478325616093017,0.0063749483047187095,1.1497494109173225,0.006358950982394401,1.14889480029497,0.006513974748533932,1.1475415153230093,0.006627299893105962
MM-S03,F-S001,28.149843260188085,32.909717868338554,35.58307210031348,40.34294670846395,46.34169278996864,52.86206896551724,59.062946708464096,63.16426332288401,71.64075235109718,46.93080877742947,84.08519713697781,46.99288275862069,87.01139065193776,46.95910721003135,86.71707848382935,46.962719498432605,86.76847424022414
MM-S03,F-S002,1.7713829735260957,1.9613044469763163,2.027046495478316,2.2169679689285364,2.531068867326978,2.786732389279198,3.1008332876776397,3.2907547611278605,3.860519181478522,2.5268350794034493,0.20373907097125324,2.5280520377679423,0.19276906455012338,2.5309330004267405,0.19058275483438938,2.525081958110063,0.1961696181332622
MM-S03,F-S003,39.0,40.0,40.0,41.0,43.0,45.0,47.0,48.0,51.0,43.2678,6.983683160000001,43.2786,6.69658204,43.2976,6.643834240000001,43.2724,6.6853982400000005
MM-S03,F-S004,14.0,16.0,17.0,18.0,20.0,21.0,22.0,22.0,23.0,19.3096,4.16214784,19.2878,4.078971159999999,19.312,4.131056,19.2754,4.23715484
MM-S03,F-S005,7.0,8.0,8.0,8.0,9.0,9.0,10.0,10.0,12.0,8.914,0.8174039999999999,8.9268,0.7758417599999999,8.945,0.842775,8.9436,0.82441904
MM-S03,F-S006,125.0,132.0,136.0,142.0,150.0,158.0,165.0,169.0,177.0,149.982,122.18887600000001,150.3116,126.62410543999998,150.2402,123.38250395999998,150.0194,125.25782363999998
MM-S03,F-S007,49.0,53.0,55.0,59.0,65.0,72.0,80.0,84.0,99.0,66.443,102.871151,66.1732,102.22800176000001,66.4578,108.11461916,66.3058,105.93868636
MM-S03,F-S008,3.0,3.0,3.0,3.0,4.0,4.0,5.0,5.0,5.0,3.8326,0.39857724,3.8042,0.40466235999999994,3.8262,0.40319356,3.8246,0.41263484
MM-S03,F-S009,30.651912225705328,35.54545454545455,38.47962382445141,44.0219435736677,50.21630094043886,57.06269592476489,64.23510971786834,68.79937304075234,77.92789968652036,50.942410031347954,103.42111439756445,50.9186106583072,101.65158935393475,50.85621065830721,102.2593662443034,51.05638620689655,103.20553220817558
MM-S03,F-S010,1.685613614419022,1.98353602068843,1.98353602068843,2.093296907208739,2.391219313478147,2.798902606267864,3.206585899057581,3.614269191847298,4.429635777426731,2.5895572354203438,0.30299907775524004,2.594289497642034,0.2881255834679452,2.5798104686973407,0.2896080273501752,2.5966258365122523,0.2951588026209356
MM-S03,F-S011,1.0,2.0,3.0,4.0,6.0,8.0,9.0,10.0,12.0,5.977,5.576871000000001,5.9926,5.8033452400000005,5.926,5.714524000000001,6.0014,5.68899804
MM-S03,F-S012,867.502231817196,913.1995632972536,940.1497584826798,984.5438329291615,1037.0193805327183,1089.6846621714872,1138.5092013170088,1166.8536109303836,1226.2247887462784,1037.822000252361,5925.31486962949,1039.082571987934,5946.257455875485,1037.2401820153386,6085.649237689081,1038.8585425760534,6027.106110975655
MM-S03,F-S013,0.9641712505668265,1.0177835610496637,1.0444924193134992,1.0934327004593758,1.1498590327477771,1.2065613848307408,1.2581790579838732,1.2906685593738294,1.3554170856252827,1.1507724532245025,0.006994274348739208,1.15190659095838,0.006861097697855453,1.1510981486958065,0.007027725350758252,1.1513666370931173,0.007100918262926575
MM-S04,F-S001,31.00368239355581,35.95281933256616,38.86559263521288,44.098273878020706,50.246029919447636,57.089758342922885,63.74016110471805,67.91599539700803,76.24214499424619,50.60783760644418,94.36211849170385,50.98619912543152,95.47571050561986,50.900501726121966,91.78540717055033,51.04116032220942,97.09647633615127
MM-S04,F-S002,1.7355697742789913,1.952250456012719,2.0712123989253546,2.2114175459295344,2.547060170575898,2.7849840564011696,3.141869885139077,3.282075032143257,3.7579228037938,2.5493833273753497,0.18347973211958743,2.550054612624643,0.1908223426875154,2.555822567399578,0.18109998702569993,2.547199525994739,0.1836328026202756
MM-S04,F-S003,90.0,92.0,93.0,95.0,97.0,100.0,103.0,105.0,109.0,97.6422,15.79617916,97.6522,16.36083516,97.6742,15.650854359999997,97.6078,15.77437916
MM-S04,F-S004,49.0,53.0,54.0,57.0,59.0,61.0,63.0,64.0,65.0,58.8734,11.666572439999998,58.8282,11.468284759999998,58.8038,11.668905559999999,58.8374,11.58936124
MM-S04,F-S005,13.0,14.0,14.0,14.0,15.0,16.0,17.0,17.0,19.0,15.1194,1.4399436400000003,15.1212,1.41531056,15.1286,1.4132620400000002,15.1182,1.37422876
MM-S04,F-S006,346.0,358.0,365.0,375.0,388.0,400.0,411.0,417.0,430.0,387.269,315.45663899999994,387.9684,324.23020144,387.7248,328.97586496,387.788,334.20505600000007
MM-S04,F-S007,72.0,77.0,79.0,85.0,92.0,101.0,112.0,120.0,138.0,94.2706,185.52617564,94.2162,177.48545756000001,94.359,196.509719,94.5168,186.06171776
MM-S04,F-S008,3.0,3.0,4.0,4.0,4.0,4.0,5.0,5.0,6.0,4.1836,0.3142910400000001,4.1752,0.33570496,4.2134,0.3474604399999999,4.1962,0.33850556
MM-S04,F-S009,25.962025316455694,30.620253164556967,33.372842347525896,38.348676639815885,44.277330264672045,50.94706559263521,57.299194476409674,61.42807825086307,70.00345224395859,45.06624349827388,90.68147940491716,45.02226559263522,88.49237106039449,44.91904349827388,88.88957816605806,44.90782140391255,86.87409818535355
MM-S04,F-S010,1.6536043555781752,1.886221482050946,1.886221482050946,2.118838608523717,2.3514557349964877,2.8166899879420293,3.0493071144148,3.281924240887571,3.979775620305883,2.5076894881660867,0.23021028044904743,2.4977375206682946,0.21645672676537525,2.501572669118663,0.2244933270077995,2.5010487748946946,0.22463542963815372
MM-S04,F-S011,10.0,12.0,14.0,16.0,19.0,22.0,25.0,26.0,29.0,18.8688,18.135986560000003,18.9582,18.03885276,18.8702,18.14015196,18.9,18.504
MM-S04,F-S012,1086.0686543407592,1123.3821372890075,1141.591106096843,1173.7799810948545,1210.5798908115162,1248.3105243062369,1282.0772512501792,1302.2339100772645,1341.0725154184322,1210.9959992793242,3019.719511054623,1210.8438665063395,2994.877310693473,1211.760363500077,3023.6242327374257,1211.833864810975,2923.6967765121444
MM-S04,F-S013,1.0415975245660833,1.077272462123422,1.0954564014996844,1.1242774681423109,1.158095273448479,1.1926143986678899,1.2244382811961416,1.2439201264231887,1.2822263791741126,1.1595846049010197,0.0025412375390156433,1.1585119497489036,0.002574912781496219,1.159208103493077,0.0026148901560505058,1.15890867515498,0.0025875836870147217
MM-S05,F-S001,46.214285714285715,52.214285714285715,55.785714285714285,62.0,69.35714285714286,77.35714285714286,85.21428571428571,90.07142857142857,99.9292857142856,70.12214285714286,131.21274642857142,69.9386,134.53009330530614,70.02005714285714,128.73590995591837,70.0111,137.02901454510206
MM-S05,F-S002,1.956151991089879,2.151767190198867,2.151767190198867,2.347382389307855,2.542997588416843,2.9342279866348187,3.3254583848527943,3.5210735839617824,3.912303982179758,2.6724557271871707,0.20382477397959187,2.6623228598733255,0.20072066326530616,2.654341759749679,0.18935247551020412,2.654067898470926,0.1878138964285715
MM-S05,F-S003,37.0,38.0,38.0,39.0,41.0,42.0,44.0,46.0,48.0,41.074,6.527724000000001,41.058,6.396236,41.0006,6.02179964,40.9864,6.0978150399999995
MM-S05,F-S004,11.0,13.0,14.0,15.0,17.0,18.0,19.0,19.0,20.0,16.3948,3.60453296,16.4456,3.48144064,16.4424,3.5450822400000006,16.4186,3.5265740399999994
MM-S05,F-S005,6.0,6.0,7.0,7.0,7.0,8.0,8.0,9.0,10.0,7.4,0.6123999999999999,7.3932,0.59019376,7.3914,0.58220604,7.3758,0.6009743600000002
MM-S05,F-S006,113.0,120.0,123.0,130.0,137.0,145.0,152.0,156.0,164.0,137.4818,122.64566876,137.5746,124.24203484,137.744,123.39926400000002,137.637,122.729231
MM-S05,F-S007,73.0,78.0,82.0,87.0,95.0,103.0,115.0,123.0,141.0,96.553,182.06639099999998,96.9348,194.72454896,96.8952,186.16181696,96.9396,198.65635183999999
MM-S05,F-S008,3.0,3.0,3.0,3.0,3.0,4.0,4.0,4.0,5.0,3.461,0.333279,3.4512,0.32161856,3.4662,0.33165756,3.4544,0.32272064000000006
MM-S05,F-S009,4.714285714285714,6.571428571428571,7.857142857142857,10.214285714285714,13.428571428571429,17.071428571428573,21.071428571428573,23.785714285714285,29.285714285714285,13.938942857142859,27.55854957632653,14.042785714285715,26.582801015306124,14.051371428571427,28.84921811918367,14.120157142857142,28.73390205693877
MM-S05,F-S010,1.1736911946539275,1.3693063937629153,1.3693063937629153,1.7605367919808912,1.956151991089879,2.347382389307855,2.7386127875258306,2.9342279866348187,3.5210735839617824,2.0416358331005067,0.25982261479591845,2.0449221684455376,0.2449693454081633,2.041361971821754,0.26358109591836737,2.0420270634987245,0.25233210459183675
MM-S05,F-S011,16.0,20.0,21.0,24.0,27.0,31.0,34.0,36.0,40.0,27.468,25.067776000000002,27.6298,25.38715196,27.4268,26.742241760000006,27.5898,25.98073596
MM-S05,F-S012,1892.4017336629163,1982.726503011706,2034.8536174565295,2118.008939936356,2215.232932719627,2312.278889646551,2400.9989288555516,2454.877986418911,2559.753359472666,2217.1682480531877,20689.411927093504,2216.178189917036,20322.385065145932,2215.5851227798616,20607.479108311003,2217.3297089851117,21146.10211352113
MM-S05,F-S013,1.0165862598022504,1.0619993749289691,1.0892374133424256,1.1326912149107853,1.1812421866121152,1.231384248210024,1.278190703489033,1.3056040459143083,1.361315547221275,1.1820673235594954,0.005572443709376251,1.1829295919990908,0.005341857117394868,1.1841506921241052,0.005482029034568902,1.181060356858734,0.00538967933918755
MM-S06,F-S001,42.30927835051547,48.08247422680412,51.510309278350526,57.21134020618557,64.3556701030928,72.14948453608248,79.5463917525773,84.02061855670104,92.93371134020606,65.11200927835053,119.08100704623128,64.86173402061856,121.61828508032309,65.02253195876288,124.86632511984696,65.06044742268043,118.87647284944627
MM-S06,F-S002,1.8717821978937879,2.0310828104804948,2.150558269920522,2.309858882507229,2.5886349545339633,2.867411026560698,3.1461870985874323,3.4249631706141668,3.8431272786542685,2.6328806996799203,0.1867252640761301,2.6302323269956664,0.18299297343378276,2.630941214721677,0.1789869448215702,2.6374167846233267,0.18273238697858848
MM-S06,F-S003,67.0,69.0,69.0,71.0,73.0,75.0,78.0,80.0,83.0,73.2642,11.834398360000002,73.2268,11.520561759999998,73.2808,11.32275136,73.335,11.637975
MM-S06,F-S004,31.0,34.0,35.0,37.0,39.0,41.0,42.0,43.0,44.0,39.0108,7.817083360000002,38.9572,7.947368160000001,39.0024,7.74879424,38.9888,7.594274560000001
MM-S06,F-S005,9.0,10.0,10.0,10.0,11.0,12.0,12.0,13.0,14.0,11.0368,0.9270457599999998,11.0466,0.9088284400000001,11.0288,0.9075705600000001,11.0452,0.9295569600000001
MM-S06,F-S006,241.0,251.0,256.0,266.0,276.0,287.0,296.0,302.0,313.0,276.652,239.843696,276.2632,249.18672576,276.1898,240.54057596,276.307,235.55435099999997
MM-S06,F-S007,89.0,95.0,98.0,105.0,114.0,125.0,138.0,148.0,170.0,116.9088,294.29208256,116.6866,288.32798044,116.5254,281.91135484,116.2804,281.36697583999995
MM-S06,F-S008,3.0,3.0,3.0,3.0,4.0,4.0,4.0,5.0,5.0,3.8244,0.35596464000000005,3.8326,0.34457724,3.814,0.349404,3.8112,0.35275456
MM-S06,F-S009,10.855670103092786,13.819587628865982,15.623711340206185,19.022551546391753,23.35567010309278,28.252577319587626,33.27835051546392,36.56443298969072,43.266108247422586,24.082461340206187,50.626813057810345,24.06112113402062,48.228991017742324,23.972525773195876,48.504937854713575,23.93265463917526,48.03736763404719
MM-S06,F-S010,1.289662839873208,1.6413890689295378,1.6560443284735513,1.839235072773723,2.1909613018300527,2.557342790430396,2.9237242790307394,3.106915023330911,3.6564872562314257,2.250054239363425,0.2407224147680413,2.250171481439777,0.2278467534278351,2.254006762862445,0.23806417663015467,2.242124278424159,0.22817323255798974
MM-S06,F-S011,19.0,22.0,24.0,27.0,31.0,35.0,38.0,40.0,44.0,31.0006,29.900999640000002,31.0642,29.977278359999996,30.9696,30.49627584,30.8214,30.309102040000003
MM-S06,F-S012,1714.9910803458595,1772.704935234453,1805.0165207848356,1858.6851351014302,1920.7204148653145,1983.1895955271034,2039.9615799800467,2074.008107665447,2137.55142035251,1919.4326137595608,8262.496341038062,1922.1694090329229,8411.08996020927,1922.384834087795,8357.567931300739,1923.3764857445963,8526.6939056762
MM-S06,F-S013,1.0554686398403723,1.0895759893581645,1.1087978051213834,1.1402710342534086,1.1766927169936814,1.2127968074492852,1.2464567675424012,1.2689487861656135,1.3081060857998004,1.1764756551380113,0.0029635071518300748,1.177180911872298,0.0028837180755045674,1.177249773860991,0.002945688992320778,1.1780915922846693,0.002946245091208782
MM-S07,F-S001,42.14658064516129,47.748387096774195,51.18064516129031,57.141935483870974,64.36774193548388,71.95483870967743,79.54193548387097,84.23870967741938,93.63406451612876,65.05292903225806,126.45354968507804,64.81097290322582,123.18268850278295,64.85028129032258,121.22196221432009,65.0296258064516,124.73942556237252
MM-S07,F-S002,1.849015565319569,1.8935701572549801,2.160897708867448,2.2054523008028593,2.5173344443507384,2.8292165878986175,3.4084262830589647,3.4084262830589647,4.0321905701547225,2.6661022268230767,0.24530358114143927,2.6683121345830734,0.23875650628287848,2.6520318866898744,0.23420558165756833,2.6588665610927658,0.22683833734987602
MM-S07,F-S003,16.0,17.0,17.0,18.0,19.0,20.0,22.0,22.0,24.0,19.3994,3.0186796399999998,19.4108,2.9488433599999997,19.3548,2.90531696,19.3788,2.8273105600000004
MM-S07,F-S004,2.0,2.0,3.0,4.0,4.0,5.0,5.0,6.0,6.0,4.224,1.1514240000000002,4.2138,1.14448956,4.2226,1.08944924,4.2034,1.11122844
MM-S07,F-S005,4.0,4.0,4.0,4.0,5.0,5.0,6.0,6.0,7.0,4.8172,0.42938415999999996,4.8198,0.41372796,4.8324,0.40951023999999997,4.8282,0.4206847600000001
MM-S07,F-S006,40.0,44.0,46.0,50.0,55.0,60.0,64.0,67.0,72.0,54.9184,48.833741440000004,55.0442,47.878646360000005,54.979,47.858159,54.968,48.504576
MM-S07,F-S007,65.0,69.0,72.0,78.0,86.0,96.0,107.0,115.0,132.0,88.3224,200.99085824,88.2304,202.08691584000002,88.079,189.60675899999998,88.3948,199.73293296
MM-S07,F-S008,2.0,3.0,3.0,3.0,3.0,3.0,4.0,4.0,5.0,3.2158,0.26203036,3.2236,0.27160303999999996,3.2208,0.26004735999999995,3.2152,0.26248896000000005
MM-S07,F-S009,10.212903225806452,13.309677419354836,14.858064516129032,18.264516129032256,22.29032258064516,26.935483870967744,31.890322580645165,35.29677419354839,41.800000000000004,22.831329032258065,45.51562702451613,22.94683870967742,46.484084678459936,23.090776774193547,46.783025342095314,23.072691612903228,45.43490906156754
MM-S07,F-S010,1.4236038656660817,1.4236038656660817,1.7920660426620083,1.825562604207093,2.227521342748104,2.6294800812891155,3.0314388198301265,3.4333975583711385,3.8353562969121495,2.240417518942962,0.2917802805049089,2.253193107516257,0.29919666876858353,2.2522619031053037,0.2904503450659187,2.2554708737013223,0.3038103524712483
MM-S07,F-S011,1.0,3.0,3.0,5.0,6.0,8.0,10.0,11.0,13.0,6.4136,6.37333504,6.381,6.155439000000001,6.363,6.225231000000001,6.4576,6.04580224
MM-S07,F-S012,1477.0398106409718,1595.3379891076665,1664.6384834520316,1781.8793674067867,1918.7018014243822,2056.81642228739,2186.397612065354,2268.720988688731,2434.3039974863846,1922.4736468873066,41011.58625851693,1923.6219040469211,43081.97995431949,1922.9078886971095,42292.87499168016,1922.386325999162,41167.76410988811
MM-S07,F-S013,0.9051403435274402,0.9818181818181817,1.0252869710934225,1.0938625890238793,1.1731881022203603,1.2608294930875577,1.3395056556346878,1.3844155844155843,1.4752542940930014,1.1733171009635528,0.01471283773583548,1.1795198324256388,0.015506019285873895,1.178821013824885,0.015263030565476137,1.1787719815668205,0.01494472410221643
PB-S01,F-S001,22.979238754325262,27.183391003460212,29.61245674740485,33.97231833910036,39.3287197231834,45.463667820069205,51.28719723183391,55.117647058823536,62.591695501730115,39.98788719723184,72.58670719938269,39.896404844290664,73.69019302066549,40.18199446366782,74.29898274095187,39.96142906574395,70.3347945713174
PB-S01,F-S002,1.6911764705882364,1.823529411764707,1.9558823529411775,2.147058823529411,2.411764705882352,2.7500000000000013,3.0147058823529425,3.2794117647058836,3.808823529411766,2.475908823529412,0.19820806677335656,2.4728911764705885,0.19832060476643615,2.4836705882352943,0.1961633676124569,2.474458823529412,0.1924050012456749
PB-S01,F-S003,75.0,76.0,77.0,79.0,81.0,84.0,86.0,88.0,92.0,81.6322,14.20292316,81.5962,13.732345559999999,81.6788,13.753630560000001,81.6044,13.285100639999998
PB-S01,F-S004,39.0,42.0,44.0,46.0,48.0,50.0,52.0,52.0,54.0,47.9486,9.57555804,47.977,9.812470999999999,47.8748,9.843524960000002,47.9504,9.794739839999998
PB-S01,F-S005,13.0,13.0,14.0,14.0,15.0,16.0,17.0,17.0,19.0,14.9844,1.51975664,15.0096,1.5047078399999998,15.0108,1.50028336,15.0032,1.53238976
PB-S01,F-S006,284.0,295.0,300.0,310.0,320.0,331.0,341.0,347.0,358.0,320.2388,256.44417456,320.4954,248.08117884,321.1674,262.54897724,320.4758,256.42181436
PB-S01,F-S007,54.0,57.0,59.0,63.0,69.0,77.0,85.0,91.0,104.0,71.2118,111.99254076,70.7284,108.50623344,71.1956,115.04134064000002,71.056,116.35286400000001
PB-S01,F-S008,3.0,4.0,4.0,4.0,4.0,5.0,5.0,5.0,6.0,4.3428,0.39688816,4.34,0.3856,4.342,0.39543599999999995,4.3472,0.39745216000000005
PB-S01,F-S009,25.216435986159162,30.044982698961935,32.692041522491344,37.36332179930796,43.28027681660901,49.82006920415226,56.51557093425605,60.56401384083044,68.6624567474046,44.133065743944634,88.2569744143868,44.01497577854671,87.19574454826929,44.029238754325256,84.47854321068951,44.02241868512111,89.0990480664623
PB-S01,F-S010,1.6491702471036929,1.7369587773677673,2.019136196073722,2.2135250845156027,2.495702503221558,2.865668452191587,3.1478458708975423,3.4300232896034974,3.9943781270154073,2.505267690654759,0.24196004069046873,2.4978683716753585,0.23226774531456432,2.502672912524525,0.24307922088078016,2.5019304723828633,0.23765611645800572
PB-S01,F-S011,5.0,7.0,8.0,10.0,13.0,15.0,17.0,19.0,22.0,12.7952,12.543256959999999,12.8892,12.17212336,12.7914,12.67908604,12.7702,12.579791960000001
PB-S01,F-S012,668.7572091656523,697.3830802144489,712.7481511577004,738.0520972636175,765.9171559132369,794.8149748430313,821.8737977727538,838.7495929608463,871.0766297158073,766.9577936402943,1760.2981176968676,766.6121605878155,1882.8263093792893,767.2990080454324,1843.1824227411416,766.419533604193,1812.6469719912984
PB-S01,F-S013,0.9962549099566423,1.0372615485178676,1.0580829130510396,1.0946009966837178,1.1354308468213465,1.1767277050487848,1.2140381282495667,1.2382540344101756,1.2827258280210847,1.1370667136423334,0.0037078560771590077,1.1351753413731687,0.00370551428017194,1.1360320126174643,0.003759103080199219,1.1364663754175337,0.0037741784982299378
PB-S02,F-S001,25.627237354085604,30.31750972762645,32.98677042801556,37.63891050583657,43.358754863813225,49.45992217898832,55.63735408560311,59.29805447470817,67.42023346303502,43.9278259922179,80.00474225006224,43.93414832684825,78.5465768346189,43.90440513618677,79.15717810256484,43.73936093385214,78.4576199666251
PB-S02,F-S002,1.683152751115251,1.8288673885792923,1.9745820260433338,2.2511424604138623,2.4117259384354575,2.70315521336354,3.1254302851981097,3.286013763219705,3.7231576756118283,2.4983196868281703,0.190612254964273,2.502489504474131,0.1891300454725857,2.5064220154247936,0.19508282810010605,2.500364449781645,0.19136248561867697
PB-S02,F-S003,62.0,64.0,65.0,66.0,68.0,70.0,73.0,75.0,78.0,68.496,11.022384,68.568,10.911375999999999,68.5266,11.240492439999999,68.5126,11.20184124
PB-S02,F-S004,30.0,33.0,34.0,36.0,38.0,40.0,41.0,42.0,43.0,37.5386,7.76091004,37.5536,7.67312704,37.4826,8.05249724,37.5616,7.525005440000001
PB-S02,F-S005,11.0,11.0,11.0,12.0,12.0,13.0,14.0,15.0,16.0,12.6206,1.2162556400000002,12.6334,1.15660444,12.6026,1.16707324,12.6582,1.2021727599999998
PB-S02,F-S006,228.0,238.0,243.0,252.0,262.0,272.0,281.0,286.0,297.0,262.1034,223.22190844,261.6046,210.30305883999998,261.8054,220.66313083999995,261.9538,217.42166556
PB-S02,F-S007,58.0,61.0,64.0,68.0,75.0,83.0,92.0,98.0,113.0,76.4774,133.96508924000003,76.6952,135.51149696,76.6162,139.16769756,76.646,134.148684
PB-S02,F-S008,3.0,3.0,4.0,4.0,4.0,4.0,5.0,5.0,6.0,4.1656,0.36777664000000004,4.1622,0.39149116000000006,4.1772,0.40020016,4.164,0.381504
PB-S02,F-S009,22.68482490272374,27.26070038910506,29.87548638132296,34.451361867704286,40.33463035019455,46.70817120622569,52.9182879377432,56.84046692607005,64.68482490272373,40.723350972762645,82.0760594201057,41.06369805447471,85.06483698472104,41.10069727626459,81.23038272505808,40.925702723735405,81.27542086464051
PB-S02,F-S010,1.6670240988401144,1.804794685521115,1.9563423308702168,2.0941129175512176,2.38343114958132,2.824297026960524,3.1136152589906265,3.402933491020729,3.981569955080934,2.4671267809900286,0.24318758185441774,2.4682289456834763,0.24774637467970015,2.4822319481137334,0.2376403951864857,2.465159417012224,0.23939793169972476
PB-S02,F-S011,5.0,7.0,8.0,10.0,12.0,14.0,17.0,18.0,21.0,12.2278,12.018307159999999,12.1808,12.028511360000001,12.1438,11.743121559999999,12.2462,11.85998556
PB-S02,F-S012,795.9745692159496,829.2331567949273,848.1069963061567,879.324538648827,915.3191912986097,951.7717743342359,985.5256513527659,1005.7347617584817,1042.8005928732334,915.6111658080566,2802.863731710656,916.7162932403427,2857.0182116756046,916.5664434159328,2896.1709081361714,915.658029383879,2845.8528359188886
PB-S02,F-S013,0.9971556647780282,1.0382657898529288,1.0611862015609712,1.0996427514961202,1.1431800426271037,1.1893151599274887,1.2296819653977138,1.2546628135405524,1.3006641333120952,1.1443319005468708,0.004315001065186175,1.145179240903816,0.004328130357187675,1.1446879225734028,0.0042591747813581545,1.1447385471894176,0.004396952097179188
PB-S03,F-S001,28.895364238410593,33.66887417218543,36.47682119205298,41.46092715231788,47.498013245033114,54.02649006622516,60.62516556291391,64.55629139072846,72.55894039735098,48.06909350993377,90.95045184084319,48.35359470198675,91.21101968774,47.897977218543055,86.5179123421958,47.97528,86.38306932509107
PB-S03,F-S002,1.6752030287812782,1.8720672428065728,2.0652170376993144,2.262081251724609,2.4626598848824557,2.852673893800492,3.053252526958339,3.4469809550089274,3.840709383059516,2.537741667460224,0.2101419091479028,2.547000971473851,0.2035127179779249,2.536647399583773,0.20336703144315665,2.536018919866546,0.19960396799061803
PB-S03,F-S003,36.0,37.0,38.0,39.0,40.0,42.0,44.0,45.0,48.0,40.7704,6.630083840000001,40.7862,6.490889559999999,40.7022,6.600715159999998,40.7196,6.434975840000001
PB-S03,F-S004,12.0,14.0,15.0,16.0,18.0,19.0,20.0,20.0,21.0,17.534,3.8032440000000003,17.483,3.9561109999999995,17.5186,3.75765404,17.5084,3.74192944
PB-S03,F-S005,7.0,7.0,8.0,8.0,8.0,9.0,10.0,10.0,11.0,8.4994,0.7495996399999999,8.5208,0.78116736,8.4914,0.7799260399999999,8.521,0.812359
PB-S03,F-S006,117.0,124.0,128.0,135.0,142.0,149.0,156.0,160.0,168.0,142.1186,116.97693404,141.8426,117.19102524000002,142.0332,118.40249775999999,141.8168,118.04523776
PB-S03,F-S007,57.0,61.0,63.0,68.0,75.0,83.0,93.0,100.0,115.0,76.7482,147.32759676,76.7316,151.20316143999997,76.802,151.116796,76.8986,152.32911804
PB-S03,F-S008,3.0,3.0,3.0,3.0,4.0,4.0,5.0,5.0,5.0,3.7802,0.42388796,3.777,0.4240710000000001,3.7978,0.4093151599999999,3.7852,0.40226096
PB-S03,F-S009,23.152317880794698,27.602649006622514,30.105960264900663,34.834437086092706,40.397350993377486,46.516556291390735,52.913907284768214,56.80794701986755,64.59880794701944,41.147565562913904,78.42065138591468,41.108235761589405,79.2151418068962,40.857904635761585,81.2486382395088,41.081756291390725,81.49969713771152
PB-S03,F-S010,1.581675064713858,1.8153316083647686,1.959120250611483,2.192776794262394,2.336565436509108,2.7140106224067333,3.3251123519552697,3.3251123519552697,4.08000272375052,2.5082239123392918,0.2780721174737522,2.490969275269686,0.25702955633661767,2.4911382269243263,0.2652065256016799,2.4900741909717006,0.2714510532579551
PB-S03,F-S011,2.0,3.0,4.0,5.0,7.0,9.0,11.0,12.0,14.0,7.1758,6.96169436,7.1972,6.761512160000001,7.1478,6.92395516,7.1248,6.80082496
PB-S03,F-S012,893.6141185012432,946.8175304173726,975.7747915337395,1023.3166707003145,1079.0802292578821,1135.6328243603,1189.0934995929683,1222.5585537171899,1282.8186134518494,1081.0779821170051,7208.620051419027,1078.9973994917602,6898.13209123123,1081.6928991573343,6882.833383410153,1080.876271705793,6797.288682232928
PB-S03,F-S013,0.9615177883874942,1.0152581901388311,1.0464016193263075,1.0952564300015402,1.1531209434335878,1.2114694946205804,1.2652856922839981,1.298893313678467,1.3565414402323375,1.153459356229786,0.00715041358750403,1.157621744296055,0.007306334589364481,1.1528409935975008,0.007247245154804327,1.1530830146751447,0.007357907954571296
PB-S04,F-S001,30.428571428571427,35.26857142857143,38.03428571428571,43.0,49.160000000000004,56.01142857142856,62.611428571428576,66.82285714285715,75.18348571428561,49.87557828571428,90.29993053497337,49.93825942857143,95.07909961204373,49.719415999999995,92.96718685241336,49.980222857142856,94.37818647768162
PB-S04,F-S002,1.707211594551603,1.8931455305918767,2.0114671262538697,2.265013402672424,2.4509473387126977,2.822815210793245,3.1270707424955115,3.380617018914066,3.752484890994613,2.5420989153936784,0.1866844757828571,2.5523692298971388,0.19655982855999996,2.535844773908687,0.19396105406857136,2.549908140707369,0.19825401681142854
PB-S04,F-S003,40.0,41.0,42.0,43.0,44.0,46.0,48.0,50.0,52.0,44.7822,6.783563159999999,44.7818,7.003388759999999,44.6968,7.073269759999999,44.8176,7.1371302399999985
PB-S04,F-S004,14.0,16.0,17.0,19.0,20.0,22.0,23.0,23.0,24.0,20.112,4.3218559999999995,20.0612,4.54385456,20.1128,4.29167616,20.0972,4.37655216
PB-S04,F-S005,7.0,8.0,8.0,8.0,9.0,9.0,10.0,10.0,11.0,8.9208,0.8057273599999999,8.9408,0.8292953599999999,8.8962,0.8194255599999999,8.904,0.7935840000000002
PB-S04,F-S006,133.0,140.0,144.0,151.0,159.0,166.0,174.0,178.0,186.0,158.7244,128.12164463999997,158.7484,128.64029744,158.7402,134.88110396,158.7886,128.50791003999998
PB-S04,F-S007,61.0,65.0,68.0,73.0,80.0,88.0,98.0,106.0,123.0,81.4788,166.07515056,81.6948,166.74445296,81.7002,168.83271996000002,81.8984,166.44487744
PB-S04,F-S008,3.0,3.0,3.0,3.0,4.0,4.0,5.0,5.0,5.0,3.8146,0.39942683999999995,3.8054,0.40033083999999997,3.8156,0.39559664,3.8126,0.40428124000000004
PB-S04,F-S009,22.96,27.52,30.159999999999997,34.66,40.24,46.71999999999999,52.959999999999994,56.8,65.20239999999961,41.151664,82.347565711104,41.07476799999999,82.599086866176,40.887136,80.79815963750399,41.12833599999999,80.90022747110399
PB-S04,F-S010,1.636176387414177,1.8699158713304884,1.9867856132886434,2.220525097204955,2.3373948391631103,2.6880040650375765,3.038613290912043,3.3892225167865098,4.090440968535443,2.493392570728856,0.2738141711609756,2.489278755811929,0.2566307880585366,2.480887508339334,0.26054897584390235,2.498862074652498,0.26796384405853657
PB-S04,F-S011,2.0,4.0,5.0,6.0,8.0,10.0,12.0,13.0,15.0,8.2942,8.073246359999999,8.2654,8.21336284,8.2872,7.88231616,8.3068,8.26707376
PB-S04,F-S012,980.9529817437577,1034.1633381088823,1062.3493900941467,1110.4691015145313,1165.0828694228408,1221.586058125256,1273.502969300041,1306.0167237003684,1369.6288599263198,1166.8263129021693,6803.161108529064,1167.5594544363487,6884.101059949133,1168.3657670699959,6950.585394757686,1165.6899689873107,6852.070020670045
PB-S04,F-S013,0.9769051166598446,1.0284486287351617,1.0566393778141627,1.102267703643062,1.1549815800245602,1.2085223086369217,1.2592386410151455,1.292705689725747,1.3501841997544002,1.1554006729431026,0.006363174525838929,1.1573358542775276,0.006497391771558785,1.1573538338108884,0.0063889071347168905,1.1563620515759314,0.006313427369915353
PB-S05,F-S001,33.38860759493671,38.84050632911392,41.75316455696201,46.90632911392404,53.329113924050624,60.199999999999996,67.07088607594936,71.32784810126581,79.69240506329115,53.89369164556961,99.55492474624427,53.945761012658224,100.49368259948497,53.930973670886075,96.63033866664215,53.96650810126583,98.86890255774082
PB-S05,F-S002,1.7733903314550008,1.9753788055010337,2.0643906754196246,2.2663791494656573,2.4683676235116905,2.8723445716037563,3.187309649777231,3.478309993741855,3.8822869418339208,2.5836701762707746,0.20142800065213315,2.5745971278993034,0.20081995718893575,2.571878842333328,0.19411335537927799,2.583019704913677,0.1981311613647445
PB-S05,F-S003,35.0,36.0,36.0,37.0,39.0,40.0,42.0,43.0,46.0,38.9642,6.178918360000001,38.9252,6.07160496,38.891,5.943119,38.9456,6.158240639999999
PB-S05,F-S004,11.0,13.0,13.0,15.0,16.0,17.0,18.0,19.0,19.0099999999984,15.967,3.502711,15.9296,3.54424384,15.9386,3.44203004,15.916,3.4401439999999996
PB-S05,F-S005,7.0,7.0,7.0,7.0,8.0,8.0,9.0,9.0,10.0,7.8882,0.6645007600000001,7.89,0.6755000000000001,7.8706,0.68025564,7.8802,0.6886479600000001
PB-S05,F-S006,108.0,116.0,120.0,126.0,133.0,141.0,147.0,151.0,159.0,133.3744,116.07862464,133.33,118.7367,133.2844,111.68911664,133.5134,120.10742044000001
PB-S05,F-S007,64.0,68.0,71.0,77.0,84.0,93.0,104.0,112.0,131.0,85.798,180.088396,86.301,192.244399,86.3718,192.34116476,86.725,189.229375
PB-S05,F-S008,3.0,3.0,3.0,3.0,4.0,4.0,4.0,5.0,5.0,3.6606,0.37940764,3.6508,0.39525935999999995,3.6528,0.3886521600000001,3.668,0.388176
PB-S05,F-S009,20.68354430379748,25.12658227848102,27.348101265822798,31.791139240506343,37.22151898734178,43.39240506329115,49.563291139240505,53.265822784810126,61.1645569620253,38.163492405063295,77.80089360313886,38.09235443037976,75.96935702355385,37.85628101265823,72.22888495842967,37.988732911392404,77.10191082710936
PB-S05,F-S010,1.4601068654819693,1.7430025706691012,1.8160079139431993,2.0989036191303314,2.4548046675915614,2.8107057160527913,3.1666067645140212,3.522507812975251,3.8784088614364816,2.462479354303251,0.2806173983177882,2.4550364595564567,0.2670389036342439,2.457578870635977,0.270334142571619,2.452848124391815,0.2608155590139907
PB-S05,F-S011,2.0,4.0,5.0,6.0,8.0,10.0,12.0,13.0,15.0,8.0456,7.92272064,8.1648,7.883640960000001,8.107,7.920350999999998,8.0906,7.77559164
PB-S05,F-S012,1125.3924689572034,1188.2782459312841,1221.1921719911593,1281.797616536066,1349.2498643761303,1416.5981012658226,1479.881418525216,1518.13390596745,1594.4736576250748,1349.1319504802088,10124.305998946085,1350.9421561744023,10206.99909115846,1351.9296818404662,10184.257923705829,1348.6840131304,10207.50101586491
PB-S05,F-S013,0.9803077154912596,1.0288426763110308,1.0568213783403655,1.1067209162145872,1.1623869801084992,1.220253164556962,1.2722021297970663,1.304751858549327,1.3655664054651389,1.164854486638537,0.007009284098195545,1.1639473417721518,0.007121073550207733,1.1625660839863372,0.007074262963622619,1.1630152843078159,0.0069430298473526775
PB-S06,F-S001,33.7020618556701,38.99381443298969,41.85257731958763,47.144329896907216,53.53092783505155,60.46494845360825,67.27731958762887,71.59891752577315,79.86804123711339,54.27993587628866,100.2004953884272,54.059008247422675,98.50744042188967,54.21844206185567,98.88939810908126,54.12913917525774,100.23883521136676
PB-S06,F-S002,1.8012367945588241,1.9835231940081735,2.02677759387751,2.2090639933268594,2.530382392356221,2.755923191674907,3.120495990573606,3.302782390022955,3.8496415883710027,2.5797084741272167,0.1966654409026346,2.576246886297673,0.19472221375486828,2.5815060034017865,0.1876800781882398,2.5750913759011635,0.18928824692019858
PB-S06,F-S003,41.0,43.0,43.0,44.0,46.0,48.0,50.0,51.0,54.0,46.3182,7.248948759999999,46.2688,7.23734656,46.3498,7.02423996,46.2656,7.118256640000001
PB-S06,F-S004,15.0,17.0,18.0,19.0,21.0,22.0,23.0,24.0,25.0,20.773,4.3878710000000005,20.7426,4.560745239999999,20.7942,4.4170463600000005,20.7774,4.434649240000001
PB-S06,F-S005,7.0,8.0,8.0,8.0,9.0,9.0,10.0,10.0,11.0,8.787,0.759631,8.823,0.7320709999999999,8.8026,0.7720332400000001,8.8262,0.78559356
PB-S06,F-S006,137.0,144.0,148.0,155.0,163.0,171.0,179.0,183.0,191.0,163.3158,136.16407036,163.6822,138.10320316,163.571,140.719359,163.3994,138.82427964
PB-S06,F-S007,65.0,69.0,72.0,77.0,84.0,93.0,103.0,110.0,127.0,86.0132,166.65262575999998,86.0872,166.97439616,86.2012,169.09231856,86.1886,173.94823004
PB-S06,F-S008,3.0,3.0,3.0,3.0,4.0,4.0,4.0,5.0,5.0,3.747,0.38659099999999996,3.7546,0.39437884,3.753,0.392391,3.741,0.387119
PB-S06,F-S009,17.927835051546392,21.716494845360828,24.061855670103093,28.21134020618556,33.26288659793815,39.0360824742268,44.62886597938145,48.77835051546392,55.81443298969073,33.98067525773196,66.04653905832183,33.97118556701031,65.47751041290255,33.887402061855674,67.50262072653842,33.9683350515464,68.41313626716443
PB-S06,F-S010,1.5497608336775612,1.8022499582654787,1.8544890874905648,2.1069782120784826,2.411706465891486,2.71643471970449,3.021162973517493,3.325891227330497,3.9353477349565043,2.393264311970723,0.24879844062765313,2.39292475763076,0.23695582839296545,2.398867829232267,0.25439546352637965,2.40073450744991,0.2600707774378411
PB-S06,F-S011,4.0,6.0,7.0,9.0,11.0,13.0,15.0,17.0,19.0,11.14,10.887199999999998,10.9566,11.12311644,11.0102,11.16289596,11.0552,10.52295296
PB-S06,F-S012,1149.6572414688724,1205.8079397426675,1235.3473267801487,1287.350322331442,1348.242278030848,1411.5619422467298,1467.655535576334,1502.257184195104,1568.0897495271583,1350.7941984762515,8086.126678496963,1349.7916649005035,8212.299055791214,1349.7545640933429,8293.501615436911,1350.6854132915103,8337.785386467176
PB-S06,F-S013,0.9943968272996083,1.043572018434162,1.0691281067689604,1.1124630384400225,1.1609992274700978,1.2138309491462214,1.261071818641946,1.2915860838061748,1.3459269026878713,1.1640146247902183,0.0058505086972883225,1.162814707371001,0.005864673622307187,1.1640536855004127,0.005489124579522645,1.163574489197901,0.00560760181864039
PB-S07,F-S001,40.84736305732484,47.136178343949034,50.43821656050957,56.21995753715498,63.3104033970276,70.92823779193205,78.05774946921443,82.72709129511678,91.90853503184684,63.89598437367303,119.19847600884123,63.780083906581744,119.16175253015882,64.12030029723991,117.791263251505,63.777712611464956,121.49084319840348
PB-S07,F-S002,1.8871896758438107,2.012110032637253,2.114723182860439,2.319949483306811,2.605481727406112,2.83301523442274,3.1408546850922976,3.3460809855386695,3.8368395300843425,2.6136077966155242,0.17153866843232476,2.6233917374172395,0.18126381752866236,2.626984089963314,0.1701277598694267,2.60958357655025,0.1712016342285031
PB-S07,F-S003,118.0,120.0,121.0,123.0,126.0,129.0,132.0,134.0,139.0,126.2234,19.65829244,126.3594,20.656231639999994,126.351,19.328198999999998,126.245,19.914574999999996
PB-S07,F-S004,69.0,73.0,75.0,78.0,80.0,83.0,84.0,85.0,87.0,79.8064,15.02611904,79.9074,15.54122524,79.797,15.399391,79.9212,14.75259056
PB-S07,F-S005,14.0,15.0,15.0,15.0,16.0,17.0,18.0,18.0,20.0,16.175,1.4115750000000002,16.1656,1.4217766399999996,16.186,1.4430040000000002,16.1656,1.34017664
PB-S07,F-S006,462.0,477.0,484.0,497.0,511.0,526.0,539.0,547.0,561.0,511.415,442.348375,511.3268,446.74120175999997,512.1524,448.4883742400001,510.6946,453.60493084000007
PB-S07,F-S007,96.0,101.0,105.0,111.0,120.0,132.0,145.0,154.0,174.0,123.218,284.65567599999997,122.5786,271.78662203999994,122.9224,273.53357824,122.7766,270.08709244
PB-S07,F-S008,3.0,3.0,4.0,4.0,4.0,4.0,5.0,5.0,6.0,4.098,0.27919599999999994,4.0976,0.29447423999999994,4.0968,0.28822976,4.0876,0.27352624
PB-S07,F-S009,11.516631280962491,14.607926397735314,16.48478414720453,19.944090587402687,24.286624203821653,29.181174805378625,34.14932767162066,37.38782731776362,44.34324133050248,24.936200990799716,48.80977043663204,24.79018881811748,47.63641119132159,24.97571068648266,50.489677383695415,24.95583807501769,48.80799210693913
PB-S07,F-S010,1.4312358128119358,1.6121355066245968,1.7079059327607116,1.8888056265733724,2.1654757465221484,2.5379162926070387,2.8571510463940872,3.1338211663428632,3.5488263462660266,2.259369072305995,0.21939735405973107,2.2623358272845224,0.21034864987855625,2.2676074571853926,0.2240821667555556,2.2640086173943668,0.2203261608311394
PB-S07,F-S011,38.0,43.0,45.0,49.0,54.0,59.0,63.0,66.0,72.0,54.1874,49.67188124,54.2544,52.49328064,54.3576,51.75052224,54.1524,53.40957424
PB-S07,F-S012,1719.141507461071,1759.806002888997,1783.6139487839546,1821.0008077062646,1864.2218392947718,1909.42674056565,1952.218188051461,1975.873555551546,2023.4045165891791,1866.3285922476236,4422.856544078095,1866.6716153854634,4206.544274384845,1866.6937756831041,4260.239384862093,1865.213759014533,4309.663882381009
PB-S07,F-S013,1.083163421807618,1.1105839342888477,1.1248624167734251,1.1490690452275412,1.1764724161920168,1.2035600223741902,1.2289244550300829,1.2442556872745791,1.2722989580764612,1.1761762548893422,0.0016349063803314302,1.1762705410504242,0.0016587868536860825,1.1770468474645592,0.0016834230698110297,1.1771190180617455,0.0016048103550805812
