control,scenario,effect,model_id,n_scored,mean_d,cum_d,log_e_main,m15_lift
positive,A,0.5,F-M001,400,0.077194,30.878,30.878,0.1270
positive,A,0.5,F-M002,400,0.050939,20.376,20.376,0.1387
positive,A,0.5,F-M003,400,0.003126,1.250,1.250,0.0640
positive,A,0.5,F-M004,400,0.064119,25.648,25.648,0.0850
positive,A,1.0,F-M001,400,0.171672,68.669,68.669,0.2075
positive,A,1.0,F-M002,400,0.163038,65.215,65.215,0.2145
positive,A,1.0,F-M003,400,0.018875,7.550,7.550,0.0838
positive,A,1.0,F-M004,400,0.173706,69.482,69.482,0.2063
positive,A,2.0,F-M001,400,0.547344,218.938,218.938,0.3545
positive,A,2.0,F-M002,400,0.501300,200.520,200.520,0.3358
positive,A,2.0,F-M003,400,0.060213,24.085,24.085,0.1620
positive,A,2.0,F-M004,400,0.551237,220.495,220.495,0.3615
positive,B,0.5,F-M001,400,-0.024530,-9.812,-9.812,-0.0247
positive,B,0.5,F-M002,400,-0.094094,-37.638,-37.638,-0.0492
positive,B,0.5,F-M003,400,0.175699,70.280,70.280,0.2705
positive,B,0.5,F-M004,400,0.184616,73.846,73.846,0.2588
positive,B,1.0,F-M001,400,-0.033680,-13.472,-13.472,-0.0620
positive,B,1.0,F-M002,400,-0.114373,-45.749,-45.749,-0.1308
positive,B,1.0,F-M003,400,0.577671,231.068,231.068,0.4513
positive,B,1.0,F-M004,400,0.599368,239.747,239.747,0.4408
positive,B,2.0,F-M001,400,-0.032801,-13.121,-13.121,-0.0958
positive,B,2.0,F-M002,400,-0.131205,-52.482,-52.482,-0.2743
positive,B,2.0,F-M003,400,1.759894,703.958,703.958,0.7687
positive,B,2.0,F-M004,400,1.817391,726.956,726.956,0.7652
positive,C,0.5,F-M001,400,-0.016961,-6.784,-6.784,0.0337
positive,C,0.5,F-M002,400,-0.016477,-6.591,-6.591,0.0745
positive,C,0.5,F-M003,400,0.048032,19.213,19.213,0.1048
positive,C,0.5,F-M004,400,0.056209,22.484,22.484,0.0663
positive,C,1.0,F-M001,400,-0.005036,-2.014,-2.014,0.0535
positive,C,1.0,F-M002,400,-0.002862,-1.145,-1.145,0.0687
positive,C,1.0,F-M003,400,0.261360,104.544,104.544,0.2297
positive,C,1.0,F-M004,400,0.449105,179.642,179.642,0.2565
positive,C,2.0,F-M001,400,0.027259,10.904,10.904,0.0908
positive,C,2.0,F-M002,400,0.140463,56.185,56.185,0.1958
positive,C,2.0,F-M003,400,1.499191,599.676,599.676,0.5890
positive,C,2.0,F-M004,400,2.141789,856.715,856.715,0.5505
positive,D,1.0,F-M001,400,0.160809,64.324,64.324,0.2157
positive,D,1.0,F-M002,400,0.109804,43.922,43.922,0.1842
positive,D,1.0,F-M003,400,0.001238,0.495,0.495,0.0232
positive,D,1.0,F-M004,400,0.146715,58.686,58.686,0.1947
positive,D,2.0,F-M001,400,0.571455,228.582,228.582,0.3452
positive,D,2.0,F-M002,400,0.582930,233.172,233.172,0.3650
positive,D,2.0,F-M003,400,0.085681,34.273,34.273,0.1585
positive,D,2.0,F-M004,400,0.636898,254.759,254.759,0.3743
positive,D,4.0,F-M001,400,1.275288,510.115,510.115,0.5143
positive,D,4.0,F-M002,400,1.251858,500.743,500.743,0.5318
positive,D,4.0,F-M003,400,0.417910,167.164,167.164,0.3837
positive,D,4.0,F-M004,400,1.356189,542.475,542.475,0.5225
null,NULL,0,F-M001,400,-0.023404,-9.362,-9.362,0.0010
null,NULL,0,F-M002,400,-0.044334,-17.733,-17.733,0.0115
null,NULL,0,F-M003,400,-0.001633,-0.653,-0.653,-0.0223
null,NULL,0,F-M004,400,-0.010273,-4.109,-4.109,-0.0270
null,NULL,1,F-M001,400,-0.027622,-11.049,-11.049,-0.0130
null,NULL,1,F-M002,400,-0.053822,-21.529,-21.529,0.0162
null,NULL,1,F-M003,400,-0.002491,-0.996,-0.996,-0.0072
null,NULL,1,F-M004,400,-0.009988,-3.995,-3.995,-0.0188
null,NULL,2,F-M001,400,-0.029623,-11.849,-11.849,-0.0025
null,NULL,2,F-M002,400,-0.054884,-21.953,-21.953,0.0162
null,NULL,2,F-M003,400,-0.003442,-1.377,-1.377,-0.0118
null,NULL,2,F-M004,400,-0.014874,-5.950,-5.950,-0.0223
null,NULL,3,F-M001,400,-0.026167,-10.467,-10.467,-0.0060
null,NULL,3,F-M002,400,-0.062536,-25.015,-25.015,-0.0235
null,NULL,3,F-M003,400,-0.000997,-0.399,-0.399,0.0232
null,NULL,3,F-M004,400,-0.006910,-2.764,-2.764,-0.0410
null,NULL,4,F-M001,400,-0.022749,-9.100,-9.100,-0.0060
null,NULL,4,F-M002,400,-0.063434,-25.374,-25.374,-0.0468
null,NULL,4,F-M003,400,-0.001068,-0.427,-0.427,0.0127
null,NULL,4,F-M004,400,-0.012300,-4.920,-4.920,0.0022
null,NULL,5,F-M001,400,-0.014302,-5.721,-5.721,0.0407
null,NULL,5,F-M002,400,-0.042672,-17.069,-17.069,0.0045
null,NULL,5,F-M003,400,-0.002460,-0.984,-0.984,-0.0177
null,NULL,5,F-M004,400,-0.008325,-3.330,-3.330,0.0278
null,NULL,6,F-M001,400,-0.014700,-5.880,-5.880,0.0138
null,NULL,6,F-M002,400,-0.061321,-24.529,-24.529,-0.0305
null,NULL,6,F-M003,400,0.001196,0.479,0.479,0.0395
null,NULL,6,F-M004,400,-0.004052,-1.621,-1.621,0.0547
null,NULL,7,F-M001,400,-0.025972,-10.389,-10.389,0.0197
null,NULL,7,F-M002,400,-0.058130,-23.252,-23.252,-0.0013
null,NULL,7,F-M003,400,-0.000287,-0.115,-0.115,0.0255
null,NULL,7,F-M004,400,-0.008163,-3.265,-3.265,-0.0095
null,NULL,8,F-M001,400,-0.029799,-11.920,-11.920,0.0220
null,NULL,8,F-M002,400,-0.053170,-21.268,-21.268,0.0057
null,NULL,8,F-M003,400,-0.001884,-0.754,-0.754,-0.0177
null,NULL,8,F-M004,400,-0.019981,-7.992,-7.992,0.0360
null,NULL,9,F-M001,400,-0.038665,-15.466,-15.466,-0.0422
null,NULL,9,F-M002,400,-0.077942,-31.177,-31.177,-0.0247
null,NULL,9,F-M003,400,-0.003658,-1.463,-1.463,-0.0130
null,NULL,9,F-M004,400,-0.006354,-2.542,-2.542,-0.0200
