model_id,scope,n_scored,mean_d,median_d,cum_d,se,ci95_lo,ci95_hi
F-M000,pooled,6648,-0.000000,-0.000000,-0.0000,0.000000,-0.000000,-0.000000
F-M000,game:florida_lotto,2527,-0.000000,-0.000000,-0.0000,0.000000,-0.000000,-0.000000
F-M000,game:mega_millions,1735,-0.000000,-0.000000,-0.0000,0.000000,-0.000000,-0.000000
F-M000,game:powerball,2386,-0.000000,-0.000000,-0.0000,0.000000,-0.000000,-0.000000
F-M001,pooled,6648,-0.037831,-0.029402,-251.5016,0.003452,-0.044596,-0.031066
F-M001,game:florida_lotto,2527,-0.021706,-0.019989,-54.8502,0.004054,-0.029652,-0.013760
F-M001,game:mega_millions,1735,-0.052164,-0.041847,-90.5037,0.007908,-0.067663,-0.036664
F-M001,game:powerball,2386,-0.044488,-0.040177,-106.1477,0.006389,-0.057011,-0.031965
F-M002,pooled,6648,-0.098198,-0.081044,-652.8190,0.005610,-0.109193,-0.087202
F-M002,game:florida_lotto,2527,-0.082692,-0.079074,-208.9616,0.008156,-0.098677,-0.066706
F-M002,game:mega_millions,1735,-0.116140,-0.085545,-201.5036,0.011536,-0.138751,-0.093529
F-M002,game:powerball,2386,-0.101573,-0.082476,-242.3538,0.009961,-0.121096,-0.082051
F-M003,pooled,6648,-0.001719,-0.000048,-11.4281,0.000827,-0.003341,-0.000097
F-M003,game:florida_lotto,2527,-0.001645,-0.000078,-4.1578,0.000725,-0.003067,-0.000223
F-M003,game:mega_millions,1735,-0.002953,-0.000655,-5.1229,0.002532,-0.007915,0.002009
F-M003,game:powerball,2386,-0.000900,0.000456,-2.1474,0.001157,-0.003167,0.001367
F-M004,pooled,6648,-0.006804,-0.002787,-45.2337,0.001735,-0.010204,-0.003404
F-M004,game:florida_lotto,2527,-0.003888,-0.000494,-9.8239,0.002074,-0.007953,0.000178
F-M004,game:mega_millions,1735,-0.010240,-0.007099,-17.7662,0.004293,-0.018653,-0.001827
F-M004,game:powerball,2386,-0.007395,-0.003569,-17.6436,0.002966,-0.013207,-0.001582
