model_id,statistical_regime_id,n_scored,special_pool,mean_d_special,mean_prob_actual,uniform_prob,top1_hit_rate,rand_top1,top5_hit_rate,rand_top5
F-M000,MM-S01,34,25,0.000000,0.04000,0.04000,0.0294,0.0400,0.1176,0.2000
F-M001,MM-S01,34,25,-0.073074,0.03841,0.04000,0.0588,0.0400,0.1176,0.2000
F-M002,MM-S01,34,25,-0.124911,0.03763,0.04000,0.0294,0.0400,0.1765,0.2000
F-M003,MM-S01,34,25,0.002197,0.04016,0.04000,0.0294,0.0400,0.2647,0.2000
F-M004,MM-S01,34,25,-0.027706,0.03911,0.04000,0.0000,0.0400,0.1471,0.2000
F-M000,MM-S02,173,36,0.000000,0.02778,0.02778,0.0289,0.0278,0.1850,0.1389
F-M001,MM-S02,173,36,-0.046563,0.02718,0.02778,0.0000,0.0278,0.1214,0.1389
F-M002,MM-S02,173,36,-0.085655,0.02722,0.02778,0.0116,0.0278,0.1387,0.1389
F-M003,MM-S02,173,36,-0.006153,0.02770,0.02778,0.0173,0.0278,0.1214,0.1389
F-M004,MM-S02,173,36,-0.003926,0.02790,0.02778,0.0289,0.0278,0.1387,0.1389
F-M000,MM-S03,155,52,0.000000,0.01923,0.01923,0.0129,0.0192,0.0968,0.0962
F-M001,MM-S03,155,52,-0.047218,0.01946,0.01923,0.0323,0.0192,0.1226,0.0962
F-M002,MM-S03,155,52,-0.116469,0.01954,0.01923,0.0194,0.0192,0.1161,0.0962
F-M003,MM-S03,155,52,-0.003083,0.01918,0.01923,0.0000,0.0192,0.1097,0.0962
F-M004,MM-S03,155,52,-0.015947,0.01903,0.01923,0.0065,0.0192,0.0968,0.0962
F-M000,MM-S04,595,46,0.000000,0.02174,0.02174,0.0118,0.0217,0.0891,0.1087
F-M001,MM-S04,595,46,-0.050286,0.02137,0.02174,0.0202,0.0217,0.0840,0.1087
F-M002,MM-S04,595,46,-0.107485,0.02139,0.02174,0.0202,0.0217,0.1025,0.1087
F-M003,MM-S04,595,46,-0.002693,0.02174,0.02174,0.0303,0.0217,0.1311,0.1087
F-M004,MM-S04,595,46,-0.004946,0.02171,0.02174,0.0218,0.0217,0.1059,0.1087
F-M000,MM-S05,234,15,0.000000,0.06667,0.06667,0.0641,0.0667,0.3333,0.3333
F-M001,MM-S05,234,15,-0.022173,0.06617,0.06667,0.0513,0.0667,0.3462,0.3333
F-M002,MM-S05,234,15,-0.050489,0.06532,0.06667,0.0513,0.0667,0.3248,0.3333
F-M003,MM-S05,234,15,-0.001895,0.06672,0.06667,0.0598,0.0667,0.3462,0.3333
F-M004,MM-S05,234,15,-0.008874,0.06679,0.06667,0.0470,0.0667,0.3889,0.3333
F-M000,MM-S06,520,25,0.000000,0.04000,0.04000,0.0327,0.0400,0.1750,0.2000
F-M001,MM-S06,520,25,-0.017726,0.03988,0.04000,0.0385,0.0400,0.2058,0.2000
F-M002,MM-S06,520,25,-0.060119,0.03928,0.04000,0.0423,0.0400,0.1769,0.2000
F-M003,MM-S06,520,25,-0.001067,0.03997,0.04000,0.0481,0.0400,0.2173,0.2000
F-M004,MM-S06,520,25,-0.007096,0.04009,0.04000,0.0288,0.0400,0.2135,0.2000
F-M000,MM-S07,24,24,0.000000,0.04167,0.04167,0.0000,0.0417,0.2083,0.2083
F-M001,MM-S07,24,24,-0.035668,0.04133,0.04167,0.0417,0.0417,0.2500,0.2083
F-M002,MM-S07,24,24,-0.064052,0.04172,0.04167,0.0417,0.0417,0.2917,0.2083
F-M003,MM-S07,24,24,0.004819,0.04190,0.04167,0.0833,0.0417,0.1250,0.2083
F-M004,MM-S07,24,24,0.005579,0.04207,0.04167,0.1250,0.0417,0.2083,0.2083
F-M000,PB-S01,362,45,0.000000,0.02222,0.02222,0.0331,0.0222,0.1215,0.1111
F-M001,PB-S01,362,45,-0.038821,0.02232,0.02222,0.0221,0.0222,0.1464,0.1111
F-M002,PB-S01,362,45,-0.104785,0.02197,0.02222,0.0331,0.0222,0.1271,0.1111
F-M003,PB-S01,362,45,-0.004887,0.02226,0.02222,0.0276,0.0222,0.1298,0.1111
F-M004,PB-S01,362,45,-0.013003,0.02217,0.02222,0.0221,0.0222,0.1188,0.1111
F-M000,PB-S02,311,42,0.000000,0.02381,0.02381,0.0289,0.0238,0.1029,0.1190
F-M001,PB-S02,311,42,-0.041965,0.02355,0.02381,0.0225,0.0238,0.0868,0.1190
F-M002,PB-S02,311,42,-0.099211,0.02334,0.02381,0.0322,0.0238,0.0900,0.1190
F-M003,PB-S02,311,42,-0.002584,0.02378,0.02381,0.0129,0.0238,0.1093,0.1190
F-M004,PB-S02,311,42,-0.015191,0.02371,0.02381,0.0096,0.0238,0.1286,0.1190
F-M000,PB-S03,141,42,0.000000,0.02381,0.02381,0.0355,0.0238,0.1702,0.1190
F-M001,PB-S03,141,42,-0.048893,0.02383,0.02381,0.0213,0.0238,0.1418,0.1190
F-M002,PB-S03,141,42,-0.101781,0.02369,0.02381,0.0213,0.0238,0.1277,0.1190
F-M003,PB-S03,141,42,-0.001889,0.02379,0.02381,0.0213,0.0238,0.0993,0.1190
F-M004,PB-S03,141,42,-0.002278,0.02383,0.02381,0.0284,0.0238,0.1064,0.1190
F-M000,PB-S04,180,42,0.000000,0.02381,0.02381,0.0333,0.0238,0.1778,0.1190
F-M001,PB-S04,180,42,-0.063979,0.02325,0.02381,0.0278,0.0238,0.0944,0.1190
F-M002,PB-S04,180,42,-0.124617,0.02275,0.02381,0.0111,0.0238,0.0889,0.1190
F-M003,PB-S04,180,42,-0.000237,0.02380,0.02381,0.0278,0.0238,0.1444,0.1190
F-M004,PB-S04,180,42,-0.031987,0.02347,0.02381,0.0222,0.0238,0.1111,0.1190
F-M000,PB-S05,152,39,0.000000,0.02564,0.02564,0.0197,0.0256,0.1382,0.1282
F-M001,PB-S05,152,39,-0.023641,0.02635,0.02564,0.0263,0.0256,0.1447,0.1282
F-M002,PB-S05,152,39,-0.079653,0.02602,0.02564,0.0197,0.0256,0.1316,0.1282
F-M003,PB-S05,152,39,-0.003435,0.02570,0.02564,0.0329,0.0256,0.1118,0.1282
F-M004,PB-S05,152,39,-0.004408,0.02567,0.02564,0.0263,0.0256,0.1118,0.1282
F-M000,PB-S06,210,35,0.000000,0.02857,0.02857,0.0286,0.0286,0.1143,0.1429
F-M001,PB-S06,210,35,-0.048410,0.02848,0.02857,0.0524,0.0286,0.1476,0.1429
F-M002,PB-S06,210,35,-0.088311,0.02842,0.02857,0.0381,0.0286,0.1524,0.1429
F-M003,PB-S06,210,35,-0.004938,0.02858,0.02857,0.0429,0.0286,0.1810,0.1429
F-M004,PB-S06,210,35,-0.005124,0.02857,0.02857,0.0429,0.0286,0.1667,0.1429
F-M000,PB-S07,1030,26,0.000000,0.03846,0.03846,0.0359,0.0385,0.2039,0.1923
F-M001,PB-S07,1030,26,-0.018310,0.03827,0.03846,0.0398,0.0385,0.1854,0.1923
F-M002,PB-S07,1030,26,-0.043110,0.03887,0.03846,0.0408,0.0385,0.2010,0.1923
F-M003,PB-S07,1030,26,-0.000530,0.03845,0.03846,0.0311,0.0385,0.1951,0.1923
F-M004,PB-S07,1030,26,-0.007183,0.03858,0.03846,0.0495,0.0385,0.1718,0.1923
