model_id,statistical_regime_id,game_id,n_scored,mean_d,median_d,cum_d,se,ci95_lo,ci95_hi
F-M000,FL-S01,florida_lotto,379,-0.000000,-0.000000,-0.0000,0.000000,-0.000000,-0.000000
F-M000,FL-S02,florida_lotto,2148,-0.000000,-0.000000,-0.0000,0.000000,-0.000000,-0.000000
F-M000,MM-S01,mega_millions,34,-0.000000,-0.000000,-0.0000,0.000000,-0.000000,-0.000000
F-M000,MM-S02,mega_millions,173,-0.000000,-0.000000,-0.0000,0.000000,-0.000000,-0.000000
F-M000,MM-S03,mega_millions,155,-0.000000,-0.000000,-0.0000,0.000000,-0.000000,-0.000000
F-M000,MM-S04,mega_millions,595,-0.000000,-0.000000,-0.0000,0.000000,-0.000000,-0.000000
F-M000,MM-S05,mega_millions,234,-0.000000,-0.000000,-0.0000,0.000000,-0.000000,-0.000000
F-M000,MM-S06,mega_millions,520,-0.000000,-0.000000,-0.0000,0.000000,-0.000000,-0.000000
F-M000,MM-S07,mega_millions,24,-0.000000,-0.000000,-0.0000,0.000000,-0.000000,-0.000000
F-M000,PB-S01,powerball,362,-0.000000,-0.000000,-0.0000,0.000000,-0.000000,-0.000000
F-M000,PB-S02,powerball,311,-0.000000,-0.000000,-0.0000,0.000000,-0.000000,-0.000000
F-M000,PB-S03,powerball,141,-0.000000,-0.000000,-0.0000,0.000000,-0.000000,-0.000000
F-M000,PB-S04,powerball,180,-0.000000,-0.000000,-0.0000,0.000000,-0.000000,-0.000000
F-M000,PB-S05,powerball,152,-0.000000,-0.000000,-0.0000,0.000000,-0.000000,-0.000000
F-M000,PB-S06,powerball,210,-0.000000,-0.000000,-0.0000,0.000000,-0.000000,-0.000000
F-M000,PB-S07,powerball,1030,-0.000000,-0.000000,-0.0000,0.000000,-0.000000,-0.000000
F-M001,FL-S01,florida_lotto,379,-0.013179,-0.002279,-4.9949,0.015717,-0.043983,0.017625
F-M001,FL-S02,florida_lotto,2148,-0.023210,-0.021701,-49.8553,0.003882,-0.030818,-0.015602
F-M001,MM-S01,mega_millions,34,-0.067761,-0.101713,-2.3039,0.055563,-0.176665,0.041143
F-M001,MM-S02,mega_millions,173,-0.043081,-0.030520,-7.4530,0.022121,-0.086438,0.000276
F-M001,MM-S03,mega_millions,155,-0.035550,-0.020044,-5.5103,0.026778,-0.088034,0.016933
F-M001,MM-S04,mega_millions,595,-0.047990,-0.041847,-28.5541,0.011498,-0.070527,-0.025453
F-M001,MM-S05,mega_millions,234,-0.063148,-0.079501,-14.7767,0.026217,-0.114533,-0.011763
F-M001,MM-S06,mega_millions,520,-0.055917,-0.034950,-29.0767,0.015584,-0.086462,-0.025371
F-M001,MM-S07,mega_millions,24,-0.117881,-0.038005,-2.8291,0.074010,-0.262941,0.027180
F-M001,PB-S01,powerball,362,-0.029122,-0.012740,-10.5423,0.014933,-0.058392,0.000147
F-M001,PB-S02,powerball,311,-0.061956,-0.067160,-19.2684,0.014136,-0.089662,-0.034250
F-M001,PB-S03,powerball,141,-0.040347,-0.025933,-5.6889,0.027661,-0.094563,0.013869
F-M001,PB-S04,powerball,180,-0.059282,-0.022540,-10.6708,0.023658,-0.105652,-0.012912
F-M001,PB-S05,powerball,152,-0.003400,0.045375,-0.5168,0.034579,-0.071174,0.064374
F-M001,PB-S06,powerball,210,-0.080078,-0.065422,-16.8164,0.020452,-0.120164,-0.039993
F-M001,PB-S07,powerball,1030,-0.041402,-0.042985,-42.6442,0.009916,-0.060837,-0.021967
F-M002,FL-S01,florida_lotto,379,-0.058951,-0.062705,-22.3425,0.021705,-0.101493,-0.016410
F-M002,FL-S02,florida_lotto,2148,-0.086880,-0.085014,-186.6190,0.008796,-0.104121,-0.069640
F-M002,MM-S01,mega_millions,34,-0.164964,-0.135650,-5.6088,0.083092,-0.327824,-0.002104
F-M002,MM-S02,mega_millions,173,-0.093132,-0.070756,-16.1118,0.031628,-0.155123,-0.031140
F-M002,MM-S03,mega_millions,155,-0.069005,-0.041519,-10.6957,0.038532,-0.144527,0.006518
F-M002,MM-S04,mega_millions,595,-0.117457,-0.095184,-69.8869,0.018175,-0.153080,-0.081834
F-M002,MM-S05,mega_millions,234,-0.149329,-0.115472,-34.9430,0.036432,-0.220735,-0.077923
F-M002,MM-S06,mega_millions,520,-0.112051,-0.072583,-58.2664,0.021946,-0.155065,-0.069036
F-M002,MM-S07,mega_millions,24,-0.249622,-0.154266,-5.9909,0.113579,-0.472237,-0.027007
F-M002,PB-S01,powerball,362,-0.068572,-0.053768,-24.8229,0.022174,-0.112033,-0.025110
F-M002,PB-S02,powerball,311,-0.092659,-0.065368,-28.8169,0.025348,-0.142342,-0.042976
F-M002,PB-S03,powerball,141,-0.085635,-0.066298,-12.0746,0.039838,-0.163717,-0.007554
F-M002,PB-S04,powerball,180,-0.094712,-0.059041,-17.0482,0.034538,-0.162406,-0.027018
F-M002,PB-S05,powerball,152,-0.046920,-0.029681,-7.1318,0.044103,-0.133362,0.039523
F-M002,PB-S06,powerball,210,-0.132524,-0.117434,-27.8300,0.032069,-0.195380,-0.069668
F-M002,PB-S07,powerball,1030,-0.121000,-0.117087,-124.6296,0.016176,-0.152705,-0.089295
F-M003,FL-S01,florida_lotto,379,-0.007000,-0.000838,-2.6530,0.004030,-0.014899,0.000899
F-M003,FL-S02,florida_lotto,2148,-0.000701,-0.000035,-1.5048,0.000470,-0.001622,0.000221
F-M003,MM-S01,mega_millions,34,0.002495,0.014452,0.0848,0.010247,-0.017590,0.022580
F-M003,MM-S02,mega_millions,173,-0.006419,-0.002182,-1.1106,0.007886,-0.021876,0.009037
F-M003,MM-S03,mega_millions,155,-0.001184,-0.000300,-0.1836,0.002643,-0.006364,0.003995
F-M003,MM-S04,mega_millions,595,0.000056,0.000673,0.0335,0.006449,-0.012584,0.012697
F-M003,MM-S05,mega_millions,234,-0.002175,-0.001057,-0.5088,0.003385,-0.008809,0.004459
F-M003,MM-S06,mega_millions,520,-0.006466,-0.000842,-3.3624,0.002579,-0.011522,-0.001410
F-M003,MM-S07,mega_millions,24,-0.003159,-0.003421,-0.0758,0.004342,-0.011670,0.005352
F-M003,PB-S01,powerball,362,-0.000196,-0.000053,-0.0709,0.004960,-0.009917,0.009526
F-M003,PB-S02,powerball,311,-0.000959,0.000360,-0.2981,0.002917,-0.006676,0.004759
F-M003,PB-S03,powerball,141,0.001543,0.005199,0.2175,0.005944,-0.010108,0.013193
F-M003,PB-S04,powerball,180,0.000146,0.001029,0.0263,0.001825,-0.003431,0.003724
F-M003,PB-S05,powerball,152,-0.000033,0.007814,-0.0050,0.007894,-0.015506,0.015440
F-M003,PB-S06,powerball,210,-0.004047,-0.000043,-0.8499,0.003081,-0.010086,0.001992
F-M003,PB-S07,powerball,1030,-0.001133,0.000251,-1.1674,0.000933,-0.002962,0.000695
F-M004,FL-S01,florida_lotto,379,-0.011422,-0.006811,-4.3289,0.009089,-0.029236,0.006392
F-M004,FL-S02,florida_lotto,2148,-0.002558,0.000048,-5.4950,0.001839,-0.006163,0.001047
F-M004,MM-S01,mega_millions,34,0.044162,0.040527,1.5015,0.040360,-0.034944,0.123267
F-M004,MM-S02,mega_millions,173,-0.013295,0.009120,-2.3001,0.011961,-0.036739,0.010148
F-M004,MM-S03,mega_millions,155,-0.006586,-0.009781,-1.0208,0.008319,-0.022890,0.009719
F-M004,MM-S04,mega_millions,595,-0.006285,-0.013600,-3.7395,0.009732,-0.025359,0.012789
F-M004,MM-S05,mega_millions,234,-0.002894,-0.002686,-0.6773,0.006534,-0.015701,0.009912
F-M004,MM-S06,mega_millions,520,-0.021327,-0.008900,-11.0900,0.006449,-0.033967,-0.008687
F-M004,MM-S07,mega_millions,24,-0.018336,-0.045959,-0.4401,0.029498,-0.076153,0.039480
F-M004,PB-S01,powerball,362,-0.016447,-0.008904,-5.9537,0.008999,-0.034085,0.001191
F-M004,PB-S02,powerball,311,-0.003008,-0.003888,-0.9356,0.010454,-0.023499,0.017482
F-M004,PB-S03,powerball,141,-0.011236,-0.005193,-1.5843,0.012255,-0.035256,0.012785
F-M004,PB-S04,powerball,180,-0.002441,0.005219,-0.4393,0.006318,-0.014823,0.009942
F-M004,PB-S05,powerball,152,0.011804,-0.000588,1.7942,0.020125,-0.027642,0.051250
F-M004,PB-S06,powerball,210,-0.007609,-0.006655,-1.5979,0.006948,-0.021226,0.006008
F-M004,PB-S07,powerball,1030,-0.008667,-0.002353,-8.9270,0.003524,-0.015575,-0.001759
