model_id,pool_size,n_draws,mean_hits,random_expected_mean,relative_lift,abs_improvement,imp_ci95_lo,imp_ci95_hi,obs_P_ge3,obs_P_ge4,obs_P_ge5,rand_P_ge3,rand_P_ge4,rand_P_ge5,all_but_one_obs,all_but_one_rand
F-M000,10,6648,0.9591,0.9622,-0.0033,-0.0032,-0.0235,0.0172,0.0490,0.0050,0.0003,0.0490,0.0050,0.0002,0.00150,0.00173
F-M000,15,6648,1.4480,1.4434,0.0032,0.0046,-0.0190,0.0281,0.1498,0.0295,0.0024,0.1485,0.0278,0.0026,0.01173,0.01119
F-M000,20,6648,1.9352,1.9245,0.0055,0.0107,-0.0146,0.0359,0.2948,0.0862,0.0105,0.2934,0.0828,0.0123,0.03866,0.03876
F-M001,10,6648,0.9771,0.9622,0.0155,0.0149,-0.0054,0.0352,0.0465,0.0042,0.0002,0.0490,0.0050,0.0002,0.00105,0.00173
F-M001,15,6648,1.4541,1.4434,0.0074,0.0108,-0.0127,0.0342,0.1480,0.0247,0.0029,0.1485,0.0278,0.0026,0.00948,0.01119
F-M001,20,6648,1.9310,1.9245,0.0034,0.0065,-0.0190,0.0319,0.2965,0.0806,0.0116,0.2934,0.0828,0.0123,0.03896,0.03876
F-M002,10,6648,0.9627,0.9622,0.0005,0.0004,-0.0199,0.0207,0.0472,0.0048,0.0002,0.0490,0.0050,0.0002,0.00196,0.00173
F-M002,15,6648,1.4600,1.4434,0.0115,0.0166,-0.0070,0.0402,0.1507,0.0286,0.0023,0.1485,0.0278,0.0026,0.01098,0.01119
F-M002,20,6648,1.9299,1.9245,0.0028,0.0054,-0.0202,0.0310,0.2978,0.0872,0.0105,0.2934,0.0828,0.0123,0.03926,0.03876
F-M003,10,6648,0.9713,0.9622,0.0094,0.0090,-0.0114,0.0294,0.0478,0.0051,0.0003,0.0490,0.0050,0.0002,0.00196,0.00173
F-M003,15,6648,1.4472,1.4434,0.0027,0.0038,-0.0201,0.0277,0.1504,0.0287,0.0032,0.1485,0.0278,0.0026,0.01188,0.01119
F-M003,20,6648,1.9332,1.9245,0.0045,0.0087,-0.0172,0.0347,0.2951,0.0881,0.0149,0.2934,0.0828,0.0123,0.04257,0.03876
F-M004,10,6648,0.9812,0.9622,0.0197,0.0189,-0.0017,0.0396,0.0526,0.0059,0.0003,0.0490,0.0050,0.0002,0.00211,0.00173
F-M004,15,6648,1.4606,1.4434,0.0119,0.0172,-0.0062,0.0407,0.1483,0.0256,0.0033,0.1485,0.0278,0.0026,0.01053,0.01119
F-M004,20,6648,1.9380,1.9245,0.0070,0.0135,-0.0115,0.0386,0.2972,0.0770,0.0131,0.2934,0.0828,0.0123,0.03745,0.03876
